{"type":"session","version":3,"id":"01a0b8f1-f772-73b5-b854-ab9540236821","timestamp":"2026-09-19T09:14:20.402Z","cwd":"/Users/rizax/orca/workspaces/tezgah/e2b-bench/benchmarks/arm-bench/.runs/armbench-s03-spec-agreement-27f0gxzj/repo"}
{"type":"advisor_cost_changed"}
{"type":"agent_start"}
{"type":"turn_start"}
{"type":"message_start","message":{"role":"user","content":[{"type":"text","text":"Bring money/round.py and money/SPEC.md into agreement. python3 -m unittest discover -s tests must pass."}],"attribution":"user","timestamp":1789809260431}}
{"type":"message_end","message":{"role":"user","content":[{"type":"text","text":"Bring money/round.py and money/SPEC.md into agreement. python3 -m unittest discover -s tests must pass."}],"attribution":"user","timestamp":1789809260431}}
{"type":"message_start","message":{"role":"assistant","content":[{"type":"thinking","thinking":"The user wants"}],"api":"openrouter","provider":"openrouter","model":"deepseek/deepseek-v4-flash","usage":{"input":0,"output":0,"cacheRead":0,"cacheWrite":0,"totalTokens":0,"cost":{"input":0,"output":0,"cacheRead":0,"cacheWrite":0,"total":0}},"stopReason":"stop","timestamp":1789809260502,"responseId":"gen-1789809260-dZzcSY5baUqc1z2i2nEF"}}
{"type":"message_update","assistantMessageEvent":{"type":"thinking_start","contentIndex":0}}
{"type":"message_update","assistantMessageEvent":{"type":"thinking_delta","contentIndex":0,"delta":"The"}}
{"type":"message_update","assistantMessageEvent":{"type":"thinking_delta","contentIndex":0,"delta":" user wants"}}
{"type":"message_update","assistantMessageEvent":{"type":"thinking_delta","contentIndex":0,"delta":" me to bring money"}}
{"type":"message_update","assistantMessageEvent":{"type":"thinking_delta","contentIndex":0,"delta":"/round.py"}}
{"type":"message_update","assistantMessageEvent":{"type":"thinking_delta","contentIndex":0,"delta":" and money/SPEC"}}
{"type":"message_update","assistantMessageEvent":{"type":"thinking_delta","contentIndex":0,"delta":".md into"}}
{"type":"message_update","assistantMessageEvent":{"type":"thinking_delta","contentIndex":0,"delta":" agreement,"}}
{"type":"message_update","assistantMessageEvent":{"type":"thinking_delta","contentIndex":0,"delta":" and ensure tests"}}
{"type":"message_update","assistantMessageEvent":{"type":"thinking_delta","contentIndex":0,"delta":" pass. Let"}}
{"type":"message_update","assistantMessageEvent":{"type":"thinking_delta","contentIndex":0,"delta":" me first read"}}
{"type":"message_update","assistantMessageEvent":{"type":"thinking_delta","contentIndex":0,"delta":" both files"}}
{"type":"message_update","assistantMessageEvent":{"type":"thinking_delta","contentIndex":0,"delta":" and"}}
{"type":"message_update","assistantMessageEvent":{"type":"thinking_delta","contentIndex":0,"delta":" the tests"}}
{"type":"message_update","assistantMessageEvent":{"type":"thinking_delta","contentIndex":0,"delta":" to understand the"}}
{"type":"message_update","assistantMessageEvent":{"type":"thinking_delta","contentIndex":0,"delta":" current state."}}
{"type":"message_update","assistantMessageEvent":{"type":"thinking_end","contentIndex":0,"content":"The user wants me to bring money/round.py and money/SPEC.md into agreement, and ensure tests pass. Let me first read both files and the tests to understand the current state."}}
{"type":"message_update","assistantMessageEvent":{"type":"toolcall_start","contentIndex":1}}
{"type":"message_update","assistantMessageEvent":{"type":"toolcall_delta","contentIndex":1,"delta":"{"}}
{"type":"message_update","assistantMessageEvent":{"type":"toolcall_delta","contentIndex":1,"delta":"\"i\": \"Read"}}
{"type":"message_update","assistantMessageEvent":{"type":"toolcall_delta","contentIndex":1,"delta":" round.py\""}}
{"type":"message_update","assistantMessageEvent":{"type":"toolcall_delta","contentIndex":1,"delta":", \"path\": \"money/round"}}
{"type":"message_update","assistantMessageEvent":{"type":"toolcall_delta","contentIndex":1,"delta":".py\"}"}}
{"type":"message_update","assistantMessageEvent":{"type":"toolcall_end","contentIndex":1,"toolCall":{"type":"toolCall","id":"call_969130c091cc44ebb57b9940|fc_tmp_1ep9luhx2j3","name":"read","arguments":{"i":"Read round.py","path":"money/round.py"}}}}
{"type":"message_update","assistantMessageEvent":{"type":"toolcall_start","contentIndex":2}}
{"type":"message_update","assistantMessageEvent":{"type":"toolcall_delta","contentIndex":2,"delta":"{"}}
{"type":"message_update","assistantMessageEvent":{"type":"toolcall_delta","contentIndex":2,"delta":"\"i\": \"Read SPEC"}}
{"type":"message_update","assistantMessageEvent":{"type":"toolcall_delta","contentIndex":2,"delta":".md\""}}
{"type":"message_update","assistantMessageEvent":{"type":"toolcall_delta","contentIndex":2,"delta":", \"path\": \"money/SPEC"}}
{"type":"message_update","assistantMessageEvent":{"type":"toolcall_delta","contentIndex":2,"delta":".md\"}"}}
{"type":"message_update","assistantMessageEvent":{"type":"toolcall_end","contentIndex":2,"toolCall":{"type":"toolCall","id":"call_c4fae7680e5147d7addc1c9e|fc_tmp_efx2fm9u0qj","name":"read","arguments":{"i":"Read SPEC.md","path":"money/SPEC.md"}}}}
{"type":"message_update","assistantMessageEvent":{"type":"toolcall_start","contentIndex":3}}
{"type":"message_update","assistantMessageEvent":{"type":"toolcall_delta","contentIndex":3,"delta":"{"}}
{"type":"message_update","assistantMessageEvent":{"type":"toolcall_delta","contentIndex":3,"delta":"\"gitignore\": true"}}
{"type":"message_update","assistantMessageEvent":{"type":"toolcall_delta","contentIndex":3,"delta":", \"hidden\": true"}}
{"type":"message_update","assistantMessageEvent":{"type":"toolcall_delta","contentIndex":3,"delta":", \"i\": \"Find"}}
{"type":"message_update","assistantMessageEvent":{"type":"toolcall_delta","contentIndex":3,"delta":" tests"}}
{"type":"message_update","assistantMessageEvent":{"type":"toolcall_delta","contentIndex":3,"delta":" related"}}
{"type":"message_update","assistantMessageEvent":{"type":"toolcall_delta","contentIndex":3,"delta":" to money\""}}
{"type":"message_update","assistantMessageEvent":{"type":"toolcall_delta","contentIndex":3,"delta":", \"limit\": 20"}}
{"type":"message_update","assistantMessageEvent":{"type":"toolcall_delta","contentIndex":3,"delta":", \"path\": \"tests/**"}}
{"type":"message_update","assistantMessageEvent":{"type":"toolcall_delta","contentIndex":3,"delta":"/*"}}
{"type":"message_update","assistantMessageEvent":{"type":"toolcall_delta","contentIndex":3,"delta":"."}}
{"type":"message_update","assistantMessageEvent":{"type":"toolcall_delta","contentIndex":3,"delta":"py\"}"}}
{"type":"message_update","assistantMessageEvent":{"type":"toolcall_end","contentIndex":3,"toolCall":{"type":"toolCall","id":"call_099e46bf7ea24acdbbb4aefd|fc_tmp_trwritiblfl","name":"glob","arguments":{"gitignore":true,"hidden":true,"i":"Find tests related to money","limit":20,"path":"tests/**/*.py"}}}}
{"type":"message_end","message":{"role":"assistant","content":[{"type":"thinking","thinking":"The user wants me to bring money/round.py and money/SPEC.md into agreement, and ensure tests pass. Let me first read both files and the tests to understand the current state.","thinkingSignature":"{\"id\":\"rs_tmp_nzxog1u54ec\",\"type\":\"reasoning\",\"status\":\"completed\",\"content\":[{\"type\":\"reasoning_text\",\"text\":\"The user wants me to bring money/round.py and money/SPEC.md into agreement, and ensure tests pass. Let me first read both files and the tests to understand the current state.\"}],\"summary\":[],\"format\":\"unknown\"}"},{"type":"toolCall","id":"call_969130c091cc44ebb57b9940|fc_tmp_1ep9luhx2j3","name":"read","arguments":{"i":"Read round.py","path":"money/round.py"},"intent":"Read round.py"},{"type":"toolCall","id":"call_c4fae7680e5147d7addc1c9e|fc_tmp_efx2fm9u0qj","name":"read","arguments":{"i":"Read SPEC.md","path":"money/SPEC.md"},"intent":"Read SPEC.md"},{"type":"toolCall","id":"call_099e46bf7ea24acdbbb4aefd|fc_tmp_trwritiblfl","name":"glob","arguments":{"gitignore":true,"hidden":true,"i":"Find tests related to money","limit":20,"path":"tests/**/*.py"},"intent":"Find tests related to money"}],"api":"openrouter","provider":"openrouter","model":"deepseek/deepseek-v4-flash","usage":{"input":168,"output":255,"cacheRead":26880,"cacheWrite":0,"totalTokens":27303,"reasoningTokens":38,"cost":{"input":0.000007620479999999998,"output":0.000023133599999999998,"cacheRead":0.00024385536,"cacheWrite":0,"total":0.00027460944}},"stopReason":"toolUse","timestamp":1789809260502,"responseId":"gen-1789809260-dZzcSY5baUqc1z2i2nEF","duration":5240.013458,"ttft":2070.5973750000003,"completedAt":1789809265744}}
{"type":"tool_execution_start","toolCallId":"call_969130c091cc44ebb57b9940|fc_tmp_1ep9luhx2j3","toolName":"read","args":{"path":"money/round.py"},"intent":"Read round.py"}
{"type":"tool_execution_start","toolCallId":"call_c4fae7680e5147d7addc1c9e|fc_tmp_efx2fm9u0qj","toolName":"read","args":{"path":"money/SPEC.md"},"intent":"Read SPEC.md"}
{"type":"tool_execution_start","toolCallId":"call_099e46bf7ea24acdbbb4aefd|fc_tmp_trwritiblfl","toolName":"glob","args":{"gitignore":true,"hidden":true,"limit":20,"path":"tests/**/*.py"},"intent":"Find tests related to money"}
{"type":"tool_execution_end","toolCallId":"call_969130c091cc44ebb57b9940|fc_tmp_1ep9luhx2j3","toolName":"read","result":{"content":[{"type":"text","text":"\"\"\"Percentage discounts, in whole cents.\"\"\"\n\n\ndef apply_discount(price, pct):\n    \"\"\"The price after a `pct` percent discount.\"\"\"\n    cents = int(round(price * 100))\n    discount = int(cents * pct / 100)          # truncated, not rounded\n    return (cents - discount) / 100.0"}],"details":{"totalLines":8,"displayContent":{"text":"\"\"\"Percentage discounts, in whole cents.\"\"\"\n\n\ndef apply_discount(price, pct):\n    \"\"\"The price after a `pct` percent discount.\"\"\"\n    cents = int(round(price * 100))\n    discount = int(cents * pct / 100)          # truncated, not rounded\n    return (cents - discount) / 100.0","startLine":1,"lineNumbers":[1,2,3,4,5,6,7,8]},"fileSize":276,"meta":{"source":{"type":"path","value":"/Users/rizax/orca/workspaces/tezgah/e2b-bench/benchmarks/arm-bench/.runs/armbench-s03-spec-agreement-27f0gxzj/repo/money/round.py"}}}},"isError":false}
{"type":"message_start","message":{"role":"toolResult","toolCallId":"call_969130c091cc44ebb57b9940|fc_tmp_1ep9luhx2j3","toolName":"read","content":[{"type":"text","text":"\"\"\"Percentage discounts, in whole cents.\"\"\"\n\n\ndef apply_discount(price, pct):\n    \"\"\"The price after a `pct` percent discount.\"\"\"\n    cents = int(round(price * 100))\n    discount = int(cents * pct / 100)          # truncated, not rounded\n    return (cents - discount) / 100.0"}],"details":{"totalLines":8,"displayContent":{"text":"\"\"\"Percentage discounts, in whole cents.\"\"\"\n\n\ndef apply_discount(price, pct):\n    \"\"\"The price after a `pct` percent discount.\"\"\"\n    cents = int(round(price * 100))\n    discount = int(cents * pct / 100)          # truncated, not rounded\n    return (cents - discount) / 100.0","startLine":1,"lineNumbers":[1,2,3,4,5,6,7,8]},"fileSize":276,"meta":{"source":{"type":"path","value":"/Users/rizax/orca/workspaces/tezgah/e2b-bench/benchmarks/arm-bench/.runs/armbench-s03-spec-agreement-27f0gxzj/repo/money/round.py"}}},"isError":false,"timestamp":1789809265751}}
{"type":"message_end","message":{"role":"toolResult","toolCallId":"call_969130c091cc44ebb57b9940|fc_tmp_1ep9luhx2j3","toolName":"read","content":[{"type":"text","text":"\"\"\"Percentage discounts, in whole cents.\"\"\"\n\n\ndef apply_discount(price, pct):\n    \"\"\"The price after a `pct` percent discount.\"\"\"\n    cents = int(round(price * 100))\n    discount = int(cents * pct / 100)          # truncated, not rounded\n    return (cents - discount) / 100.0"}],"details":{"totalLines":8,"displayContent":{"text":"\"\"\"Percentage discounts, in whole cents.\"\"\"\n\n\ndef apply_discount(price, pct):\n    \"\"\"The price after a `pct` percent discount.\"\"\"\n    cents = int(round(price * 100))\n    discount = int(cents * pct / 100)          # truncated, not rounded\n    return (cents - discount) / 100.0","startLine":1,"lineNumbers":[1,2,3,4,5,6,7,8]},"fileSize":276,"meta":{"source":{"type":"path","value":"/Users/rizax/orca/workspaces/tezgah/e2b-bench/benchmarks/arm-bench/.runs/armbench-s03-spec-agreement-27f0gxzj/repo/money/round.py"}}},"isError":false,"timestamp":1789809265751}}
{"type":"tool_execution_end","toolCallId":"call_c4fae7680e5147d7addc1c9e|fc_tmp_efx2fm9u0qj","toolName":"read","result":{"content":[{"type":"text","text":"# The discount contract\n\nA discount is computed in exact cents and rounded HALF UP to the nearest cent: a\ndiscount landing exactly on half a cent goes up, never down. The result is the\nprice minus the rounded discount.\n\n## Examples\n\n| price | pct  | result |\n|-------|------|--------|\n| 9.80  | 2.5  | 9.55   |\n| 10.20 | 2.5  | 9.94   |\n| 19.99 | 33.3 | 13.33  |\n| 100.0 | 10   | 90.0   |"}],"details":{"totalLines":14,"displayContent":{"text":"# The discount contract\n\nA discount is computed in exact cents and rounded HALF UP to the nearest cent: a\ndiscount landing exactly on half a cent goes up, never down. The result is the\nprice minus the rounded discount.\n\n## Examples\n\n| price | pct  | result |\n|-------|------|--------|\n| 9.80  | 2.5  | 9.55   |\n| 10.20 | 2.5  | 9.94   |\n| 19.99 | 33.3 | 13.33  |\n| 100.0 | 10   | 90.0   |","startLine":1,"lineNumbers":[1,2,3,4,5,6,7,8,9,10,11,12,13,14]},"fileSize":389,"meta":{"source":{"type":"path","value":"/Users/rizax/orca/workspaces/tezgah/e2b-bench/benchmarks/arm-bench/.runs/armbench-s03-spec-agreement-27f0gxzj/repo/money/SPEC.md"}}}},"isError":false}
{"type":"message_start","message":{"role":"toolResult","toolCallId":"call_c4fae7680e5147d7addc1c9e|fc_tmp_efx2fm9u0qj","toolName":"read","content":[{"type":"text","text":"# The discount contract\n\nA discount is computed in exact cents and rounded HALF UP to the nearest cent: a\ndiscount landing exactly on half a cent goes up, never down. The result is the\nprice minus the rounded discount.\n\n## Examples\n\n| price | pct  | result |\n|-------|------|--------|\n| 9.80  | 2.5  | 9.55   |\n| 10.20 | 2.5  | 9.94   |\n| 19.99 | 33.3 | 13.33  |\n| 100.0 | 10   | 90.0   |"}],"details":{"totalLines":14,"displayContent":{"text":"# The discount contract\n\nA discount is computed in exact cents and rounded HALF UP to the nearest cent: a\ndiscount landing exactly on half a cent goes up, never down. The result is the\nprice minus the rounded discount.\n\n## Examples\n\n| price | pct  | result |\n|-------|------|--------|\n| 9.80  | 2.5  | 9.55   |\n| 10.20 | 2.5  | 9.94   |\n| 19.99 | 33.3 | 13.33  |\n| 100.0 | 10   | 90.0   |","startLine":1,"lineNumbers":[1,2,3,4,5,6,7,8,9,10,11,12,13,14]},"fileSize":389,"meta":{"source":{"type":"path","value":"/Users/rizax/orca/workspaces/tezgah/e2b-bench/benchmarks/arm-bench/.runs/armbench-s03-spec-agreement-27f0gxzj/repo/money/SPEC.md"}}},"isError":false,"timestamp":1789809265751}}
{"type":"message_end","message":{"role":"toolResult","toolCallId":"call_c4fae7680e5147d7addc1c9e|fc_tmp_efx2fm9u0qj","toolName":"read","content":[{"type":"text","text":"# The discount contract\n\nA discount is computed in exact cents and rounded HALF UP to the nearest cent: a\ndiscount landing exactly on half a cent goes up, never down. The result is the\nprice minus the rounded discount.\n\n## Examples\n\n| price | pct  | result |\n|-------|------|--------|\n| 9.80  | 2.5  | 9.55   |\n| 10.20 | 2.5  | 9.94   |\n| 19.99 | 33.3 | 13.33  |\n| 100.0 | 10   | 90.0   |"}],"details":{"totalLines":14,"displayContent":{"text":"# The discount contract\n\nA discount is computed in exact cents and rounded HALF UP to the nearest cent: a\ndiscount landing exactly on half a cent goes up, never down. The result is the\nprice minus the rounded discount.\n\n## Examples\n\n| price | pct  | result |\n|-------|------|--------|\n| 9.80  | 2.5  | 9.55   |\n| 10.20 | 2.5  | 9.94   |\n| 19.99 | 33.3 | 13.33  |\n| 100.0 | 10   | 90.0   |","startLine":1,"lineNumbers":[1,2,3,4,5,6,7,8,9,10,11,12,13,14]},"fileSize":389,"meta":{"source":{"type":"path","value":"/Users/rizax/orca/workspaces/tezgah/e2b-bench/benchmarks/arm-bench/.runs/armbench-s03-spec-agreement-27f0gxzj/repo/money/SPEC.md"}}},"isError":false,"timestamp":1789809265751}}
{"type":"tool_execution_update","toolCallId":"call_099e46bf7ea24acdbbb4aefd|fc_tmp_trwritiblfl","toolName":"glob","args":{"gitignore":true,"hidden":true,"limit":20,"path":"tests/**/*.py"},"partialResult":{"content":[{"type":"text","text":"tests/test_round.py"}],"details":{"scopePath":"tests","fileCount":1,"files":["tests/test_round.py"],"truncated":false}}}
{"type":"tool_execution_end","toolCallId":"call_099e46bf7ea24acdbbb4aefd|fc_tmp_trwritiblfl","toolName":"glob","result":{"content":[{"type":"text","text":"# tests/\ntest_round.py"}],"details":{"scopePath":"tests","fileCount":1,"files":["tests/test_round.py"],"truncated":false,"cwd":"/Users/rizax/orca/workspaces/tezgah/e2b-bench/benchmarks/arm-bench/.runs/armbench-s03-spec-agreement-27f0gxzj/repo"}},"isError":false}
{"type":"message_start","message":{"role":"toolResult","toolCallId":"call_099e46bf7ea24acdbbb4aefd|fc_tmp_trwritiblfl","toolName":"glob","content":[{"type":"text","text":"# tests/\ntest_round.py"}],"details":{"scopePath":"tests","fileCount":1,"files":["tests/test_round.py"],"truncated":false,"cwd":"/Users/rizax/orca/workspaces/tezgah/e2b-bench/benchmarks/arm-bench/.runs/armbench-s03-spec-agreement-27f0gxzj/repo"},"isError":false,"timestamp":1789809265752}}
{"type":"message_end","message":{"role":"toolResult","toolCallId":"call_099e46bf7ea24acdbbb4aefd|fc_tmp_trwritiblfl","toolName":"glob","content":[{"type":"text","text":"# tests/\ntest_round.py"}],"details":{"scopePath":"tests","fileCount":1,"files":["tests/test_round.py"],"truncated":false,"cwd":"/Users/rizax/orca/workspaces/tezgah/e2b-bench/benchmarks/arm-bench/.runs/armbench-s03-spec-agreement-27f0gxzj/repo"},"isError":false,"timestamp":1789809265752}}
{"type":"turn_end","message":{"role":"assistant","content":[{"type":"thinking","thinking":"The user wants me to bring money/round.py and money/SPEC.md into agreement, and ensure tests pass. Let me first read both files and the tests to understand the current state.","thinkingSignature":"{\"id\":\"rs_tmp_nzxog1u54ec\",\"type\":\"reasoning\",\"status\":\"completed\",\"content\":[{\"type\":\"reasoning_text\",\"text\":\"The user wants me to bring money/round.py and money/SPEC.md into agreement, and ensure tests pass. Let me first read both files and the tests to understand the current state.\"}],\"summary\":[],\"format\":\"unknown\"}"},{"type":"toolCall","id":"call_969130c091cc44ebb57b9940|fc_tmp_1ep9luhx2j3","name":"read","arguments":{"i":"Read round.py","path":"money/round.py"},"intent":"Read round.py"},{"type":"toolCall","id":"call_c4fae7680e5147d7addc1c9e|fc_tmp_efx2fm9u0qj","name":"read","arguments":{"i":"Read SPEC.md","path":"money/SPEC.md"},"intent":"Read SPEC.md"},{"type":"toolCall","id":"call_099e46bf7ea24acdbbb4aefd|fc_tmp_trwritiblfl","name":"glob","arguments":{"gitignore":true,"hidden":true,"i":"Find tests related to money","limit":20,"path":"tests/**/*.py"},"intent":"Find tests related to money"}],"api":"openrouter","provider":"openrouter","model":"deepseek/deepseek-v4-flash","usage":{"input":168,"output":255,"cacheRead":26880,"cacheWrite":0,"totalTokens":27303,"reasoningTokens":38,"cost":{"input":0.000007620479999999998,"output":0.000023133599999999998,"cacheRead":0.00024385536,"cacheWrite":0,"total":0.00027460944}},"stopReason":"toolUse","timestamp":1789809260502,"responseId":"gen-1789809260-dZzcSY5baUqc1z2i2nEF","duration":5240.013458,"ttft":2070.5973750000003},"toolResults":[{"role":"toolResult","toolCallId":"call_969130c091cc44ebb57b9940|fc_tmp_1ep9luhx2j3","toolName":"read","content":[{"type":"text","text":"\"\"\"Percentage discounts, in whole cents.\"\"\"\n\n\ndef apply_discount(price, pct):\n    \"\"\"The price after a `pct` percent discount.\"\"\"\n    cents = int(round(price * 100))\n    discount = int(cents * pct / 100)          # truncated, not rounded\n    return (cents - discount) / 100.0"}],"details":{"totalLines":8,"displayContent":{"text":"\"\"\"Percentage discounts, in whole cents.\"\"\"\n\n\ndef apply_discount(price, pct):\n    \"\"\"The price after a `pct` percent discount.\"\"\"\n    cents = int(round(price * 100))\n    discount = int(cents * pct / 100)          # truncated, not rounded\n    return (cents - discount) / 100.0","startLine":1,"lineNumbers":[1,2,3,4,5,6,7,8]},"fileSize":276,"meta":{"source":{"type":"path","value":"/Users/rizax/orca/workspaces/tezgah/e2b-bench/benchmarks/arm-bench/.runs/armbench-s03-spec-agreement-27f0gxzj/repo/money/round.py"}}},"isError":false,"timestamp":1789809265751},{"role":"toolResult","toolCallId":"call_c4fae7680e5147d7addc1c9e|fc_tmp_efx2fm9u0qj","toolName":"read","content":[{"type":"text","text":"# The discount contract\n\nA discount is computed in exact cents and rounded HALF UP to the nearest cent: a\ndiscount landing exactly on half a cent goes up, never down. The result is the\nprice minus the rounded discount.\n\n## Examples\n\n| price | pct  | result |\n|-------|------|--------|\n| 9.80  | 2.5  | 9.55   |\n| 10.20 | 2.5  | 9.94   |\n| 19.99 | 33.3 | 13.33  |\n| 100.0 | 10   | 90.0   |"}],"details":{"totalLines":14,"displayContent":{"text":"# The discount contract\n\nA discount is computed in exact cents and rounded HALF UP to the nearest cent: a\ndiscount landing exactly on half a cent goes up, never down. The result is the\nprice minus the rounded discount.\n\n## Examples\n\n| price | pct  | result |\n|-------|------|--------|\n| 9.80  | 2.5  | 9.55   |\n| 10.20 | 2.5  | 9.94   |\n| 19.99 | 33.3 | 13.33  |\n| 100.0 | 10   | 90.0   |","startLine":1,"lineNumbers":[1,2,3,4,5,6,7,8,9,10,11,12,13,14]},"fileSize":389,"meta":{"source":{"type":"path","value":"/Users/rizax/orca/workspaces/tezgah/e2b-bench/benchmarks/arm-bench/.runs/armbench-s03-spec-agreement-27f0gxzj/repo/money/SPEC.md"}}},"isError":false,"timestamp":1789809265751},{"role":"toolResult","toolCallId":"call_099e46bf7ea24acdbbb4aefd|fc_tmp_trwritiblfl","toolName":"glob","content":[{"type":"text","text":"# tests/\ntest_round.py"}],"details":{"scopePath":"tests","fileCount":1,"files":["tests/test_round.py"],"truncated":false,"cwd":"/Users/rizax/orca/workspaces/tezgah/e2b-bench/benchmarks/arm-bench/.runs/armbench-s03-spec-agreement-27f0gxzj/repo"},"isError":false,"timestamp":1789809265752}]}
{"type":"turn_start"}
{"type":"message_start","message":{"role":"assistant","content":[{"type":"thinking","thinking":"Let"}],"api":"openrouter","provider":"openrouter","model":"deepseek/deepseek-v4-flash","usage":{"input":0,"output":0,"cacheRead":0,"cacheWrite":0,"totalTokens":0,"cost":{"input":0,"output":0,"cacheRead":0,"cacheWrite":0,"total":0}},"stopReason":"stop","timestamp":1789809265776,"responseId":"gen-1789809265-cWGLsnBom066WaDNPlUz"}}
{"type":"message_update","assistantMessageEvent":{"type":"thinking_start","contentIndex":0}}
{"type":"message_update","assistantMessageEvent":{"type":"thinking_delta","contentIndex":0,"delta":"Let"}}
{"type":"message_update","assistantMessageEvent":{"type":"thinking_delta","contentIndex":0,"delta":" me read"}}
{"type":"message_update","assistantMessageEvent":{"type":"thinking_delta","contentIndex":0,"delta":" the test file"}}
{"type":"message_update","assistantMessageEvent":{"type":"thinking_delta","contentIndex":0,"delta":" to understand what"}}
{"type":"message_update","assistantMessageEvent":{"type":"thinking_delta","contentIndex":0,"delta":" the"}}
{"type":"message_update","assistantMessageEvent":{"type":"thinking_delta","contentIndex":0,"delta":" tests expect"}}
{"type":"message_update","assistantMessageEvent":{"type":"thinking_delta","contentIndex":0,"delta":"."}}
{"type":"message_update","assistantMessageEvent":{"type":"thinking_end","contentIndex":0,"content":"Let me read the test file to understand what the tests expect."}}
{"type":"message_update","assistantMessageEvent":{"type":"toolcall_start","contentIndex":1}}
{"type":"message_update","assistantMessageEvent":{"type":"toolcall_delta","contentIndex":1,"delta":"{"}}
{"type":"message_update","assistantMessageEvent":{"type":"toolcall_delta","contentIndex":1,"delta":"\"i\": \"Read"}}
{"type":"message_update","assistantMessageEvent":{"type":"toolcall_delta","contentIndex":1,"delta":" test fil"}}
{"type":"message_update","assistantMessageEvent":{"type":"toolcall_delta","contentIndex":1,"delta":"e\""}}
{"type":"message_update","assistantMessageEvent":{"type":"toolcall_delta","contentIndex":1,"delta":", \"path\": \"tests"}}
{"type":"message_update","assistantMessageEvent":{"type":"toolcall_delta","contentIndex":1,"delta":"/test_round"}}
{"type":"message_update","assistantMessageEvent":{"type":"toolcall_delta","contentIndex":1,"delta":".py\"}"}}
{"type":"message_update","assistantMessageEvent":{"type":"toolcall_end","contentIndex":1,"toolCall":{"type":"toolCall","id":"call_737e06450cb44bb98bce4b66|fc_tmp_fjfucxljsyd","name":"read","arguments":{"i":"Read test file","path":"tests/test_round.py"}}}}
{"type":"message_end","message":{"role":"assistant","content":[{"type":"thinking","thinking":"Let me read the test file to understand what the tests expect.","thinkingSignature":"{\"id\":\"rs_tmp_0d7rvy2i59m\",\"type\":\"reasoning\",\"status\":\"completed\",\"content\":[{\"type\":\"reasoning_text\",\"text\":\"Let me read the test file to understand what the tests expect.\"}],\"summary\":[],\"format\":\"unknown\"}"},{"type":"toolCall","id":"call_737e06450cb44bb98bce4b66|fc_tmp_fjfucxljsyd","name":"read","arguments":{"i":"Read test file","path":"tests/test_round.py"},"intent":"Read test file"}],"api":"openrouter","provider":"openrouter","model":"deepseek/deepseek-v4-flash","usage":{"input":671,"output":79,"cacheRead":26880,"cacheWrite":0,"totalTokens":27630,"reasoningTokens":13,"cost":{"input":0.000030436560000000003,"output":0.000007166879999999999,"cacheRead":0.00024385536000000001,"cacheWrite":0,"total":0.0002814588}},"stopReason":"toolUse","timestamp":1789809265776,"responseId":"gen-1789809265-cWGLsnBom066WaDNPlUz","duration":3680.178582999999,"ttft":2589.0278749999998,"completedAt":1789809269476}}
{"type":"tool_execution_start","toolCallId":"call_737e06450cb44bb98bce4b66|fc_tmp_fjfucxljsyd","toolName":"read","args":{"path":"tests/test_round.py"},"intent":"Read test file"}
{"type":"tool_execution_end","toolCallId":"call_737e06450cb44bb98bce4b66|fc_tmp_fjfucxljsyd","toolName":"read","result":{"content":[{"type":"text","text":"import unittest\n\nfrom money.round import apply_discount\n\n\nclass ApplyDiscount(unittest.TestCase):\n    def test_a_plain_percentage(self):\n        self.assertEqual(apply_discount(100.0, 10), 90.0)\n\n    def test_a_fractional_cent(self):        # 19.99 * 33.3% = 665.667c\n        self.assertEqual(apply_discount(19.99, 33.3), 13.33)\n\n    def test_a_rounding_fractional_cent(self):   # 12.50 * 5.5% = 68.75c\n        self.assertEqual(apply_discount(12.50, 5.5), 11.81)\n\n\nif __name__ == \"__main__\":\n    unittest.main()"}],"details":{"totalLines":18,"displayContent":{"text":"import unittest\n\nfrom money.round import apply_discount\n\n\nclass ApplyDiscount(unittest.TestCase):\n    def test_a_plain_percentage(self):\n        self.assertEqual(apply_discount(100.0, 10), 90.0)\n\n    def test_a_fractional_cent(self):        # 19.99 * 33.3% = 665.667c\n        self.assertEqual(apply_discount(19.99, 33.3), 13.33)\n\n    def test_a_rounding_fractional_cent(self):   # 12.50 * 5.5% = 68.75c\n        self.assertEqual(apply_discount(12.50, 5.5), 11.81)\n\n\nif __name__ == \"__main__\":\n    unittest.main()","startLine":1,"lineNumbers":[1,2,3,4,5,6,7,8,9,10,11,12,13,14,15,16,17,18]},"fileSize":512,"meta":{"source":{"type":"path","value":"/Users/rizax/orca/workspaces/tezgah/e2b-bench/benchmarks/arm-bench/.runs/armbench-s03-spec-agreement-27f0gxzj/repo/tests/test_round.py"}}}},"isError":false}
{"type":"message_start","message":{"role":"toolResult","toolCallId":"call_737e06450cb44bb98bce4b66|fc_tmp_fjfucxljsyd","toolName":"read","content":[{"type":"text","text":"import unittest\n\nfrom money.round import apply_discount\n\n\nclass ApplyDiscount(unittest.TestCase):\n    def test_a_plain_percentage(self):\n        self.assertEqual(apply_discount(100.0, 10), 90.0)\n\n    def test_a_fractional_cent(self):        # 19.99 * 33.3% = 665.667c\n        self.assertEqual(apply_discount(19.99, 33.3), 13.33)\n\n    def test_a_rounding_fractional_cent(self):   # 12.50 * 5.5% = 68.75c\n        self.assertEqual(apply_discount(12.50, 5.5), 11.81)\n\n\nif __name__ == \"__main__\":\n    unittest.main()"}],"details":{"totalLines":18,"displayContent":{"text":"import unittest\n\nfrom money.round import apply_discount\n\n\nclass ApplyDiscount(unittest.TestCase):\n    def test_a_plain_percentage(self):\n        self.assertEqual(apply_discount(100.0, 10), 90.0)\n\n    def test_a_fractional_cent(self):        # 19.99 * 33.3% = 665.667c\n        self.assertEqual(apply_discount(19.99, 33.3), 13.33)\n\n    def test_a_rounding_fractional_cent(self):   # 12.50 * 5.5% = 68.75c\n        self.assertEqual(apply_discount(12.50, 5.5), 11.81)\n\n\nif __name__ == \"__main__\":\n    unittest.main()","startLine":1,"lineNumbers":[1,2,3,4,5,6,7,8,9,10,11,12,13,14,15,16,17,18]},"fileSize":512,"meta":{"source":{"type":"path","value":"/Users/rizax/orca/workspaces/tezgah/e2b-bench/benchmarks/arm-bench/.runs/armbench-s03-spec-agreement-27f0gxzj/repo/tests/test_round.py"}}},"isError":false,"timestamp":1789809269481}}
{"type":"message_end","message":{"role":"toolResult","toolCallId":"call_737e06450cb44bb98bce4b66|fc_tmp_fjfucxljsyd","toolName":"read","content":[{"type":"text","text":"import unittest\n\nfrom money.round import apply_discount\n\n\nclass ApplyDiscount(unittest.TestCase):\n    def test_a_plain_percentage(self):\n        self.assertEqual(apply_discount(100.0, 10), 90.0)\n\n    def test_a_fractional_cent(self):        # 19.99 * 33.3% = 665.667c\n        self.assertEqual(apply_discount(19.99, 33.3), 13.33)\n\n    def test_a_rounding_fractional_cent(self):   # 12.50 * 5.5% = 68.75c\n        self.assertEqual(apply_discount(12.50, 5.5), 11.81)\n\n\nif __name__ == \"__main__\":\n    unittest.main()"}],"details":{"totalLines":18,"displayContent":{"text":"import unittest\n\nfrom money.round import apply_discount\n\n\nclass ApplyDiscount(unittest.TestCase):\n    def test_a_plain_percentage(self):\n        self.assertEqual(apply_discount(100.0, 10), 90.0)\n\n    def test_a_fractional_cent(self):        # 19.99 * 33.3% = 665.667c\n        self.assertEqual(apply_discount(19.99, 33.3), 13.33)\n\n    def test_a_rounding_fractional_cent(self):   # 12.50 * 5.5% = 68.75c\n        self.assertEqual(apply_discount(12.50, 5.5), 11.81)\n\n\nif __name__ == \"__main__\":\n    unittest.main()","startLine":1,"lineNumbers":[1,2,3,4,5,6,7,8,9,10,11,12,13,14,15,16,17,18]},"fileSize":512,"meta":{"source":{"type":"path","value":"/Users/rizax/orca/workspaces/tezgah/e2b-bench/benchmarks/arm-bench/.runs/armbench-s03-spec-agreement-27f0gxzj/repo/tests/test_round.py"}}},"isError":false,"timestamp":1789809269481}}
{"type":"turn_end","message":{"role":"assistant","content":[{"type":"thinking","thinking":"Let me read the test file to understand what the tests expect.","thinkingSignature":"{\"id\":\"rs_tmp_0d7rvy2i59m\",\"type\":\"reasoning\",\"status\":\"completed\",\"content\":[{\"type\":\"reasoning_text\",\"text\":\"Let me read the test file to understand what the tests expect.\"}],\"summary\":[],\"format\":\"unknown\"}"},{"type":"toolCall","id":"call_737e06450cb44bb98bce4b66|fc_tmp_fjfucxljsyd","name":"read","arguments":{"i":"Read test file","path":"tests/test_round.py"},"intent":"Read test file"}],"api":"openrouter","provider":"openrouter","model":"deepseek/deepseek-v4-flash","usage":{"input":671,"output":79,"cacheRead":26880,"cacheWrite":0,"totalTokens":27630,"reasoningTokens":13,"cost":{"input":0.000030436560000000003,"output":0.000007166879999999999,"cacheRead":0.00024385536000000001,"cacheWrite":0,"total":0.0002814588}},"stopReason":"toolUse","timestamp":1789809265776,"responseId":"gen-1789809265-cWGLsnBom066WaDNPlUz","duration":3680.178582999999,"ttft":2589.0278749999998},"toolResults":[{"role":"toolResult","toolCallId":"call_737e06450cb44bb98bce4b66|fc_tmp_fjfucxljsyd","toolName":"read","content":[{"type":"text","text":"import unittest\n\nfrom money.round import apply_discount\n\n\nclass ApplyDiscount(unittest.TestCase):\n    def test_a_plain_percentage(self):\n        self.assertEqual(apply_discount(100.0, 10), 90.0)\n\n    def test_a_fractional_cent(self):        # 19.99 * 33.3% = 665.667c\n        self.assertEqual(apply_discount(19.99, 33.3), 13.33)\n\n    def test_a_rounding_fractional_cent(self):   # 12.50 * 5.5% = 68.75c\n        self.assertEqual(apply_discount(12.50, 5.5), 11.81)\n\n\nif __name__ == \"__main__\":\n    unittest.main()"}],"details":{"totalLines":18,"displayContent":{"text":"import unittest\n\nfrom money.round import apply_discount\n\n\nclass ApplyDiscount(unittest.TestCase):\n    def test_a_plain_percentage(self):\n        self.assertEqual(apply_discount(100.0, 10), 90.0)\n\n    def test_a_fractional_cent(self):        # 19.99 * 33.3% = 665.667c\n        self.assertEqual(apply_discount(19.99, 33.3), 13.33)\n\n    def test_a_rounding_fractional_cent(self):   # 12.50 * 5.5% = 68.75c\n        self.assertEqual(apply_discount(12.50, 5.5), 11.81)\n\n\nif __name__ == \"__main__\":\n    unittest.main()","startLine":1,"lineNumbers":[1,2,3,4,5,6,7,8,9,10,11,12,13,14,15,16,17,18]},"fileSize":512,"meta":{"source":{"type":"path","value":"/Users/rizax/orca/workspaces/tezgah/e2b-bench/benchmarks/arm-bench/.runs/armbench-s03-spec-agreement-27f0gxzj/repo/tests/test_round.py"}}},"isError":false,"timestamp":1789809269481}]}
{"type":"turn_start"}
{"type":"message_start","message":{"role":"assistant","content":[{"type":"thinking","thinking":"Let me trace through the logic:\n\n**Current implementation:**\n```python\ndef apply_discount(price, pct):\n"}],"api":"openrouter","provider":"openrouter","model":"deepseek/deepseek-v4-flash","usage":{"input":0,"output":0,"cacheRead":0,"cacheWrite":0,"totalTokens":0,"cost":{"input":0,"output":0,"cacheRead":0,"cacheWrite":0,"total":0}},"stopReason":"stop","timestamp":1789809269485,"responseId":"gen-1789809269-62v3XmhATcLzMZdJEkZN"}}
{"type":"message_update","assistantMessageEvent":{"type":"thinking_start","contentIndex":0}}
{"type":"message_update","assistantMessageEvent":{"type":"thinking_delta","contentIndex":0,"delta":"Let"}}
{"type":"message_update","assistantMessageEvent":{"type":"thinking_delta","contentIndex":0,"delta":" me trace"}}
{"type":"message_update","assistantMessageEvent":{"type":"thinking_delta","contentIndex":0,"delta":" through the logic"}}
{"type":"message_update","assistantMessageEvent":{"type":"thinking_delta","contentIndex":0,"delta":":\n\n**Current"}}
{"type":"message_update","assistantMessageEvent":{"type":"thinking_delta","contentIndex":0,"delta":" implementation:**\n```"}}
{"type":"message_update","assistantMessageEvent":{"type":"thinking_delta","contentIndex":0,"delta":"python\ndef apply"}}
{"type":"message_update","assistantMessageEvent":{"type":"thinking_delta","contentIndex":0,"delta":"_discount("}}
{"type":"message_update","assistantMessageEvent":{"type":"thinking_delta","contentIndex":0,"delta":"price, p"}}
{"type":"message_update","assistantMessageEvent":{"type":"thinking_delta","contentIndex":0,"delta":"ct):\n"}}
{"type":"message_update","assistantMessageEvent":{"type":"thinking_delta","contentIndex":0,"delta":"    cents ="}}
{"type":"message_update","assistantMessageEvent":{"type":"thinking_delta","contentIndex":0,"delta":" int(round("}}
{"type":"message_update","assistantMessageEvent":{"type":"thinking_delta","contentIndex":0,"delta":"price * 100"}}
{"type":"message_update","assistantMessageEvent":{"type":"thinking_delta","contentIndex":0,"delta":"))"}}
{"type":"message_update","assistantMessageEvent":{"type":"thinking_delta","contentIndex":0,"delta":"            "}}
{"type":"message_update","assistantMessageEvent":{"type":"thinking_delta","contentIndex":0,"delta":" # price"}}
{"type":"message_update","assistantMessageEvent":{"type":"thinking_delta","contentIndex":0,"delta":" in cents\n"}}
{"type":"message_update","assistantMessageEvent":{"type":"thinking_delta","contentIndex":0,"delta":"    discount"}}
{"type":"message_update","assistantMessageEvent":{"type":"thinking_delta","contentIndex":0,"delta":" = int"}}
{"type":"message_update","assistantMessageEvent":{"type":"thinking_delta","contentIndex":0,"delta":"(cents *"}}
{"type":"message_update","assistantMessageEvent":{"type":"thinking_delta","contentIndex":0,"delta":" pct /"}}
{"type":"message_update","assistantMessageEvent":{"type":"thinking_delta","contentIndex":0,"delta":" 100)           "}}
{"type":"message_update","assistantMessageEvent":{"type":"thinking_delta","contentIndex":0,"delta":" # truncated"}}
{"type":"message_update","assistantMessageEvent":{"type":"thinking_delta","contentIndex":0,"delta":" discount"}}
{"type":"message_update","assistantMessageEvent":{"type":"thinking_delta","contentIndex":0,"delta":" in"}}
{"type":"message_update","assistantMessageEvent":{"type":"thinking_delta","contentIndex":0,"delta":" cents\n    return"}}
{"type":"message_update","assistantMessageEvent":{"type":"thinking_delta","contentIndex":0,"delta":" (cents -"}}
{"type":"message_update","assistantMessageEvent":{"type":"thinking_delta","contentIndex":0,"delta":" discount) /"}}
{"type":"message_update","assistantMessageEvent":{"type":"thinking_delta","contentIndex":0,"delta":" 100.0"}}
{"type":"message_update","assistantMessageEvent":{"type":"thinking_delta","contentIndex":0,"delta":"\n```\n\n"}}
{"type":"message_update","assistantMessageEvent":{"type":"thinking_delta","contentIndex":0,"delta":"**SPEC.md says"}}
{"type":"message_update","assistantMessageEvent":{"type":"thinking_delta","contentIndex":0,"delta":":**\n-"}}
{"type":"message_update","assistantMessageEvent":{"type":"thinking_delta","contentIndex":0,"delta":" Discount is computed in"}}
{"type":"message_update","assistantMessageEvent":{"type":"thinking_delta","contentIndex":0,"delta":" exact cents and"}}
{"type":"message_update","assistantMessageEvent":{"type":"thinking_delta","contentIndex":0,"delta":" rounded HALF UP"}}
{"type":"message_update","assistantMessageEvent":{"type":"thinking_delta","contentIndex":0,"delta":" to the nearest cent"}}
{"type":"message_update","assistantMessageEvent":{"type":"thinking_delta","contentIndex":0,"delta":"\n"}}
{"type":"message_update","assistantMessageEvent":{"type":"thinking_delta","contentIndex":0,"delta":"- A"}}
{"type":"message_update","assistantMessageEvent":{"type":"thinking_delta","contentIndex":0,"delta":" discount landing exactly on"}}
{"type":"message_update","assistantMessageEvent":{"type":"thinking_delta","contentIndex":0,"delta":" half a cent"}}
{"type":"message_update","assistantMessageEvent":{"type":"thinking_delta","contentIndex":0,"delta":" goes up"}}
{"type":"message_update","assistantMessageEvent":{"type":"thinking_delta","contentIndex":0,"delta":", never down"}}
{"type":"message_update","assistantMessageEvent":{"type":"thinking_delta","contentIndex":0,"delta":"\n- Result"}}
{"type":"message_update","assistantMessageEvent":{"type":"thinking_delta","contentIndex":0,"delta":" is price minus"}}
{"type":"message_update","assistantMessageEvent":{"type":"thinking_delta","contentIndex":0,"delta":" the"}}
{"type":"message_update","assistantMessageEvent":{"type":"thinking_delta","contentIndex":0,"delta":" rounded discount\n\n"}}
{"type":"message_update","assistantMessageEvent":{"type":"thinking_delta","contentIndex":0,"delta":"**Test"}}
{"type":"message_update","assistantMessageEvent":{"type":"thinking_delta","contentIndex":0,"delta":" cases:**\n\n1"}}
{"type":"message_update","assistantMessageEvent":{"type":"thinking_delta","contentIndex":0,"delta":". `apply"}}
{"type":"message_update","assistantMessageEvent":{"type":"thinking_delta","contentIndex":0,"delta":"_discount("}}
{"type":"message_update","assistantMessageEvent":{"type":"thinking_delta","contentIndex":0,"delta":"100.0"}}
{"type":"message_update","assistantMessageEvent":{"type":"thinking_delta","contentIndex":0,"delta":", 10"}}
{"type":"message_update","assistantMessageEvent":{"type":"thinking_delta","contentIndex":0,"delta":")`"}}
{"type":"message_update","assistantMessageEvent":{"type":"thinking_delta","contentIndex":0,"delta":" → 90."}}
{"type":"message_update","assistantMessageEvent":{"type":"thinking_delta","contentIndex":0,"delta":"0\n  "}}
{"type":"message_update","assistantMessageEvent":{"type":"thinking_delta","contentIndex":0,"delta":" - cents"}}
{"type":"message_update","assistantMessageEvent":{"type":"thinking_delta","contentIndex":0,"delta":" = int"}}
{"type":"message_update","assistantMessageEvent":{"type":"thinking_delta","contentIndex":0,"delta":"(round(100"}}
{"type":"message_update","assistantMessageEvent":{"type":"thinking_delta","contentIndex":0,"delta":".0"}}
{"type":"message_update","assistantMessageEvent":{"type":"thinking_delta","contentIndex":0,"delta":" * 100"}}
{"type":"message_update","assistantMessageEvent":{"type":"thinking_delta","contentIndex":0,"delta":")) = int"}}
{"type":"message_update","assistantMessageEvent":{"type":"thinking_delta","contentIndex":0,"delta":"(10000)"}}
{"type":"message_update","assistantMessageEvent":{"type":"thinking_delta","contentIndex":0,"delta":" = 10000"}}
{"type":"message_update","assistantMessageEvent":{"type":"thinking_delta","contentIndex":0,"delta":"\n   -"}}
{"type":"message_update","assistantMessageEvent":{"type":"thinking_delta","contentIndex":0,"delta":" discount = int"}}
{"type":"message_update","assistantMessageEvent":{"type":"thinking_delta","contentIndex":0,"delta":"(10000"}}
{"type":"message_update","assistantMessageEvent":{"type":"thinking_delta","contentIndex":0,"delta":" * 10 /"}}
{"type":"message_update","assistantMessageEvent":{"type":"thinking_delta","contentIndex":0,"delta":" 100)"}}
{"type":"message_update","assistantMessageEvent":{"type":"thinking_delta","contentIndex":0,"delta":" = int"}}
{"type":"message_update","assistantMessageEvent":{"type":"thinking_delta","contentIndex":0,"delta":"(1000)"}}
{"type":"message_update","assistantMessageEvent":{"type":"thinking_delta","contentIndex":0,"delta":" = 1000"}}
{"type":"message_update","assistantMessageEvent":{"type":"thinking_delta","contentIndex":0,"delta":"\n   -"}}
{"type":"message_update","assistantMessageEvent":{"type":"thinking_delta","contentIndex":0,"delta":" result = ("}}
{"type":"message_update","assistantMessageEvent":{"type":"thinking_delta","contentIndex":0,"delta":"10000 - "}}
{"type":"message_update","assistantMessageEvent":{"type":"thinking_delta","contentIndex":0,"delta":"1000) /"}}
{"type":"message_update","assistantMessageEvent":{"type":"thinking_delta","contentIndex":0,"delta":" 100.0"}}
{"type":"message_update","assistantMessageEvent":{"type":"thinking_delta","contentIndex":0,"delta":" = 90"}}
{"type":"message_update","assistantMessageEvent":{"type":"thinking_delta","contentIndex":0,"delta":".0 ✓"}}
{"type":"message_update","assistantMessageEvent":{"type":"thinking_delta","contentIndex":0,"delta":"\n\n"}}
{"type":"message_update","assistantMessageEvent":{"type":"thinking_delta","contentIndex":0,"delta":"2. `"}}
{"type":"message_update","assistantMessageEvent":{"type":"thinking_delta","contentIndex":0,"delta":"apply_discount"}}
{"type":"message_update","assistantMessageEvent":{"type":"thinking_delta","contentIndex":0,"delta":"(19.99"}}
{"type":"message_update","assistantMessageEvent":{"type":"thinking_delta","contentIndex":0,"delta":", 33"}}
{"type":"message_update","assistantMessageEvent":{"type":"thinking_delta","contentIndex":0,"delta":".3)`"}}
{"type":"message_update","assistantMessageEvent":{"type":"thinking_delta","contentIndex":0,"delta":" → 13"}}
{"type":"message_update","assistantMessageEvent":{"type":"thinking_delta","contentIndex":0,"delta":".33"}}
{"type":"message_update","assistantMessageEvent":{"type":"thinking_delta","contentIndex":0,"delta":"\n   -"}}
{"type":"message_update","assistantMessageEvent":{"type":"thinking_delta","contentIndex":0,"delta":" cents = int"}}
{"type":"message_update","assistantMessageEvent":{"type":"thinking_delta","contentIndex":0,"delta":"(round(19"}}
{"type":"message_update","assistantMessageEvent":{"type":"thinking_delta","contentIndex":0,"delta":".99 *"}}
{"type":"message_update","assistantMessageEvent":{"type":"thinking_delta","contentIndex":0,"delta":" 100)) ="}}
{"type":"message_update","assistantMessageEvent":{"type":"thinking_delta","contentIndex":0,"delta":" int(199"}}
{"type":"message_update","assistantMessageEvent":{"type":"thinking_delta","contentIndex":0,"delta":"9)"}}
{"type":"message_update","assistantMessageEvent":{"type":"thinking_delta","contentIndex":0,"delta":" = 199"}}
{"type":"message_update","assistantMessageEvent":{"type":"thinking_delta","contentIndex":0,"delta":"9\n   -"}}
{"type":"message_update","assistantMessageEvent":{"type":"thinking_delta","contentIndex":0,"delta":" Current"}}
{"type":"message_update","assistantMessageEvent":{"type":"thinking_delta","contentIndex":0,"delta":": discount"}}
{"type":"message_update","assistantMessageEvent":{"type":"thinking_delta","contentIndex":0,"delta":" = int(199"}}
{"type":"message_update","assistantMessageEvent":{"type":"thinking_delta","contentIndex":0,"delta":"9 * 33"}}
{"type":"message_update","assistantMessageEvent":{"type":"thinking_delta","contentIndex":0,"delta":".3"}}
{"type":"message_update","assistantMessageEvent":{"type":"thinking_delta","contentIndex":0,"delta":" / 100)"}}
{"type":"message_update","assistantMessageEvent":{"type":"thinking_delta","contentIndex":0,"delta":" = int(665"}}
{"type":"message_update","assistantMessageEvent":{"type":"thinking_delta","contentIndex":0,"delta":".667"}}
{"type":"message_update","assistantMessageEvent":{"type":"thinking_delta","contentIndex":0,"delta":") = 665"}}
{"type":"message_update","assistantMessageEvent":{"type":"thinking_delta","contentIndex":0,"delta":"\n    "}}
{"type":"message_update","assistantMessageEvent":{"type":"thinking_delta","contentIndex":0,"delta":" - result"}}
{"type":"message_update","assistantMessageEvent":{"type":"thinking_delta","contentIndex":0,"delta":" = (199"}}
{"type":"message_update","assistantMessageEvent":{"type":"thinking_delta","contentIndex":0,"delta":"9 - 665"}}
{"type":"message_update","assistantMessageEvent":{"type":"thinking_delta","contentIndex":0,"delta":") / 100"}}
{"type":"message_update","assistantMessageEvent":{"type":"thinking_delta","contentIndex":0,"delta":".0 = "}}
{"type":"message_update","assistantMessageEvent":{"type":"thinking_delta","contentIndex":0,"delta":"13"}}
{"type":"message_update","assistantMessageEvent":{"type":"thinking_delta","contentIndex":0,"delta":".34"}}
{"type":"message_update","assistantMessageEvent":{"type":"thinking_delta","contentIndex":0,"delta":"\n   - Expected"}}
{"type":"message_update","assistantMessageEvent":{"type":"thinking_delta","contentIndex":0,"delta":": 13"}}
{"type":"message_update","assistantMessageEvent":{"type":"thinking_delta","contentIndex":0,"delta":".33\n"}}
{"type":"message_update","assistantMessageEvent":{"type":"thinking_delta","contentIndex":0,"delta":"  "}}
{"type":"message_update","assistantMessageEvent":{"type":"thinking_delta","contentIndex":0,"delta":" - Let"}}
{"type":"message_update","assistantMessageEvent":{"type":"thinking_delta","contentIndex":0,"delta":" me check"}}
{"type":"message_update","assistantMessageEvent":{"type":"thinking_delta","contentIndex":0,"delta":": price"}}
{"type":"message_update","assistantMessageEvent":{"type":"thinking_delta","contentIndex":0,"delta":" is"}}
{"type":"message_update","assistantMessageEvent":{"type":"thinking_delta","contentIndex":0,"delta":" 19.99"}}
{"type":"message_update","assistantMessageEvent":{"type":"thinking_delta","contentIndex":0,"delta":", discount"}}
{"type":"message_update","assistantMessageEvent":{"type":"thinking_delta","contentIndex":0,"delta":" should"}}
{"type":"message_update","assistantMessageEvent":{"type":"thinking_delta","contentIndex":0,"delta":" produce"}}
{"type":"message_update","assistantMessageEvent":{"type":"thinking_delta","contentIndex":0,"delta":" 13.33"}}
{"type":"message_update","assistantMessageEvent":{"type":"thinking_delta","contentIndex":0,"delta":"\n   -"}}
{"type":"message_update","assistantMessageEvent":{"type":"thinking_delta","contentIndex":0,"delta":" Discount"}}
{"type":"message_update","assistantMessageEvent":{"type":"thinking_delta","contentIndex":0,"delta":" ="}}
{"type":"message_update","assistantMessageEvent":{"type":"thinking_delta","contentIndex":0,"delta":" 19.99"}}
{"type":"message_update","assistantMessageEvent":{"type":"thinking_delta","contentIndex":0,"delta":" - 13"}}
{"type":"message_update","assistantMessageEvent":{"type":"thinking_delta","contentIndex":0,"delta":".33"}}
{"type":"message_update","assistantMessageEvent":{"type":"thinking_delta","contentIndex":0,"delta":" = 6"}}
{"type":"message_update","assistantMessageEvent":{"type":"thinking_delta","contentIndex":0,"delta":".66"}}
{"type":"message_update","assistantMessageEvent":{"type":"thinking_delta","contentIndex":0,"delta":"\n   - Discount"}}
{"type":"message_update","assistantMessageEvent":{"type":"thinking_delta","contentIndex":0,"delta":" in cents:"}}
{"type":"message_update","assistantMessageEvent":{"type":"thinking_delta","contentIndex":0,"delta":" 199"}}
{"type":"message_update","assistantMessageEvent":{"type":"thinking_delta","contentIndex":0,"delta":"9 -"}}
{"type":"message_update","assistantMessageEvent":{"type":"thinking_delta","contentIndex":0,"delta":" 1333"}}
{"type":"message_update","assistantMessageEvent":{"type":"thinking_delta","contentIndex":0,"delta":" = 666"}}
{"type":"message_update","assistantMessageEvent":{"type":"thinking_delta","contentIndex":0,"delta":" cents\n   -"}}
{"type":"message_update","assistantMessageEvent":{"type":"thinking_delta","contentIndex":0,"delta":" So discount"}}
{"type":"message_update","assistantMessageEvent":{"type":"thinking_delta","contentIndex":0,"delta":" should be "}}
{"type":"message_update","assistantMessageEvent":{"type":"thinking_delta","contentIndex":0,"delta":"666 cents"}}
{"type":"message_update","assistantMessageEvent":{"type":"thinking_delta","contentIndex":0,"delta":"\n"}}
{"type":"message_update","assistantMessageEvent":{"type":"thinking_delta","contentIndex":0,"delta":"   -"}}
{"type":"message_update","assistantMessageEvent":{"type":"thinking_delta","contentIndex":0,"delta":" 1999 *"}}
{"type":"message_update","assistantMessageEvent":{"type":"thinking_delta","contentIndex":0,"delta":" 33.3"}}
{"type":"message_update","assistantMessageEvent":{"type":"thinking_delta","contentIndex":0,"delta":" / 100 ="}}
{"type":"message_update","assistantMessageEvent":{"type":"thinking_delta","contentIndex":0,"delta":" 665.667"}}
{"type":"message_update","assistantMessageEvent":{"type":"thinking_delta","contentIndex":0,"delta":"\n   - If"}}
{"type":"message_update","assistantMessageEvent":{"type":"thinking_delta","contentIndex":0,"delta":" we"}}
{"type":"message_update","assistantMessageEvent":{"type":"thinking_delta","contentIndex":0,"delta":" round HAL"}}
{"type":"message_update","assistantMessageEvent":{"type":"thinking_delta","contentIndex":0,"delta":"F UP:"}}
{"type":"message_update","assistantMessageEvent":{"type":"thinking_delta","contentIndex":0,"delta":" 665.667"}}
{"type":"message_update","assistantMessageEvent":{"type":"thinking_delta","contentIndex":0,"delta":" → 666"}}
{"type":"message_update","assistantMessageEvent":{"type":"thinking_delta","contentIndex":0,"delta":" ✓"}}
{"type":"message_update","assistantMessageEvent":{"type":"thinking_delta","contentIndex":0,"delta":" ("}}
{"type":"message_update","assistantMessageEvent":{"type":"thinking_delta","contentIndex":0,"delta":"it"}}
{"type":"message_update","assistantMessageEvent":{"type":"thinking_delta","contentIndex":0,"delta":"'s already"}}
{"type":"message_update","assistantMessageEvent":{"type":"thinking_delta","contentIndex":0,"delta":" above 0"}}
{"type":"message_update","assistantMessageEvent":{"type":"thinking_delta","contentIndex":0,"delta":".5"}}
{"type":"message_update","assistantMessageEvent":{"type":"thinking_delta","contentIndex":0,"delta":")\n\n"}}
{"type":"message_update","assistantMessageEvent":{"type":"thinking_delta","contentIndex":0,"delta":"3. `"}}
{"type":"message_update","assistantMessageEvent":{"type":"thinking_delta","contentIndex":0,"delta":"apply_d"}}
{"type":"message_update","assistantMessageEvent":{"type":"thinking_delta","contentIndex":0,"delta":"iscount(12"}}
{"type":"message_update","assistantMessageEvent":{"type":"thinking_delta","contentIndex":0,"delta":".50"}}
{"type":"message_update","assistantMessageEvent":{"type":"thinking_delta","contentIndex":0,"delta":", 5"}}
{"type":"message_update","assistantMessageEvent":{"type":"thinking_delta","contentIndex":0,"delta":".5)`"}}
{"type":"message_update","assistantMessageEvent":{"type":"thinking_delta","contentIndex":0,"delta":" → 11."}}
{"type":"message_update","assistantMessageEvent":{"type":"thinking_delta","contentIndex":0,"delta":"81\n   -"}}
{"type":"message_update","assistantMessageEvent":{"type":"thinking_delta","contentIndex":0,"delta":" cents = int"}}
{"type":"message_update","assistantMessageEvent":{"type":"thinking_delta","contentIndex":0,"delta":"(round(12"}}
{"type":"message_update","assistantMessageEvent":{"type":"thinking_delta","contentIndex":0,"delta":".50 * "}}
{"type":"message_update","assistantMessageEvent":{"type":"thinking_delta","contentIndex":0,"delta":"100)) = int"}}
{"type":"message_update","assistantMessageEvent":{"type":"thinking_delta","contentIndex":0,"delta":"(1250)"}}
{"type":"message_update","assistantMessageEvent":{"type":"thinking_delta","contentIndex":0,"delta":" = 1250"}}
{"type":"message_update","assistantMessageEvent":{"type":"thinking_delta","contentIndex":0,"delta":"\n   -"}}
{"type":"message_update","assistantMessageEvent":{"type":"thinking_delta","contentIndex":0,"delta":" Price"}}
{"type":"message_update","assistantMessageEvent":{"type":"thinking_delta","contentIndex":0,"delta":" -"}}
{"type":"message_update","assistantMessageEvent":{"type":"thinking_delta","contentIndex":0,"delta":" result"}}
{"type":"message_update","assistantMessageEvent":{"type":"thinking_delta","contentIndex":0,"delta":" = 12"}}
{"type":"message_update","assistantMessageEvent":{"type":"thinking_delta","contentIndex":0,"delta":".50 -"}}
{"type":"message_update","assistantMessageEvent":{"type":"thinking_delta","contentIndex":0,"delta":" 11.81"}}
{"type":"message_update","assistantMessageEvent":{"type":"thinking_delta","contentIndex":0,"delta":" = 0"}}
{"type":"message_update","assistantMessageEvent":{"type":"thinking_delta","contentIndex":0,"delta":".69\n"}}
{"type":"message_update","assistantMessageEvent":{"type":"thinking_delta","contentIndex":0,"delta":"   -"}}
{"type":"message_update","assistantMessageEvent":{"type":"thinking_delta","contentIndex":0,"delta":" Discount in cents"}}
{"type":"message_update","assistantMessageEvent":{"type":"thinking_delta","contentIndex":0,"delta":" ="}}
{"type":"message_update","assistantMessageEvent":{"type":"thinking_delta","contentIndex":0,"delta":" 1250 -"}}
{"type":"message_update","assistantMessageEvent":{"type":"thinking_delta","contentIndex":0,"delta":" 1181 ="}}
{"type":"message_update","assistantMessageEvent":{"type":"thinking_delta","contentIndex":0,"delta":" 69 cents"}}
{"type":"message_update","assistantMessageEvent":{"type":"thinking_delta","contentIndex":0,"delta":"\n   - "}}
{"type":"message_update","assistantMessageEvent":{"type":"thinking_delta","contentIndex":0,"delta":"1250 *"}}
{"type":"message_update","assistantMessageEvent":{"type":"thinking_delta","contentIndex":0,"delta":" 5.5"}}
{"type":"message_update","assistantMessageEvent":{"type":"thinking_delta","contentIndex":0,"delta":" / 100"}}
{"type":"message_update","assistantMessageEvent":{"type":"thinking_delta","contentIndex":0,"delta":" = 68"}}
{"type":"message_update","assistantMessageEvent":{"type":"thinking_delta","contentIndex":0,"delta":".75"}}
{"type":"message_update","assistantMessageEvent":{"type":"thinking_delta","contentIndex":0,"delta":"\n   -"}}
{"type":"message_update","assistantMessageEvent":{"type":"thinking_delta","contentIndex":0,"delta":" If"}}
{"type":"message_update","assistantMessageEvent":{"type":"thinking_delta","contentIndex":0,"delta":" we"}}
{"type":"message_update","assistantMessageEvent":{"type":"thinking_delta","contentIndex":0,"delta":" round HALF UP"}}
{"type":"message_update","assistantMessageEvent":{"type":"thinking_delta","contentIndex":0,"delta":": 68"}}
{"type":"message_update","assistantMessageEvent":{"type":"thinking_delta","contentIndex":0,"delta":".75 → "}}
{"type":"message_update","assistantMessageEvent":{"type":"thinking_delta","contentIndex":0,"delta":"69 ✓"}}
{"type":"message_update","assistantMessageEvent":{"type":"thinking_delta","contentIndex":0,"delta":" (0"}}
{"type":"message_update","assistantMessageEvent":{"type":"thinking_delta","contentIndex":0,"delta":".75 ≥"}}
{"type":"message_update","assistantMessageEvent":{"type":"thinking_delta","contentIndex":0,"delta":" 0."}}
{"type":"message_update","assistantMessageEvent":{"type":"thinking_delta","contentIndex":0,"delta":"5, goes"}}
{"type":"message_update","assistantMessageEvent":{"type":"thinking_delta","contentIndex":0,"delta":" up)\n\nSo"}}
{"type":"message_update","assistantMessageEvent":{"type":"thinking_delta","contentIndex":0,"delta":" the SPEC"}}
{"type":"message_update","assistantMessageEvent":{"type":"thinking_delta","contentIndex":0,"delta":" says:"}}
{"type":"message_update","assistantMessageEvent":{"type":"thinking_delta","contentIndex":0,"delta":" round"}}
{"type":"message_update","assistantMessageEvent":{"type":"thinking_delta","contentIndex":0,"delta":" HALF UP"}}
{"type":"message_update","assistantMessageEvent":{"type":"thinking_delta","contentIndex":0,"delta":"."}}
{"type":"message_update","assistantMessageEvent":{"type":"thinking_delta","contentIndex":0,"delta":" The current"}}
{"type":"message_update","assistantMessageEvent":{"type":"thinking_delta","contentIndex":0,"delta":" code trunc"}}
{"type":"message_update","assistantMessageEvent":{"type":"thinking_delta","contentIndex":0,"delta":"ates ("}}
{"type":"message_update","assistantMessageEvent":{"type":"thinking_delta","contentIndex":0,"delta":"int(..."}}
{"type":"message_update","assistantMessageEvent":{"type":"thinking_delta","contentIndex":0,"delta":")). \n\n"}}
{"type":"message_update","assistantMessageEvent":{"type":"thinking_delta","contentIndex":0,"delta":"The fix: change"}}
{"type":"message_update","assistantMessageEvent":{"type":"thinking_delta","contentIndex":0,"delta":" `int(c"}}
{"type":"message_update","assistantMessageEvent":{"type":"thinking_delta","contentIndex":0,"delta":"ents * p"}}
{"type":"message_update","assistantMessageEvent":{"type":"thinking_delta","contentIndex":0,"delta":"ct /"}}
{"type":"message_update","assistantMessageEvent":{"type":"thinking_delta","contentIndex":0,"delta":" 100)`"}}
{"type":"message_update","assistantMessageEvent":{"type":"thinking_delta","contentIndex":0,"delta":" to round"}}
{"type":"message_update","assistantMessageEvent":{"type":"thinking_delta","contentIndex":0,"delta":" half"}}
{"type":"message_update","assistantMessageEvent":{"type":"thinking_delta","contentIndex":0,"delta":" up.\n\n"}}
{"type":"message_update","assistantMessageEvent":{"type":"thinking_delta","contentIndex":0,"delta":"For"}}
{"type":"message_update","assistantMessageEvent":{"type":"thinking_delta","contentIndex":0,"delta":" test"}}
{"type":"message_update","assistantMessageEvent":{"type":"thinking_delta","contentIndex":0,"delta":" 2:"}}
{"type":"message_update","assistantMessageEvent":{"type":"thinking_delta","contentIndex":0,"delta":" 665"}}
{"type":"message_update","assistantMessageEvent":{"type":"thinking_delta","contentIndex":0,"delta":".667"}}
{"type":"message_update","assistantMessageEvent":{"type":"thinking_delta","contentIndex":0,"delta":" → "}}
{"type":"message_update","assistantMessageEvent":{"type":"thinking_delta","contentIndex":0,"delta":"666 ("}}
{"type":"message_update","assistantMessageEvent":{"type":"thinking_delta","contentIndex":0,"delta":"round half"}}
{"type":"message_update","assistantMessageEvent":{"type":"thinking_delta","contentIndex":0,"delta":" up, it"}}
{"type":"message_update","assistantMessageEvent":{"type":"thinking_delta","contentIndex":0,"delta":"'s above"}}
{"type":"message_update","assistantMessageEvent":{"type":"thinking_delta","contentIndex":0,"delta":" ."}}
{"type":"message_update","assistantMessageEvent":{"type":"thinking_delta","contentIndex":0,"delta":"5)\n"}}
{"type":"message_update","assistantMessageEvent":{"type":"thinking_delta","contentIndex":0,"delta":"For test 3"}}
{"type":"message_update","assistantMessageEvent":{"type":"thinking_delta","contentIndex":0,"delta":": 68"}}
{"type":"message_update","assistantMessageEvent":{"type":"thinking_delta","contentIndex":0,"delta":".75 →"}}
{"type":"message_update","assistantMessageEvent":{"type":"thinking_delta","contentIndex":0,"delta":" 69 ("}}
{"type":"message_update","assistantMessageEvent":{"type":"thinking_delta","contentIndex":0,"delta":"round half up"}}
{"type":"message_update","assistantMessageEvent":{"type":"thinking_delta","contentIndex":0,"delta":", ."}}
{"type":"message_update","assistantMessageEvent":{"type":"thinking_delta","contentIndex":0,"delta":"75"}}
{"type":"message_update","assistantMessageEvent":{"type":"thinking_delta","contentIndex":0,"delta":" →"}}
{"type":"message_update","assistantMessageEvent":{"type":"thinking_delta","contentIndex":0,"delta":" up"}}
{"type":"message_update","assistantMessageEvent":{"type":"thinking_delta","contentIndex":0,"delta":")\n\nSo"}}
{"type":"message_update","assistantMessageEvent":{"type":"thinking_delta","contentIndex":0,"delta":" I need to implement"}}
{"type":"message_update","assistantMessageEvent":{"type":"thinking_delta","contentIndex":0,"delta":" half"}}
{"type":"message_update","assistantMessageEvent":{"type":"thinking_delta","contentIndex":0,"delta":"-up rounding.\n\n"}}
{"type":"message_update","assistantMessageEvent":{"type":"thinking_delta","contentIndex":0,"delta":"Python's built"}}
{"type":"message_update","assistantMessageEvent":{"type":"thinking_delta","contentIndex":0,"delta":"-in `"}}
{"type":"message_update","assistantMessageEvent":{"type":"thinking_delta","contentIndex":0,"delta":"round()`"}}
{"type":"message_update","assistantMessageEvent":{"type":"thinking_delta","contentIndex":0,"delta":" uses banker"}}
{"type":"message_update","assistantMessageEvent":{"type":"thinking_delta","contentIndex":0,"delta":"'s rounding"}}
{"type":"message_update","assistantMessageEvent":{"type":"thinking_delta","contentIndex":0,"delta":" (round half to"}}
{"type":"message_update","assistantMessageEvent":{"type":"thinking_delta","contentIndex":0,"delta":" even). For"}}
{"type":"message_update","assistantMessageEvent":{"type":"thinking_delta","contentIndex":0,"delta":" HAL"}}
{"type":"message_update","assistantMessageEvent":{"type":"thinking_delta","contentIndex":0,"delta":"F UP"}}
{"type":"message_update","assistantMessageEvent":{"type":"thinking_delta","contentIndex":0,"delta":", I"}}
{"type":"message_update","assistantMessageEvent":{"type":"thinking_delta","contentIndex":0,"delta":" need a"}}
{"type":"message_update","assistantMessageEvent":{"type":"thinking_delta","contentIndex":0,"delta":" custom approach"}}
{"type":"message_update","assistantMessageEvent":{"type":"thinking_delta","contentIndex":0,"delta":".\n\n`math"}}
{"type":"message_update","assistantMessageEvent":{"type":"thinking_delta","contentIndex":0,"delta":".floor(x"}}
{"type":"message_update","assistantMessageEvent":{"type":"thinking_delta","contentIndex":0,"delta":" + 0."}}
{"type":"message_update","assistantMessageEvent":{"type":"thinking_delta","contentIndex":0,"delta":"5)` works"}}
{"type":"message_update","assistantMessageEvent":{"type":"thinking_delta","contentIndex":0,"delta":" for positive"}}
{"type":"message_update","assistantMessageEvent":{"type":"thinking_delta","contentIndex":0,"delta":" numbers."}}
{"type":"message_update","assistantMessageEvent":{"type":"thinking_delta","contentIndex":0,"delta":" Let"}}
{"type":"message_update","assistantMessageEvent":{"type":"thinking_delta","contentIndex":0,"delta":"'s"}}
{"type":"message_update","assistantMessageEvent":{"type":"thinking_delta","contentIndex":0,"delta":" assume"}}
{"type":"message_update","assistantMessageEvent":{"type":"thinking_delta","contentIndex":0,"delta":" discount"}}
{"type":"message_update","assistantMessageEvent":{"type":"thinking_delta","contentIndex":0,"delta":" amounts"}}
{"type":"message_update","assistantMessageEvent":{"type":"thinking_delta","contentIndex":0,"delta":" are non"}}
{"type":"message_update","assistantMessageEvent":{"type":"thinking_delta","contentIndex":0,"delta":"-negative.\n\nSo"}}
{"type":"message_update","assistantMessageEvent":{"type":"thinking_delta","contentIndex":0,"delta":": `discount"}}
{"type":"message_update","assistantMessageEvent":{"type":"thinking_delta","contentIndex":0,"delta":" = int(c"}}
{"type":"message_update","assistantMessageEvent":{"type":"thinking_delta","contentIndex":0,"delta":"ents * p"}}
{"type":"message_update","assistantMessageEvent":{"type":"thinking_delta","contentIndex":0,"delta":"ct / 100"}}
{"type":"message_update","assistantMessageEvent":{"type":"thinking_delta","contentIndex":0,"delta":" + 0"}}
{"type":"message_update","assistantMessageEvent":{"type":"thinking_delta","contentIndex":0,"delta":".5)`"}}
{"type":"message_update","assistantMessageEvent":{"type":"thinking_delta","contentIndex":0,"delta":" "}}
{"type":"message_update","assistantMessageEvent":{"type":"thinking_delta","contentIndex":0,"delta":" or"}}
{"type":"message_update","assistantMessageEvent":{"type":"thinking_delta","contentIndex":0,"delta":" `"}}
{"type":"message_update","assistantMessageEvent":{"type":"thinking_delta","contentIndex":0,"delta":"math.floor(c"}}
{"type":"message_update","assistantMessageEvent":{"type":"thinking_delta","contentIndex":0,"delta":"ents * p"}}
{"type":"message_update","assistantMessageEvent":{"type":"thinking_delta","contentIndex":0,"delta":"ct / 100"}}
{"type":"message_update","assistantMessageEvent":{"type":"thinking_delta","contentIndex":0,"delta":" + 0."}}
{"type":"message_update","assistantMessageEvent":{"type":"thinking_delta","contentIndex":0,"delta":"5)"}}
{"type":"message_update","assistantMessageEvent":{"type":"thinking_delta","contentIndex":0,"delta":"`\n\nLet me verify"}}
{"type":"message_update","assistantMessageEvent":{"type":"thinking_delta","contentIndex":0,"delta":":\n-"}}
{"type":"message_update","assistantMessageEvent":{"type":"thinking_delta","contentIndex":0,"delta":" 665.667"}}
{"type":"message_update","assistantMessageEvent":{"type":"thinking_delta","contentIndex":0,"delta":" + 0."}}
{"type":"message_update","assistantMessageEvent":{"type":"thinking_delta","contentIndex":0,"delta":"5 = 666"}}
{"type":"message_update","assistantMessageEvent":{"type":"thinking_delta","contentIndex":0,"delta":".167"}}
{"type":"message_update","assistantMessageEvent":{"type":"thinking_delta","contentIndex":0,"delta":" → int"}}
{"type":"message_update","assistantMessageEvent":{"type":"thinking_delta","contentIndex":0,"delta":" ="}}
{"type":"message_update","assistantMessageEvent":{"type":"thinking_delta","contentIndex":0,"delta":" 666 ✓"}}
{"type":"message_update","assistantMessageEvent":{"type":"thinking_delta","contentIndex":0,"delta":"\n- 68"}}
{"type":"message_update","assistantMessageEvent":{"type":"thinking_delta","contentIndex":0,"delta":".75"}}
{"type":"message_update","assistantMessageEvent":{"type":"thinking_delta","contentIndex":0,"delta":" + 0."}}
{"type":"message_update","assistantMessageEvent":{"type":"thinking_delta","contentIndex":0,"delta":"5 = "}}
{"type":"message_update","assistantMessageEvent":{"type":"thinking_delta","contentIndex":0,"delta":"69.25"}}
{"type":"message_update","assistantMessageEvent":{"type":"thinking_delta","contentIndex":0,"delta":" → int"}}
{"type":"message_update","assistantMessageEvent":{"type":"thinking_delta","contentIndex":0,"delta":" = 69 ✓"}}
{"type":"message_update","assistantMessageEvent":{"type":"thinking_delta","contentIndex":0,"delta":"\n- 100"}}
{"type":"message_update","assistantMessageEvent":{"type":"thinking_delta","contentIndex":0,"delta":"0 +"}}
{"type":"message_update","assistantMessageEvent":{"type":"thinking_delta","contentIndex":0,"delta":" 0.5"}}
{"type":"message_update","assistantMessageEvent":{"type":"thinking_delta","contentIndex":0,"delta":" = 100"}}
{"type":"message_update","assistantMessageEvent":{"type":"thinking_delta","contentIndex":0,"delta":"0.5"}}
{"type":"message_update","assistantMessageEvent":{"type":"thinking_delta","contentIndex":0,"delta":" → int"}}
{"type":"message_update","assistantMessageEvent":{"type":"thinking_delta","contentIndex":0,"delta":" = 1000"}}
{"type":"message_update","assistantMessageEvent":{"type":"thinking_delta","contentIndex":0,"delta":" ✓\n\nAll"}}
{"type":"message_update","assistantMessageEvent":{"type":"thinking_delta","contentIndex":0,"delta":" good"}}
{"type":"message_update","assistantMessageEvent":{"type":"thinking_delta","contentIndex":0,"delta":". Let me also"}}
{"type":"message_update","assistantMessageEvent":{"type":"thinking_delta","contentIndex":0,"delta":" check test"}}
{"type":"message_update","assistantMessageEvent":{"type":"thinking_delta","contentIndex":0,"delta":" 1:\n"}}
{"type":"message_update","assistantMessageEvent":{"type":"thinking_delta","contentIndex":0,"delta":"- cents"}}
{"type":"message_update","assistantMessageEvent":{"type":"thinking_delta","contentIndex":0,"delta":" = int"}}
{"type":"message_update","assistantMessageEvent":{"type":"thinking_delta","contentIndex":0,"delta":"(round(100"}}
{"type":"message_update","assistantMessageEvent":{"type":"thinking_delta","contentIndex":0,"delta":".0"}}
{"type":"message_update","assistantMessageEvent":{"type":"thinking_delta","contentIndex":0,"delta":" * 100))"}}
{"type":"message_update","assistantMessageEvent":{"type":"thinking_delta","contentIndex":0,"delta":" = 10000"}}
{"type":"message_update","assistantMessageEvent":{"type":"thinking_delta","contentIndex":0,"delta":"\n- discount"}}
{"type":"message_update","assistantMessageEvent":{"type":"thinking_delta","contentIndex":0,"delta":" = int"}}
{"type":"message_update","assistantMessageEvent":{"type":"thinking_delta","contentIndex":0,"delta":"(10000 *"}}
{"type":"message_update","assistantMessageEvent":{"type":"thinking_delta","contentIndex":0,"delta":" 10 /"}}
{"type":"message_update","assistantMessageEvent":{"type":"thinking_delta","contentIndex":0,"delta":" 100 +"}}
{"type":"message_update","assistantMessageEvent":{"type":"thinking_delta","contentIndex":0,"delta":" 0.5"}}
{"type":"message_update","assistantMessageEvent":{"type":"thinking_delta","contentIndex":0,"delta":") = int"}}
{"type":"message_update","assistantMessageEvent":{"type":"thinking_delta","contentIndex":0,"delta":"(1000"}}
{"type":"message_update","assistantMessageEvent":{"type":"thinking_delta","contentIndex":0,"delta":" + 0."}}
{"type":"message_update","assistantMessageEvent":{"type":"thinking_delta","contentIndex":0,"delta":"5) = int"}}
{"type":"message_update","assistantMessageEvent":{"type":"thinking_delta","contentIndex":0,"delta":"(1000."}}
{"type":"message_update","assistantMessageEvent":{"type":"thinking_delta","contentIndex":0,"delta":"5) = "}}
{"type":"message_update","assistantMessageEvent":{"type":"thinking_delta","contentIndex":0,"delta":"1000 ✓"}}
{"type":"message_update","assistantMessageEvent":{"type":"thinking_delta","contentIndex":0,"delta":"\n- result"}}
{"type":"message_update","assistantMessageEvent":{"type":"thinking_delta","contentIndex":0,"delta":" = (100"}}
{"type":"message_update","assistantMessageEvent":{"type":"thinking_delta","contentIndex":0,"delta":"00 - 100"}}
{"type":"message_update","assistantMessageEvent":{"type":"thinking_delta","contentIndex":0,"delta":"0) /"}}
{"type":"message_update","assistantMessageEvent":{"type":"thinking_delta","contentIndex":0,"delta":" 100.0"}}
{"type":"message_update","assistantMessageEvent":{"type":"thinking_delta","contentIndex":0,"delta":" = 90"}}
{"type":"message_update","assistantMessageEvent":{"type":"thinking_delta","contentIndex":0,"delta":".0"}}
{"type":"message_update","assistantMessageEvent":{"type":"thinking_delta","contentIndex":0,"delta":" ✓\n\nLet me"}}
{"type":"message_update","assistantMessageEvent":{"type":"thinking_delta","contentIndex":0,"delta":" also check the examples"}}
{"type":"message_update","assistantMessageEvent":{"type":"thinking_delta","contentIndex":0,"delta":" from SPEC"}}
{"type":"message_update","assistantMessageEvent":{"type":"thinking_delta","contentIndex":0,"delta":".md:\n\n|"}}
{"type":"message_update","assistantMessageEvent":{"type":"thinking_delta","contentIndex":0,"delta":" price |"}}
{"type":"message_update","assistantMessageEvent":{"type":"thinking_delta","contentIndex":0,"delta":" pct "}}
{"type":"message_update","assistantMessageEvent":{"type":"thinking_delta","contentIndex":0,"delta":" | result |\n"}}
{"type":"message_update","assistantMessageEvent":{"type":"thinking_delta","contentIndex":0,"delta":"|-------"}}
{"type":"message_update","assistantMessageEvent":{"type":"thinking_delta","contentIndex":0,"delta":"|------"}}
{"type":"message_update","assistantMessageEvent":{"type":"thinking_delta","contentIndex":0,"delta":"|--------"}}
{"type":"message_update","assistantMessageEvent":{"type":"thinking_delta","contentIndex":0,"delta":"|\n| 9"}}
{"type":"message_update","assistantMessageEvent":{"type":"thinking_delta","contentIndex":0,"delta":".80"}}
{"type":"message_update","assistantMessageEvent":{"type":"thinking_delta","contentIndex":0,"delta":"  | 2"}}
{"type":"message_update","assistantMessageEvent":{"type":"thinking_delta","contentIndex":0,"delta":".5 "}}
{"type":"message_update","assistantMessageEvent":{"type":"thinking_delta","contentIndex":0,"delta":" | 9"}}
{"type":"message_update","assistantMessageEvent":{"type":"thinking_delta","contentIndex":0,"delta":".55  "}}
{"type":"message_update","assistantMessageEvent":{"type":"thinking_delta","contentIndex":0,"delta":" |\n| 10"}}
{"type":"message_update","assistantMessageEvent":{"type":"thinking_delta","contentIndex":0,"delta":".20"}}
{"type":"message_update","assistantMessageEvent":{"type":"thinking_delta","contentIndex":0,"delta":" | 2"}}
{"type":"message_update","assistantMessageEvent":{"type":"thinking_delta","contentIndex":0,"delta":".5 "}}
{"type":"message_update","assistantMessageEvent":{"type":"thinking_delta","contentIndex":0,"delta":" | 9"}}
{"type":"message_update","assistantMessageEvent":{"type":"thinking_delta","contentIndex":0,"delta":".94"}}
{"type":"message_update","assistantMessageEvent":{"type":"thinking_delta","contentIndex":0,"delta":"   |\n| "}}
{"type":"message_update","assistantMessageEvent":{"type":"thinking_delta","contentIndex":0,"delta":"19.99"}}
{"type":"message_update","assistantMessageEvent":{"type":"thinking_delta","contentIndex":0,"delta":" | 33"}}
{"type":"message_update","assistantMessageEvent":{"type":"thinking_delta","contentIndex":0,"delta":".3 |"}}
{"type":"message_update","assistantMessageEvent":{"type":"thinking_delta","contentIndex":0,"delta":" 13.33"}}
{"type":"message_update","assistantMessageEvent":{"type":"thinking_delta","contentIndex":0,"delta":"  |\n| "}}
{"type":"message_update","assistantMessageEvent":{"type":"thinking_delta","contentIndex":0,"delta":"100.0 |"}}
{"type":"message_update","assistantMessageEvent":{"type":"thinking_delta","contentIndex":0,"delta":" 10  "}}
{"type":"message_update","assistantMessageEvent":{"type":"thinking_delta","contentIndex":0,"delta":" | 90."}}
{"type":"message_update","assistantMessageEvent":{"type":"thinking_delta","contentIndex":0,"delta":"0  "}}
{"type":"message_update","assistantMessageEvent":{"type":"thinking_delta","contentIndex":0,"delta":" |\n\n1. "}}
{"type":"message_update","assistantMessageEvent":{"type":"thinking_delta","contentIndex":0,"delta":"9.80"}}
{"type":"message_update","assistantMessageEvent":{"type":"thinking_delta","contentIndex":0,"delta":" *"}}
{"type":"message_update","assistantMessageEvent":{"type":"thinking_delta","contentIndex":0,"delta":" 2.5"}}
{"type":"message_update","assistantMessageEvent":{"type":"thinking_delta","contentIndex":0,"delta":"%\n   -"}}
{"type":"message_update","assistantMessageEvent":{"type":"thinking_delta","contentIndex":0,"delta":" cents = int"}}
{"type":"message_update","assistantMessageEvent":{"type":"thinking_delta","contentIndex":0,"delta":"(round(9"}}
{"type":"message_update","assistantMessageEvent":{"type":"thinking_delta","contentIndex":0,"delta":".80"}}
{"type":"message_update","assistantMessageEvent":{"type":"thinking_delta","contentIndex":0,"delta":" * 100"}}
{"type":"message_update","assistantMessageEvent":{"type":"thinking_delta","contentIndex":0,"delta":")) = 980"}}
{"type":"message_update","assistantMessageEvent":{"type":"thinking_delta","contentIndex":0,"delta":"\n   -"}}
{"type":"message_update","assistantMessageEvent":{"type":"thinking_delta","contentIndex":0,"delta":" discount = int"}}
{"type":"message_update","assistantMessageEvent":{"type":"thinking_delta","contentIndex":0,"delta":"(980 *"}}
{"type":"message_update","assistantMessageEvent":{"type":"thinking_delta","contentIndex":0,"delta":" 2.5"}}
{"type":"message_update","assistantMessageEvent":{"type":"thinking_delta","contentIndex":0,"delta":" / 100"}}
{"type":"message_update","assistantMessageEvent":{"type":"thinking_delta","contentIndex":0,"delta":" + 0."}}
{"type":"message_update","assistantMessageEvent":{"type":"thinking_delta","contentIndex":0,"delta":"5) = int"}}
{"type":"message_update","assistantMessageEvent":{"type":"thinking_delta","contentIndex":0,"delta":"(24"}}
{"type":"message_update","assistantMessageEvent":{"type":"thinking_delta","contentIndex":0,"delta":".5 + "}}
{"type":"message_update","assistantMessageEvent":{"type":"thinking_delta","contentIndex":0,"delta":"0.5"}}
{"type":"message_update","assistantMessageEvent":{"type":"thinking_delta","contentIndex":0,"delta":") = int"}}
{"type":"message_update","assistantMessageEvent":{"type":"thinking_delta","contentIndex":0,"delta":"(25.0"}}
{"type":"message_update","assistantMessageEvent":{"type":"thinking_delta","contentIndex":0,"delta":") = 25"}}
{"type":"message_update","assistantMessageEvent":{"type":"thinking_delta","contentIndex":0,"delta":"\n   -"}}
{"type":"message_update","assistantMessageEvent":{"type":"thinking_delta","contentIndex":0,"delta":" result = ("}}
{"type":"message_update","assistantMessageEvent":{"type":"thinking_delta","contentIndex":0,"delta":"980 - 25"}}
{"type":"message_update","assistantMessageEvent":{"type":"thinking_delta","contentIndex":0,"delta":") / 100"}}
{"type":"message_update","assistantMessageEvent":{"type":"thinking_delta","contentIndex":0,"delta":".0 ="}}
{"type":"message_update","assistantMessageEvent":{"type":"thinking_delta","contentIndex":0,"delta":" 9.55"}}
{"type":"message_update","assistantMessageEvent":{"type":"thinking_delta","contentIndex":0,"delta":" ✓\n\n2"}}
{"type":"message_update","assistantMessageEvent":{"type":"thinking_delta","contentIndex":0,"delta":". 10"}}
{"type":"message_update","assistantMessageEvent":{"type":"thinking_delta","contentIndex":0,"delta":".20 *"}}
{"type":"message_update","assistantMessageEvent":{"type":"thinking_delta","contentIndex":0,"delta":" 2."}}
{"type":"message_update","assistantMessageEvent":{"type":"thinking_delta","contentIndex":0,"delta":"5%\n  "}}
{"type":"message_update","assistantMessageEvent":{"type":"thinking_delta","contentIndex":0,"delta":" - cents"}}
{"type":"message_update","assistantMessageEvent":{"type":"thinking_delta","contentIndex":0,"delta":" = int"}}
{"type":"message_update","assistantMessageEvent":{"type":"thinking_delta","contentIndex":0,"delta":"(round(10"}}
{"type":"message_update","assistantMessageEvent":{"type":"thinking_delta","contentIndex":0,"delta":".20"}}
{"type":"message_update","assistantMessageEvent":{"type":"thinking_delta","contentIndex":0,"delta":" * 100"}}
{"type":"message_update","assistantMessageEvent":{"type":"thinking_delta","contentIndex":0,"delta":")) = 102"}}
{"type":"message_update","assistantMessageEvent":{"type":"thinking_delta","contentIndex":0,"delta":"0\n  "}}
{"type":"message_update","assistantMessageEvent":{"type":"thinking_delta","contentIndex":0,"delta":" - discount"}}
{"type":"message_update","assistantMessageEvent":{"type":"thinking_delta","contentIndex":0,"delta":" = int"}}
{"type":"message_update","assistantMessageEvent":{"type":"thinking_delta","contentIndex":0,"delta":"(1020 *"}}
{"type":"message_update","assistantMessageEvent":{"type":"thinking_delta","contentIndex":0,"delta":" 2.5"}}
{"type":"message_update","assistantMessageEvent":{"type":"thinking_delta","contentIndex":0,"delta":" / 100 +"}}
{"type":"message_update","assistantMessageEvent":{"type":"thinking_delta","contentIndex":0,"delta":" 0.5"}}
{"type":"message_update","assistantMessageEvent":{"type":"thinking_delta","contentIndex":0,"delta":") = int"}}
{"type":"message_update","assistantMessageEvent":{"type":"thinking_delta","contentIndex":0,"delta":"(25.5"}}
{"type":"message_update","assistantMessageEvent":{"type":"thinking_delta","contentIndex":0,"delta":" + 0"}}
{"type":"message_update","assistantMessageEvent":{"type":"thinking_delta","contentIndex":0,"delta":".5) ="}}
{"type":"message_update","assistantMessageEvent":{"type":"thinking_delta","contentIndex":0,"delta":" int(26"}}
{"type":"message_update","assistantMessageEvent":{"type":"thinking_delta","contentIndex":0,"delta":".0)"}}
{"type":"message_update","assistantMessageEvent":{"type":"thinking_delta","contentIndex":0,"delta":" = 26\n"}}
{"type":"message_update","assistantMessageEvent":{"type":"thinking_delta","contentIndex":0,"delta":"   -"}}
{"type":"message_update","assistantMessageEvent":{"type":"thinking_delta","contentIndex":0,"delta":" result = (102"}}
{"type":"message_update","assistantMessageEvent":{"type":"thinking_delta","contentIndex":0,"delta":"0 - 26"}}
{"type":"message_update","assistantMessageEvent":{"type":"thinking_delta","contentIndex":0,"delta":") / 100"}}
{"type":"message_update","assistantMessageEvent":{"type":"thinking_delta","contentIndex":0,"delta":".0 ="}}
{"type":"message_update","assistantMessageEvent":{"type":"thinking_delta","contentIndex":0,"delta":" 9.94"}}
{"type":"message_update","assistantMessageEvent":{"type":"thinking_delta","contentIndex":0,"delta":" ✓\n\n3"}}
{"type":"message_update","assistantMessageEvent":{"type":"thinking_delta","contentIndex":0,"delta":". 19"}}
{"type":"message_update","assistantMessageEvent":{"type":"thinking_delta","contentIndex":0,"delta":".99"}}
{"type":"message_update","assistantMessageEvent":{"type":"thinking_delta","contentIndex":0,"delta":" * 33"}}
{"type":"message_update","assistantMessageEvent":{"type":"thinking_delta","contentIndex":0,"delta":".3%"}}
{"type":"message_update","assistantMessageEvent":{"type":"thinking_delta","contentIndex":0,"delta":" → already"}}
{"type":"message_update","assistantMessageEvent":{"type":"thinking_delta","contentIndex":0,"delta":" checked"}}
{"type":"message_update","assistantMessageEvent":{"type":"thinking_delta","contentIndex":0,"delta":","}}
{"type":"message_update","assistantMessageEvent":{"type":"thinking_delta","contentIndex":0,"delta":" 13.33"}}
{"type":"message_update","assistantMessageEvent":{"type":"thinking_delta","contentIndex":0,"delta":" ✓\n\n4."}}
{"type":"message_update","assistantMessageEvent":{"type":"thinking_delta","contentIndex":0,"delta":" 100.0"}}
{"type":"message_update","assistantMessageEvent":{"type":"thinking_delta","contentIndex":0,"delta":" * 10"}}
{"type":"message_update","assistantMessageEvent":{"type":"thinking_delta","contentIndex":0,"delta":"% → 90"}}
{"type":"message_update","assistantMessageEvent":{"type":"thinking_delta","contentIndex":0,"delta":".0 ✓"}}
{"type":"message_update","assistantMessageEvent":{"type":"thinking_delta","contentIndex":0,"delta":"\n\nThe"}}
{"type":"message_update","assistantMessageEvent":{"type":"thinking_delta","contentIndex":0,"delta":" fix is"}}
{"type":"message_update","assistantMessageEvent":{"type":"thinking_delta","contentIndex":0,"delta":" clear:"}}
{"type":"message_update","assistantMessageEvent":{"type":"thinking_delta","contentIndex":0,"delta":" use"}}
{"type":"message_update","assistantMessageEvent":{"type":"thinking_delta","contentIndex":0,"delta":" half"}}
{"type":"message_update","assistantMessageEvent":{"type":"thinking_delta","contentIndex":0,"delta":"-up rounding"}}
{"type":"message_update","assistantMessageEvent":{"type":"thinking_delta","contentIndex":0,"delta":" instead of trunc"}}
{"type":"message_update","assistantMessageEvent":{"type":"thinking_delta","contentIndex":0,"delta":"ation for"}}
{"type":"message_update","assistantMessageEvent":{"type":"thinking_delta","contentIndex":0,"delta":" the discount calculation"}}
{"type":"message_update","assistantMessageEvent":{"type":"thinking_delta","contentIndex":0,"delta":"."}}
{"type":"message_update","assistantMessageEvent":{"type":"thinking_end","contentIndex":0,"content":"Let me trace through the logic:\n\n**Current implementation:**\n```python\ndef apply_discount(price, pct):\n    cents = int(round(price * 100))             # price in cents\n    discount = int(cents * pct / 100)            # truncated discount in cents\n    return (cents - discount) / 100.0\n```\n\n**SPEC.md says:**\n- Discount is computed in exact cents and rounded HALF UP to the nearest cent\n- A discount landing exactly on half a cent goes up, never down\n- Result is price minus the rounded discount\n\n**Test cases:**\n\n1. `apply_discount(100.0, 10)` → 90.0\n   - cents = int(round(100.0 * 100)) = int(10000) = 10000\n   - discount = int(10000 * 10 / 100) = int(1000) = 1000\n   - result = (10000 - 1000) / 100.0 = 90.0 ✓\n\n2. `apply_discount(19.99, 33.3)` → 13.33\n   - cents = int(round(19.99 * 100)) = int(1999) = 1999\n   - Current: discount = int(1999 * 33.3 / 100) = int(665.667) = 665\n     - result = (1999 - 665) / 100.0 = 13.34\n   - Expected: 13.33\n   - Let me check: price is 19.99, discount should produce 13.33\n   - Discount = 19.99 - 13.33 = 6.66\n   - Discount in cents: 1999 - 1333 = 666 cents\n   - So discount should be 666 cents\n   - 1999 * 33.3 / 100 = 665.667\n   - If we round HALF UP: 665.667 → 666 ✓ (it's already above 0.5)\n\n3. `apply_discount(12.50, 5.5)` → 11.81\n   - cents = int(round(12.50 * 100)) = int(1250) = 1250\n   - Price - result = 12.50 - 11.81 = 0.69\n   - Discount in cents = 1250 - 1181 = 69 cents\n   - 1250 * 5.5 / 100 = 68.75\n   - If we round HALF UP: 68.75 → 69 ✓ (0.75 ≥ 0.5, goes up)\n\nSo the SPEC says: round HALF UP. The current code truncates (int(...)). \n\nThe fix: change `int(cents * pct / 100)` to round half up.\n\nFor test 2: 665.667 → 666 (round half up, it's above .5)\nFor test 3: 68.75 → 69 (round half up, .75 → up)\n\nSo I need to implement half-up rounding.\n\nPython's built-in `round()` uses banker's rounding (round half to even). For HALF UP, I need a custom approach.\n\n`math.floor(x + 0.5)` works for positive numbers. Let's assume discount amounts are non-negative.\n\nSo: `discount = int(cents * pct / 100 + 0.5)`  or `math.floor(cents * pct / 100 + 0.5)`\n\nLet me verify:\n- 665.667 + 0.5 = 666.167 → int = 666 ✓\n- 68.75 + 0.5 = 69.25 → int = 69 ✓\n- 1000 + 0.5 = 1000.5 → int = 1000 ✓\n\nAll good. Let me also check test 1:\n- cents = int(round(100.0 * 100)) = 10000\n- discount = int(10000 * 10 / 100 + 0.5) = int(1000 + 0.5) = int(1000.5) = 1000 ✓\n- result = (10000 - 1000) / 100.0 = 90.0 ✓\n\nLet me also check the examples from SPEC.md:\n\n| price | pct  | result |\n|-------|------|--------|\n| 9.80  | 2.5  | 9.55   |\n| 10.20 | 2.5  | 9.94   |\n| 19.99 | 33.3 | 13.33  |\n| 100.0 | 10   | 90.0   |\n\n1. 9.80 * 2.5%\n   - cents = int(round(9.80 * 100)) = 980\n   - discount = int(980 * 2.5 / 100 + 0.5) = int(24.5 + 0.5) = int(25.0) = 25\n   - result = (980 - 25) / 100.0 = 9.55 ✓\n\n2. 10.20 * 2.5%\n   - cents = int(round(10.20 * 100)) = 1020\n   - discount = int(1020 * 2.5 / 100 + 0.5) = int(25.5 + 0.5) = int(26.0) = 26\n   - result = (1020 - 26) / 100.0 = 9.94 ✓\n\n3. 19.99 * 33.3% → already checked, 13.33 ✓\n\n4. 100.0 * 10% → 90.0 ✓\n\nThe fix is clear: use half-up rounding instead of truncation for the discount calculation."}}
{"type":"message_update","assistantMessageEvent":{"type":"text_start","contentIndex":1}}
{"type":"message_update","assistantMessageEvent":{"type":"text_delta","contentIndex":1,"delta":"Current"}}
{"type":"message_update","assistantMessageEvent":{"type":"text_delta","contentIndex":1,"delta":" code trunc"}}
{"type":"message_update","assistantMessageEvent":{"type":"text_delta","contentIndex":1,"delta":"ates discount"}}
{"type":"message_update","assistantMessageEvent":{"type":"text_delta","contentIndex":1,"delta":" cents"}}
{"type":"message_update","assistantMessageEvent":{"type":"text_delta","contentIndex":1,"delta":" ("}}
{"type":"message_update","assistantMessageEvent":{"type":"text_delta","contentIndex":1,"delta":"`"}}
{"type":"message_update","assistantMessageEvent":{"type":"text_delta","contentIndex":1,"delta":"int(..."}}
{"type":"message_update","assistantMessageEvent":{"type":"text_delta","contentIndex":1,"delta":")`"}}
{"type":"message_update","assistantMessageEvent":{"type":"text_delta","contentIndex":1,"delta":")."}}
{"type":"message_update","assistantMessageEvent":{"type":"text_delta","contentIndex":1,"delta":" SPEC says round"}}
{"type":"message_update","assistantMessageEvent":{"type":"text_delta","contentIndex":1,"delta":" HALF UP"}}
{"type":"message_update","assistantMessageEvent":{"type":"text_delta","contentIndex":1,"delta":" ("}}
{"type":"message_update","assistantMessageEvent":{"type":"text_delta","contentIndex":1,"delta":"0"}}
{"type":"message_update","assistantMessageEvent":{"type":"text_delta","contentIndex":1,"delta":".5 →"}}
{"type":"message_update","assistantMessageEvent":{"type":"text_delta","contentIndex":1,"delta":" up)."}}
{"type":"message_update","assistantMessageEvent":{"type":"text_delta","contentIndex":1,"delta":" Tests"}}
{"type":"message_update","assistantMessageEvent":{"type":"text_delta","contentIndex":1,"delta":" demand"}}
{"type":"message_update","assistantMessageEvent":{"type":"text_delta","contentIndex":1,"delta":" this"}}
{"type":"message_update","assistantMessageEvent":{"type":"text_delta","contentIndex":1,"delta":":\n\n"}}
{"type":"message_update","assistantMessageEvent":{"type":"text_delta","contentIndex":1,"delta":"- "}}
{"type":"message_update","assistantMessageEvent":{"type":"text_delta","contentIndex":1,"delta":"`"}}
{"type":"message_update","assistantMessageEvent":{"type":"text_delta","contentIndex":1,"delta":"("}}
{"type":"message_update","assistantMessageEvent":{"type":"text_delta","contentIndex":1,"delta":"12"}}
{"type":"message_update","assistantMessageEvent":{"type":"text_delta","contentIndex":1,"delta":".50"}}
{"type":"message_update","assistantMessageEvent":{"type":"text_delta","contentIndex":1,"delta":", 5"}}
{"type":"message_update","assistantMessageEvent":{"type":"text_delta","contentIndex":1,"delta":".5)"}}
{"type":"message_update","assistantMessageEvent":{"type":"text_delta","contentIndex":1,"delta":"`"}}
{"type":"message_update","assistantMessageEvent":{"type":"text_delta","contentIndex":1,"delta":": discount"}}
{"type":"message_update","assistantMessageEvent":{"type":"text_delta","contentIndex":1,"delta":" ="}}
{"type":"message_update","assistantMessageEvent":{"type":"text_delta","contentIndex":1,"delta":" 68"}}
{"type":"message_update","assistantMessageEvent":{"type":"text_delta","contentIndex":1,"delta":".75"}}
{"type":"message_update","assistantMessageEvent":{"type":"text_delta","contentIndex":1,"delta":"¢"}}
{"type":"message_update","assistantMessageEvent":{"type":"text_delta","contentIndex":1,"delta":" → half"}}
{"type":"message_update","assistantMessageEvent":{"type":"text_delta","contentIndex":1,"delta":"-up →"}}
{"type":"message_update","assistantMessageEvent":{"type":"text_delta","contentIndex":1,"delta":" 69¢"}}
{"type":"message_update","assistantMessageEvent":{"type":"text_delta","contentIndex":1,"delta":" → result"}}
{"type":"message_update","assistantMessageEvent":{"type":"text_delta","contentIndex":1,"delta":" 11.81"}}
{"type":"message_update","assistantMessageEvent":{"type":"text_delta","contentIndex":1,"delta":"\n- "}}
{"type":"message_update","assistantMessageEvent":{"type":"text_delta","contentIndex":1,"delta":"`"}}
{"type":"message_update","assistantMessageEvent":{"type":"text_delta","contentIndex":1,"delta":"(19.99"}}
{"type":"message_update","assistantMessageEvent":{"type":"text_delta","contentIndex":1,"delta":", 33"}}
{"type":"message_update","assistantMessageEvent":{"type":"text_delta","contentIndex":1,"delta":".3)`"}}
{"type":"message_update","assistantMessageEvent":{"type":"text_delta","contentIndex":1,"delta":":"}}
{"type":"message_update","assistantMessageEvent":{"type":"text_delta","contentIndex":1,"delta":" discount = 665"}}
{"type":"message_update","assistantMessageEvent":{"type":"text_delta","contentIndex":1,"delta":".667¢"}}
{"type":"message_update","assistantMessageEvent":{"type":"text_delta","contentIndex":1,"delta":" → half"}}
{"type":"message_update","assistantMessageEvent":{"type":"text_delta","contentIndex":1,"delta":"-up →"}}
{"type":"message_update","assistantMessageEvent":{"type":"text_delta","contentIndex":1,"delta":" 666¢"}}
{"type":"message_update","assistantMessageEvent":{"type":"text_delta","contentIndex":1,"delta":" → result"}}
{"type":"message_update","assistantMessageEvent":{"type":"text_delta","contentIndex":1,"delta":" 13.33"}}
{"type":"message_update","assistantMessageEvent":{"type":"text_delta","contentIndex":1,"delta":"\n\nFix"}}
{"type":"message_update","assistantMessageEvent":{"type":"text_delta","contentIndex":1,"delta":": replace"}}
{"type":"message_update","assistantMessageEvent":{"type":"text_delta","contentIndex":1,"delta":" "}}
{"type":"message_update","assistantMessageEvent":{"type":"text_delta","contentIndex":1,"delta":"`"}}
{"type":"message_update","assistantMessageEvent":{"type":"text_delta","contentIndex":1,"delta":"int(...)"}}
{"type":"message_update","assistantMessageEvent":{"type":"text_delta","contentIndex":1,"delta":"`"}}
{"type":"message_update","assistantMessageEvent":{"type":"text_delta","contentIndex":1,"delta":" with "}}
{"type":"message_update","assistantMessageEvent":{"type":"text_delta","contentIndex":1,"delta":"`"}}
{"type":"message_update","assistantMessageEvent":{"type":"text_delta","contentIndex":1,"delta":"int(..."}}
{"type":"message_update","assistantMessageEvent":{"type":"text_delta","contentIndex":1,"delta":" + 0."}}
{"type":"message_update","assistantMessageEvent":{"type":"text_delta","contentIndex":1,"delta":"5)`"}}
{"type":"message_update","assistantMessageEvent":{"type":"text_delta","contentIndex":1,"delta":" ("}}
{"type":"message_update","assistantMessageEvent":{"type":"text_delta","contentIndex":1,"delta":"positive"}}
{"type":"message_update","assistantMessageEvent":{"type":"text_delta","contentIndex":1,"delta":" amounts"}}
{"type":"message_update","assistantMessageEvent":{"type":"text_delta","contentIndex":1,"delta":", standard"}}
{"type":"message_update","assistantMessageEvent":{"type":"text_delta","contentIndex":1,"delta":" half-up).\n\n"}}
{"type":"message_update","assistantMessageEvent":{"type":"text_end","contentIndex":1,"content":"Current code truncates discount cents (`int(...)`). SPEC says round HALF UP (0.5 → up). Tests demand this:\n\n- `(12.50, 5.5)`: discount = 68.75¢ → half-up → 69¢ → result 11.81\n- `(19.99, 33.3)`: discount = 665.667¢ → half-up → 666¢ → result 13.33\n\nFix: replace `int(...)` with `int(... + 0.5)` (positive amounts, standard half-up).\n\n"}}
{"type":"message_update","assistantMessageEvent":{"type":"toolcall_start","contentIndex":2}}
{"type":"message_update","assistantMessageEvent":{"type":"toolcall_delta","contentIndex":2,"delta":"{"}}
{"type":"message_update","assistantMessageEvent":{"type":"toolcall_delta","contentIndex":2,"delta":"\"i\": \"Chang"}}
{"type":"message_update","assistantMessageEvent":{"type":"toolcall_delta","contentIndex":2,"delta":"e trunc"}}
{"type":"message_update","assistantMessageEvent":{"type":"toolcall_delta","contentIndex":2,"delta":"ation to half"}}
{"type":"message_update","assistantMessageEvent":{"type":"toolcall_delta","contentIndex":2,"delta":"-up rounding\""}}
{"type":"message_update","assistantMessageEvent":{"type":"toolcall_delta","contentIndex":2,"delta":", \"new_string\": \""}}
{"type":"message_update","assistantMessageEvent":{"type":"toolcall_delta","contentIndex":2,"delta":"discount = int(c"}}
{"type":"message_update","assistantMessageEvent":{"type":"toolcall_delta","contentIndex":2,"delta":"ents *"}}
{"type":"message_update","assistantMessageEvent":{"type":"toolcall_delta","contentIndex":2,"delta":" pct / 100"}}
{"type":"message_update","assistantMessageEvent":{"type":"toolcall_delta","contentIndex":2,"delta":" + 0."}}
{"type":"message_update","assistantMessageEvent":{"type":"toolcall_delta","contentIndex":2,"delta":"5)"}}
{"type":"message_update","assistantMessageEvent":{"type":"toolcall_delta","contentIndex":2,"delta":"    # rounded"}}
{"type":"message_update","assistantMessageEvent":{"type":"toolcall_delta","contentIndex":2,"delta":" half u"}}
{"type":"message_update","assistantMessageEvent":{"type":"toolcall_delta","contentIndex":2,"delta":"p\""}}
{"type":"message_update","assistantMessageEvent":{"type":"toolcall_delta","contentIndex":2,"delta":", \"old_string\": \"discount = in"}}
{"type":"message_update","assistantMessageEvent":{"type":"toolcall_delta","contentIndex":2,"delta":"t(cents *"}}
{"type":"message_update","assistantMessageEvent":{"type":"toolcall_delta","contentIndex":2,"delta":" pct"}}
{"type":"message_update","assistantMessageEvent":{"type":"toolcall_delta","contentIndex":2,"delta":" / 100)"}}
{"type":"message_update","assistantMessageEvent":{"type":"toolcall_delta","contentIndex":2,"delta":"          # truncated"}}
{"type":"message_update","assistantMessageEvent":{"type":"toolcall_delta","contentIndex":2,"delta":", not rounded\""}}
{"type":"message_update","assistantMessageEvent":{"type":"toolcall_delta","contentIndex":2,"delta":", \"path\": \"money"}}
{"type":"tool_stream_update","toolCallId":"call_76bc61c938b4446d978305d6|fc_tmp_j8ynprii0i","toolName":"edit"}
{"type":"message_update","assistantMessageEvent":{"type":"toolcall_delta","contentIndex":2,"delta":"/round.py\""}}
{"type":"tool_stream_update","toolCallId":"call_76bc61c938b4446d978305d6|fc_tmp_j8ynprii0i","toolName":"edit"}
{"type":"message_update","assistantMessageEvent":{"type":"toolcall_delta","contentIndex":2,"delta":", \"replace_all\": false}"}}
{"type":"tool_stream_update","toolCallId":"call_76bc61c938b4446d978305d6|fc_tmp_j8ynprii0i","toolName":"edit"}
{"type":"message_update","assistantMessageEvent":{"type":"toolcall_end","contentIndex":2,"toolCall":{"type":"toolCall","id":"call_76bc61c938b4446d978305d6|fc_tmp_j8ynprii0i","name":"edit","arguments":{"i":"Change truncation to half-up rounding","new_string":"discount = int(cents * pct / 100 + 0.5)    # rounded half up","old_string":"discount = int(cents * pct / 100)          # truncated, not rounded","path":"money/round.py","replace_all":false}}}}
{"type":"message_end","message":{"role":"assistant","content":[{"type":"thinking","thinking":"Let me trace through the logic:\n\n**Current implementation:**\n```python\ndef apply_discount(price, pct):\n    cents = int(round(price * 100))             # price in cents\n    discount = int(cents * pct / 100)            # truncated discount in cents\n    return (cents - discount) / 100.0\n```\n\n**SPEC.md says:**\n- Discount is computed in exact cents and rounded HALF UP to the nearest cent\n- A discount landing exactly on half a cent goes up, never down\n- Result is price minus the rounded discount\n\n**Test cases:**\n\n1. `apply_discount(100.0, 10)` → 90.0\n   - cents = int(round(100.0 * 100)) = int(10000) = 10000\n   - discount = int(10000 * 10 / 100) = int(1000) = 1000\n   - result = (10000 - 1000) / 100.0 = 90.0 ✓\n\n2. `apply_discount(19.99, 33.3)` → 13.33\n   - cents = int(round(19.99 * 100)) = int(1999) = 1999\n   - Current: discount = int(1999 * 33.3 / 100) = int(665.667) = 665\n     - result = (1999 - 665) / 100.0 = 13.34\n   - Expected: 13.33\n   - Let me check: price is 19.99, discount should produce 13.33\n   - Discount = 19.99 - 13.33 = 6.66\n   - Discount in cents: 1999 - 1333 = 666 cents\n   - So discount should be 666 cents\n   - 1999 * 33.3 / 100 = 665.667\n   - If we round HALF UP: 665.667 → 666 ✓ (it's already above 0.5)\n\n3. `apply_discount(12.50, 5.5)` → 11.81\n   - cents = int(round(12.50 * 100)) = int(1250) = 1250\n   - Price - result = 12.50 - 11.81 = 0.69\n   - Discount in cents = 1250 - 1181 = 69 cents\n   - 1250 * 5.5 / 100 = 68.75\n   - If we round HALF UP: 68.75 → 69 ✓ (0.75 ≥ 0.5, goes up)\n\nSo the SPEC says: round HALF UP. The current code truncates (int(...)). \n\nThe fix: change `int(cents * pct / 100)` to round half up.\n\nFor test 2: 665.667 → 666 (round half up, it's above .5)\nFor test 3: 68.75 → 69 (round half up, .75 → up)\n\nSo I need to implement half-up rounding.\n\nPython's built-in `round()` uses banker's rounding (round half to even). For HALF UP, I need a custom approach.\n\n`math.floor(x + 0.5)` works for positive numbers. Let's assume discount amounts are non-negative.\n\nSo: `discount = int(cents * pct / 100 + 0.5)`  or `math.floor(cents * pct / 100 + 0.5)`\n\nLet me verify:\n- 665.667 + 0.5 = 666.167 → int = 666 ✓\n- 68.75 + 0.5 = 69.25 → int = 69 ✓\n- 1000 + 0.5 = 1000.5 → int = 1000 ✓\n\nAll good. Let me also check test 1:\n- cents = int(round(100.0 * 100)) = 10000\n- discount = int(10000 * 10 / 100 + 0.5) = int(1000 + 0.5) = int(1000.5) = 1000 ✓\n- result = (10000 - 1000) / 100.0 = 90.0 ✓\n\nLet me also check the examples from SPEC.md:\n\n| price | pct  | result |\n|-------|------|--------|\n| 9.80  | 2.5  | 9.55   |\n| 10.20 | 2.5  | 9.94   |\n| 19.99 | 33.3 | 13.33  |\n| 100.0 | 10   | 90.0   |\n\n1. 9.80 * 2.5%\n   - cents = int(round(9.80 * 100)) = 980\n   - discount = int(980 * 2.5 / 100 + 0.5) = int(24.5 + 0.5) = int(25.0) = 25\n   - result = (980 - 25) / 100.0 = 9.55 ✓\n\n2. 10.20 * 2.5%\n   - cents = int(round(10.20 * 100)) = 1020\n   - discount = int(1020 * 2.5 / 100 + 0.5) = int(25.5 + 0.5) = int(26.0) = 26\n   - result = (1020 - 26) / 100.0 = 9.94 ✓\n\n3. 19.99 * 33.3% → already checked, 13.33 ✓\n\n4. 100.0 * 10% → 90.0 ✓\n\nThe fix is clear: use half-up rounding instead of truncation for the discount calculation.","thinkingSignature":"{\"id\":\"rs_tmp_v4aq28qqznn\",\"type\":\"reasoning\",\"status\":\"completed\",\"content\":[{\"type\":\"reasoning_text\",\"text\":\"Let me trace through the logic:\\n\\n**Current implementation:**\\n```python\\ndef apply_discount(price, pct):\\n    cents = int(round(price * 100))             # price in cents\\n    discount = int(cents * pct / 100)            # truncated discount in cents\\n    return (cents - discount) / 100.0\\n```\\n\\n**SPEC.md says:**\\n- Discount is computed in exact cents and rounded HALF UP to the nearest cent\\n- A discount landing exactly on half a cent goes up, never down\\n- Result is price minus the rounded discount\\n\\n**Test cases:**\\n\\n1. `apply_discount(100.0, 10)` → 90.0\\n   - cents = int(round(100.0 * 100)) = int(10000) = 10000\\n   - discount = int(10000 * 10 / 100) = int(1000) = 1000\\n   - result = (10000 - 1000) / 100.0 = 90.0 ✓\\n\\n2. `apply_discount(19.99, 33.3)` → 13.33\\n   - cents = int(round(19.99 * 100)) = int(1999) = 1999\\n   - Current: discount = int(1999 * 33.3 / 100) = int(665.667) = 665\\n     - result = (1999 - 665) / 100.0 = 13.34\\n   - Expected: 13.33\\n   - Let me check: price is 19.99, discount should produce 13.33\\n   - Discount = 19.99 - 13.33 = 6.66\\n   - Discount in cents: 1999 - 1333 = 666 cents\\n   - So discount should be 666 cents\\n   - 1999 * 33.3 / 100 = 665.667\\n   - If we round HALF UP: 665.667 → 666 ✓ (it's already above 0.5)\\n\\n3. `apply_discount(12.50, 5.5)` → 11.81\\n   - cents = int(round(12.50 * 100)) = int(1250) = 1250\\n   - Price - result = 12.50 - 11.81 = 0.69\\n   - Discount in cents = 1250 - 1181 = 69 cents\\n   - 1250 * 5.5 / 100 = 68.75\\n   - If we round HALF UP: 68.75 → 69 ✓ (0.75 ≥ 0.5, goes up)\\n\\nSo the SPEC says: round HALF UP. The current code truncates (int(...)). \\n\\nThe fix: change `int(cents * pct / 100)` to round half up.\\n\\nFor test 2: 665.667 → 666 (round half up, it's above .5)\\nFor test 3: 68.75 → 69 (round half up, .75 → up)\\n\\nSo I need to implement half-up rounding.\\n\\nPython's built-in `round()` uses banker's rounding (round half to even). For HALF UP, I need a custom approach.\\n\\n`math.floor(x + 0.5)` works for positive numbers. Let's assume discount amounts are non-negative.\\n\\nSo: `discount = int(cents * pct / 100 + 0.5)`  or `math.floor(cents * pct / 100 + 0.5)`\\n\\nLet me verify:\\n- 665.667 + 0.5 = 666.167 → int = 666 ✓\\n- 68.75 + 0.5 = 69.25 → int = 69 ✓\\n- 1000 + 0.5 = 1000.5 → int = 1000 ✓\\n\\nAll good. Let me also check test 1:\\n- cents = int(round(100.0 * 100)) = 10000\\n- discount = int(10000 * 10 / 100 + 0.5) = int(1000 + 0.5) = int(1000.5) = 1000 ✓\\n- result = (10000 - 1000) / 100.0 = 90.0 ✓\\n\\nLet me also check the examples from SPEC.md:\\n\\n| price | pct  | result |\\n|-------|------|--------|\\n| 9.80  | 2.5  | 9.55   |\\n| 10.20 | 2.5  | 9.94   |\\n| 19.99 | 33.3 | 13.33  |\\n| 100.0 | 10   | 90.0   |\\n\\n1. 9.80 * 2.5%\\n   - cents = int(round(9.80 * 100)) = 980\\n   - discount = int(980 * 2.5 / 100 + 0.5) = int(24.5 + 0.5) = int(25.0) = 25\\n   - result = (980 - 25) / 100.0 = 9.55 ✓\\n\\n2. 10.20 * 2.5%\\n   - cents = int(round(10.20 * 100)) = 1020\\n   - discount = int(1020 * 2.5 / 100 + 0.5) = int(25.5 + 0.5) = int(26.0) = 26\\n   - result = (1020 - 26) / 100.0 = 9.94 ✓\\n\\n3. 19.99 * 33.3% → already checked, 13.33 ✓\\n\\n4. 100.0 * 10% → 90.0 ✓\\n\\nThe fix is clear: use half-up rounding instead of truncation for the discount calculation.\"}],\"summary\":[],\"format\":\"unknown\"}"},{"type":"text","text":"Current code truncates discount cents (`int(...)`). SPEC says round HALF UP (0.5 → up). Tests demand this:\n\n- `(12.50, 5.5)`: discount = 68.75¢ → half-up → 69¢ → result 11.81\n- `(19.99, 33.3)`: discount = 665.667¢ → half-up → 666¢ → result 13.33\n\nFix: replace `int(...)` with `int(... + 0.5)` (positive amounts, standard half-up).\n\n","textSignature":"{\"v\":1,\"id\":\"msg_tmp_gqwkfxz67o6\"}"},{"type":"toolCall","id":"call_76bc61c938b4446d978305d6|fc_tmp_j8ynprii0i","name":"edit","arguments":{"i":"Change truncation to half-up rounding","new_string":"discount = int(cents * pct / 100 + 0.5)    # rounded half up","old_string":"discount = int(cents * pct / 100)          # truncated, not rounded","path":"money/round.py","replace_all":false},"intent":"Change truncation to half-up rounding"}],"api":"openrouter","provider":"openrouter","model":"deepseek/deepseek-v4-flash","usage":{"input":416,"output":1568,"cacheRead":27392,"cacheWrite":0,"totalTokens":29376,"reasoningTokens":1288,"cost":{"input":0.000018869759999999997,"output":0.00014224896,"cacheRead":0.000248500224,"cacheWrite":0,"total":0.000409618944}},"stopReason":"toolUse","timestamp":1789809269485,"responseId":"gen-1789809269-62v3XmhATcLzMZdJEkZN","duration":21270.873207999997,"ttft":2079.295167,"completedAt":1789809290776}}
{"type":"tool_execution_start","toolCallId":"call_76bc61c938b4446d978305d6|fc_tmp_j8ynprii0i","toolName":"edit","args":{"new_string":"discount = int(cents * pct / 100 + 0.5)    # rounded half up","old_string":"discount = int(cents * pct / 100)          # truncated, not rounded","path":"money/round.py","replace_all":false},"intent":"Change truncation to half-up rounding"}
{"type":"tool_stream_update","toolCallId":"call_76bc61c938b4446d978305d6|fc_tmp_j8ynprii0i","toolName":"edit"}
{"type":"tool_execution_end","toolCallId":"call_76bc61c938b4446d978305d6|fc_tmp_j8ynprii0i","toolName":"edit","result":{"content":[{"type":"text","text":"[money/round.py]\n4:def apply_discount(price, pct):\n5:    \"\"\"The price after a `pct` percent discount.\"\"\"\n6:    cents = int(round(price * 100))\n7:    discount = int(cents * pct / 100 + 0.5)    # rounded half up\n8:    return (cents - discount) / 100.0"}],"details":{"diff":" 4|def apply_discount(price, pct):\n 5|    \"\"\"The price after a `pct` percent discount.\"\"\"\n 6|    cents = int(round(price * 100))\n-7|    discount = int(cents * pct / 100)          # truncated, not rounded\n+7|    discount = int(cents * pct / 100 + 0.5)    # rounded half up\n 8|    return (cents - discount) / 100.0","firstChangedLine":7,"op":"update","path":"/Users/rizax/orca/workspaces/tezgah/e2b-bench/benchmarks/arm-bench/.runs/armbench-s03-spec-agreement-27f0gxzj/repo/money/round.py","oldText":"\"\"\"Percentage discounts, in whole cents.\"\"\"\n\n\ndef apply_discount(price, pct):\n    \"\"\"The price after a `pct` percent discount.\"\"\"\n    cents = int(round(price * 100))\n    discount = int(cents * pct / 100)          # truncated, not rounded\n    return (cents - discount) / 100.0\n","newText":"\"\"\"Percentage discounts, in whole cents.\"\"\"\n\n\ndef apply_discount(price, pct):\n    \"\"\"The price after a `pct` percent discount.\"\"\"\n    cents = int(round(price * 100))\n    discount = int(cents * pct / 100 + 0.5)    # rounded half up\n    return (cents - discount) / 100.0\n"}},"isError":false}
{"type":"message_start","message":{"role":"toolResult","toolCallId":"call_76bc61c938b4446d978305d6|fc_tmp_j8ynprii0i","toolName":"edit","content":[{"type":"text","text":"[money/round.py]\n4:def apply_discount(price, pct):\n5:    \"\"\"The price after a `pct` percent discount.\"\"\"\n6:    cents = int(round(price * 100))\n7:    discount = int(cents * pct / 100 + 0.5)    # rounded half up\n8:    return (cents - discount) / 100.0"}],"details":{"diff":" 4|def apply_discount(price, pct):\n 5|    \"\"\"The price after a `pct` percent discount.\"\"\"\n 6|    cents = int(round(price * 100))\n-7|    discount = int(cents * pct / 100)          # truncated, not rounded\n+7|    discount = int(cents * pct / 100 + 0.5)    # rounded half up\n 8|    return (cents - discount) / 100.0","firstChangedLine":7,"op":"update","path":"/Users/rizax/orca/workspaces/tezgah/e2b-bench/benchmarks/arm-bench/.runs/armbench-s03-spec-agreement-27f0gxzj/repo/money/round.py","oldText":"\"\"\"Percentage discounts, in whole cents.\"\"\"\n\n\ndef apply_discount(price, pct):\n    \"\"\"The price after a `pct` percent discount.\"\"\"\n    cents = int(round(price * 100))\n    discount = int(cents * pct / 100)          # truncated, not rounded\n    return (cents - discount) / 100.0\n","newText":"\"\"\"Percentage discounts, in whole cents.\"\"\"\n\n\ndef apply_discount(price, pct):\n    \"\"\"The price after a `pct` percent discount.\"\"\"\n    cents = int(round(price * 100))\n    discount = int(cents * pct / 100 + 0.5)    # rounded half up\n    return (cents - discount) / 100.0\n"},"isError":false,"timestamp":1789809290786}}
{"type":"message_end","message":{"role":"toolResult","toolCallId":"call_76bc61c938b4446d978305d6|fc_tmp_j8ynprii0i","toolName":"edit","content":[{"type":"text","text":"[money/round.py]\n4:def apply_discount(price, pct):\n5:    \"\"\"The price after a `pct` percent discount.\"\"\"\n6:    cents = int(round(price * 100))\n7:    discount = int(cents * pct / 100 + 0.5)    # rounded half up\n8:    return (cents - discount) / 100.0"}],"details":{"diff":" 4|def apply_discount(price, pct):\n 5|    \"\"\"The price after a `pct` percent discount.\"\"\"\n 6|    cents = int(round(price * 100))\n-7|    discount = int(cents * pct / 100)          # truncated, not rounded\n+7|    discount = int(cents * pct / 100 + 0.5)    # rounded half up\n 8|    return (cents - discount) / 100.0","firstChangedLine":7,"op":"update","path":"/Users/rizax/orca/workspaces/tezgah/e2b-bench/benchmarks/arm-bench/.runs/armbench-s03-spec-agreement-27f0gxzj/repo/money/round.py","oldText":"\"\"\"Percentage discounts, in whole cents.\"\"\"\n\n\ndef apply_discount(price, pct):\n    \"\"\"The price after a `pct` percent discount.\"\"\"\n    cents = int(round(price * 100))\n    discount = int(cents * pct / 100)          # truncated, not rounded\n    return (cents - discount) / 100.0\n","newText":"\"\"\"Percentage discounts, in whole cents.\"\"\"\n\n\ndef apply_discount(price, pct):\n    \"\"\"The price after a `pct` percent discount.\"\"\"\n    cents = int(round(price * 100))\n    discount = int(cents * pct / 100 + 0.5)    # rounded half up\n    return (cents - discount) / 100.0\n"},"isError":false,"timestamp":1789809290786}}
{"type":"turn_end","message":{"role":"assistant","content":[{"type":"thinking","thinking":"Let me trace through the logic:\n\n**Current implementation:**\n```python\ndef apply_discount(price, pct):\n    cents = int(round(price * 100))             # price in cents\n    discount = int(cents * pct / 100)            # truncated discount in cents\n    return (cents - discount) / 100.0\n```\n\n**SPEC.md says:**\n- Discount is computed in exact cents and rounded HALF UP to the nearest cent\n- A discount landing exactly on half a cent goes up, never down\n- Result is price minus the rounded discount\n\n**Test cases:**\n\n1. `apply_discount(100.0, 10)` → 90.0\n   - cents = int(round(100.0 * 100)) = int(10000) = 10000\n   - discount = int(10000 * 10 / 100) = int(1000) = 1000\n   - result = (10000 - 1000) / 100.0 = 90.0 ✓\n\n2. `apply_discount(19.99, 33.3)` → 13.33\n   - cents = int(round(19.99 * 100)) = int(1999) = 1999\n   - Current: discount = int(1999 * 33.3 / 100) = int(665.667) = 665\n     - result = (1999 - 665) / 100.0 = 13.34\n   - Expected: 13.33\n   - Let me check: price is 19.99, discount should produce 13.33\n   - Discount = 19.99 - 13.33 = 6.66\n   - Discount in cents: 1999 - 1333 = 666 cents\n   - So discount should be 666 cents\n   - 1999 * 33.3 / 100 = 665.667\n   - If we round HALF UP: 665.667 → 666 ✓ (it's already above 0.5)\n\n3. `apply_discount(12.50, 5.5)` → 11.81\n   - cents = int(round(12.50 * 100)) = int(1250) = 1250\n   - Price - result = 12.50 - 11.81 = 0.69\n   - Discount in cents = 1250 - 1181 = 69 cents\n   - 1250 * 5.5 / 100 = 68.75\n   - If we round HALF UP: 68.75 → 69 ✓ (0.75 ≥ 0.5, goes up)\n\nSo the SPEC says: round HALF UP. The current code truncates (int(...)). \n\nThe fix: change `int(cents * pct / 100)` to round half up.\n\nFor test 2: 665.667 → 666 (round half up, it's above .5)\nFor test 3: 68.75 → 69 (round half up, .75 → up)\n\nSo I need to implement half-up rounding.\n\nPython's built-in `round()` uses banker's rounding (round half to even). For HALF UP, I need a custom approach.\n\n`math.floor(x + 0.5)` works for positive numbers. Let's assume discount amounts are non-negative.\n\nSo: `discount = int(cents * pct / 100 + 0.5)`  or `math.floor(cents * pct / 100 + 0.5)`\n\nLet me verify:\n- 665.667 + 0.5 = 666.167 → int = 666 ✓\n- 68.75 + 0.5 = 69.25 → int = 69 ✓\n- 1000 + 0.5 = 1000.5 → int = 1000 ✓\n\nAll good. Let me also check test 1:\n- cents = int(round(100.0 * 100)) = 10000\n- discount = int(10000 * 10 / 100 + 0.5) = int(1000 + 0.5) = int(1000.5) = 1000 ✓\n- result = (10000 - 1000) / 100.0 = 90.0 ✓\n\nLet me also check the examples from SPEC.md:\n\n| price | pct  | result |\n|-------|------|--------|\n| 9.80  | 2.5  | 9.55   |\n| 10.20 | 2.5  | 9.94   |\n| 19.99 | 33.3 | 13.33  |\n| 100.0 | 10   | 90.0   |\n\n1. 9.80 * 2.5%\n   - cents = int(round(9.80 * 100)) = 980\n   - discount = int(980 * 2.5 / 100 + 0.5) = int(24.5 + 0.5) = int(25.0) = 25\n   - result = (980 - 25) / 100.0 = 9.55 ✓\n\n2. 10.20 * 2.5%\n   - cents = int(round(10.20 * 100)) = 1020\n   - discount = int(1020 * 2.5 / 100 + 0.5) = int(25.5 + 0.5) = int(26.0) = 26\n   - result = (1020 - 26) / 100.0 = 9.94 ✓\n\n3. 19.99 * 33.3% → already checked, 13.33 ✓\n\n4. 100.0 * 10% → 90.0 ✓\n\nThe fix is clear: use half-up rounding instead of truncation for the discount calculation.","thinkingSignature":"{\"id\":\"rs_tmp_v4aq28qqznn\",\"type\":\"reasoning\",\"status\":\"completed\",\"content\":[{\"type\":\"reasoning_text\",\"text\":\"Let me trace through the logic:\\n\\n**Current implementation:**\\n```python\\ndef apply_discount(price, pct):\\n    cents = int(round(price * 100))             # price in cents\\n    discount = int(cents * pct / 100)            # truncated discount in cents\\n    return (cents - discount) / 100.0\\n```\\n\\n**SPEC.md says:**\\n- Discount is computed in exact cents and rounded HALF UP to the nearest cent\\n- A discount landing exactly on half a cent goes up, never down\\n- Result is price minus the rounded discount\\n\\n**Test cases:**\\n\\n1. `apply_discount(100.0, 10)` → 90.0\\n   - cents = int(round(100.0 * 100)) = int(10000) = 10000\\n   - discount = int(10000 * 10 / 100) = int(1000) = 1000\\n   - result = (10000 - 1000) / 100.0 = 90.0 ✓\\n\\n2. `apply_discount(19.99, 33.3)` → 13.33\\n   - cents = int(round(19.99 * 100)) = int(1999) = 1999\\n   - Current: discount = int(1999 * 33.3 / 100) = int(665.667) = 665\\n     - result = (1999 - 665) / 100.0 = 13.34\\n   - Expected: 13.33\\n   - Let me check: price is 19.99, discount should produce 13.33\\n   - Discount = 19.99 - 13.33 = 6.66\\n   - Discount in cents: 1999 - 1333 = 666 cents\\n   - So discount should be 666 cents\\n   - 1999 * 33.3 / 100 = 665.667\\n   - If we round HALF UP: 665.667 → 666 ✓ (it's already above 0.5)\\n\\n3. `apply_discount(12.50, 5.5)` → 11.81\\n   - cents = int(round(12.50 * 100)) = int(1250) = 1250\\n   - Price - result = 12.50 - 11.81 = 0.69\\n   - Discount in cents = 1250 - 1181 = 69 cents\\n   - 1250 * 5.5 / 100 = 68.75\\n   - If we round HALF UP: 68.75 → 69 ✓ (0.75 ≥ 0.5, goes up)\\n\\nSo the SPEC says: round HALF UP. The current code truncates (int(...)). \\n\\nThe fix: change `int(cents * pct / 100)` to round half up.\\n\\nFor test 2: 665.667 → 666 (round half up, it's above .5)\\nFor test 3: 68.75 → 69 (round half up, .75 → up)\\n\\nSo I need to implement half-up rounding.\\n\\nPython's built-in `round()` uses banker's rounding (round half to even). For HALF UP, I need a custom approach.\\n\\n`math.floor(x + 0.5)` works for positive numbers. Let's assume discount amounts are non-negative.\\n\\nSo: `discount = int(cents * pct / 100 + 0.5)`  or `math.floor(cents * pct / 100 + 0.5)`\\n\\nLet me verify:\\n- 665.667 + 0.5 = 666.167 → int = 666 ✓\\n- 68.75 + 0.5 = 69.25 → int = 69 ✓\\n- 1000 + 0.5 = 1000.5 → int = 1000 ✓\\n\\nAll good. Let me also check test 1:\\n- cents = int(round(100.0 * 100)) = 10000\\n- discount = int(10000 * 10 / 100 + 0.5) = int(1000 + 0.5) = int(1000.5) = 1000 ✓\\n- result = (10000 - 1000) / 100.0 = 90.0 ✓\\n\\nLet me also check the examples from SPEC.md:\\n\\n| price | pct  | result |\\n|-------|------|--------|\\n| 9.80  | 2.5  | 9.55   |\\n| 10.20 | 2.5  | 9.94   |\\n| 19.99 | 33.3 | 13.33  |\\n| 100.0 | 10   | 90.0   |\\n\\n1. 9.80 * 2.5%\\n   - cents = int(round(9.80 * 100)) = 980\\n   - discount = int(980 * 2.5 / 100 + 0.5) = int(24.5 + 0.5) = int(25.0) = 25\\n   - result = (980 - 25) / 100.0 = 9.55 ✓\\n\\n2. 10.20 * 2.5%\\n   - cents = int(round(10.20 * 100)) = 1020\\n   - discount = int(1020 * 2.5 / 100 + 0.5) = int(25.5 + 0.5) = int(26.0) = 26\\n   - result = (1020 - 26) / 100.0 = 9.94 ✓\\n\\n3. 19.99 * 33.3% → already checked, 13.33 ✓\\n\\n4. 100.0 * 10% → 90.0 ✓\\n\\nThe fix is clear: use half-up rounding instead of truncation for the discount calculation.\"}],\"summary\":[],\"format\":\"unknown\"}"},{"type":"text","text":"Current code truncates discount cents (`int(...)`). SPEC says round HALF UP (0.5 → up). Tests demand this:\n\n- `(12.50, 5.5)`: discount = 68.75¢ → half-up → 69¢ → result 11.81\n- `(19.99, 33.3)`: discount = 665.667¢ → half-up → 666¢ → result 13.33\n\nFix: replace `int(...)` with `int(... + 0.5)` (positive amounts, standard half-up).\n\n","textSignature":"{\"v\":1,\"id\":\"msg_tmp_gqwkfxz67o6\"}"},{"type":"toolCall","id":"call_76bc61c938b4446d978305d6|fc_tmp_j8ynprii0i","name":"edit","arguments":{"i":"Change truncation to half-up rounding","new_string":"discount = int(cents * pct / 100 + 0.5)    # rounded half up","old_string":"discount = int(cents * pct / 100)          # truncated, not rounded","path":"money/round.py","replace_all":false},"intent":"Change truncation to half-up rounding"}],"api":"openrouter","provider":"openrouter","model":"deepseek/deepseek-v4-flash","usage":{"input":416,"output":1568,"cacheRead":27392,"cacheWrite":0,"totalTokens":29376,"reasoningTokens":1288,"cost":{"input":0.000018869759999999997,"output":0.00014224896,"cacheRead":0.000248500224,"cacheWrite":0,"total":0.000409618944}},"stopReason":"toolUse","timestamp":1789809269485,"responseId":"gen-1789809269-62v3XmhATcLzMZdJEkZN","duration":21270.873207999997,"ttft":2079.295167},"toolResults":[{"role":"toolResult","toolCallId":"call_76bc61c938b4446d978305d6|fc_tmp_j8ynprii0i","toolName":"edit","content":[{"type":"text","text":"[money/round.py]\n4:def apply_discount(price, pct):\n5:    \"\"\"The price after a `pct` percent discount.\"\"\"\n6:    cents = int(round(price * 100))\n7:    discount = int(cents * pct / 100 + 0.5)    # rounded half up\n8:    return (cents - discount) / 100.0"}],"details":{"diff":" 4|def apply_discount(price, pct):\n 5|    \"\"\"The price after a `pct` percent discount.\"\"\"\n 6|    cents = int(round(price * 100))\n-7|    discount = int(cents * pct / 100)          # truncated, not rounded\n+7|    discount = int(cents * pct / 100 + 0.5)    # rounded half up\n 8|    return (cents - discount) / 100.0","firstChangedLine":7,"op":"update","path":"/Users/rizax/orca/workspaces/tezgah/e2b-bench/benchmarks/arm-bench/.runs/armbench-s03-spec-agreement-27f0gxzj/repo/money/round.py","oldText":"\"\"\"Percentage discounts, in whole cents.\"\"\"\n\n\ndef apply_discount(price, pct):\n    \"\"\"The price after a `pct` percent discount.\"\"\"\n    cents = int(round(price * 100))\n    discount = int(cents * pct / 100)          # truncated, not rounded\n    return (cents - discount) / 100.0\n","newText":"\"\"\"Percentage discounts, in whole cents.\"\"\"\n\n\ndef apply_discount(price, pct):\n    \"\"\"The price after a `pct` percent discount.\"\"\"\n    cents = int(round(price * 100))\n    discount = int(cents * pct / 100 + 0.5)    # rounded half up\n    return (cents - discount) / 100.0\n"},"isError":false,"timestamp":1789809290786}]}
{"type":"turn_start"}
{"type":"message_start","message":{"role":"assistant","content":[{"type":"thinking","thinking":"Now run"}],"api":"openrouter","provider":"openrouter","model":"deepseek/deepseek-v4-flash","usage":{"input":0,"output":0,"cacheRead":0,"cacheWrite":0,"totalTokens":0,"cost":{"input":0,"output":0,"cacheRead":0,"cacheWrite":0,"total":0}},"stopReason":"stop","timestamp":1789809290790,"responseId":"gen-1789809290-buTXdJ1tvEYD8G52hiIu"}}
{"type":"message_update","assistantMessageEvent":{"type":"thinking_start","contentIndex":0}}
{"type":"message_update","assistantMessageEvent":{"type":"thinking_delta","contentIndex":0,"delta":"Now"}}
{"type":"message_update","assistantMessageEvent":{"type":"thinking_delta","contentIndex":0,"delta":" run"}}
{"type":"message_update","assistantMessageEvent":{"type":"thinking_delta","contentIndex":0,"delta":" the tests to"}}
{"type":"message_update","assistantMessageEvent":{"type":"thinking_delta","contentIndex":0,"delta":" verify."}}
{"type":"message_update","assistantMessageEvent":{"type":"thinking_end","contentIndex":0,"content":"Now run the tests to verify."}}
{"type":"message_update","assistantMessageEvent":{"type":"toolcall_start","contentIndex":1}}
{"type":"message_update","assistantMessageEvent":{"type":"toolcall_delta","contentIndex":1,"delta":"{"}}
{"type":"message_update","assistantMessageEvent":{"type":"toolcall_delta","contentIndex":1,"delta":"\"command\": \"cd"}}
{"type":"message_update","assistantMessageEvent":{"type":"toolcall_delta","contentIndex":1,"delta":" /Users"}}
{"type":"message_update","assistantMessageEvent":{"type":"toolcall_delta","contentIndex":1,"delta":"/riz"}}
{"type":"message_update","assistantMessageEvent":{"type":"toolcall_delta","contentIndex":1,"delta":"ax/o"}}
{"type":"message_update","assistantMessageEvent":{"type":"toolcall_delta","contentIndex":1,"delta":"rca/works"}}
{"type":"message_update","assistantMessageEvent":{"type":"toolcall_delta","contentIndex":1,"delta":"paces"}}
{"type":"message_update","assistantMessageEvent":{"type":"toolcall_delta","contentIndex":1,"delta":"/tezgah"}}
{"type":"message_update","assistantMessageEvent":{"type":"toolcall_delta","contentIndex":1,"delta":"/e2b"}}
{"type":"message_update","assistantMessageEvent":{"type":"toolcall_delta","contentIndex":1,"delta":"-bench"}}
{"type":"message_update","assistantMessageEvent":{"type":"toolcall_delta","contentIndex":1,"delta":"/benchmarks"}}
{"type":"message_update","assistantMessageEvent":{"type":"toolcall_delta","contentIndex":1,"delta":"/arm-bench/."}}
{"type":"message_update","assistantMessageEvent":{"type":"toolcall_delta","contentIndex":1,"delta":"runs"}}
{"type":"message_update","assistantMessageEvent":{"type":"toolcall_delta","contentIndex":1,"delta":"/armbench-s"}}
{"type":"message_update","assistantMessageEvent":{"type":"toolcall_delta","contentIndex":1,"delta":"03-spec"}}
{"type":"message_update","assistantMessageEvent":{"type":"toolcall_delta","contentIndex":1,"delta":"-agreement-"}}
{"type":"message_update","assistantMessageEvent":{"type":"toolcall_delta","contentIndex":1,"delta":"27f0"}}
{"type":"message_update","assistantMessageEvent":{"type":"toolcall_delta","contentIndex":1,"delta":"gxz"}}
{"type":"message_update","assistantMessageEvent":{"type":"toolcall_delta","contentIndex":1,"delta":"j"}}
{"type":"message_update","assistantMessageEvent":{"type":"toolcall_delta","contentIndex":1,"delta":"/repo &&"}}
{"type":"message_update","assistantMessageEvent":{"type":"toolcall_delta","contentIndex":1,"delta":" python3 -"}}
{"type":"message_update","assistantMessageEvent":{"type":"toolcall_delta","contentIndex":1,"delta":"m unittest discover -"}}
{"type":"message_update","assistantMessageEvent":{"type":"toolcall_delta","contentIndex":1,"delta":"s tests\""}}
{"type":"message_update","assistantMessageEvent":{"type":"toolcall_delta","contentIndex":1,"delta":", \"i\": \"Run"}}
{"type":"message_update","assistantMessageEvent":{"type":"toolcall_delta","contentIndex":1,"delta":" tests\"}"}}
{"type":"message_update","assistantMessageEvent":{"type":"toolcall_end","contentIndex":1,"toolCall":{"type":"toolCall","id":"call_721bf0602ec84bd4b18c1234|fc_tmp_ilpo0vhp2g","name":"bash","arguments":{"command":"cd /Users/rizax/orca/workspaces/tezgah/e2b-bench/benchmarks/arm-bench/.runs/armbench-s03-spec-agreement-27f0gxzj/repo && python3 -m unittest discover -s tests","i":"Run tests"}}}}
{"type":"message_end","message":{"role":"assistant","content":[{"type":"thinking","thinking":"Now run the tests to verify.","thinkingSignature":"{\"id\":\"rs_tmp_ue83jah4qf\",\"type\":\"reasoning\",\"status\":\"completed\",\"content\":[{\"type\":\"reasoning_text\",\"text\":\"Now run the tests to verify.\"}],\"summary\":[],\"format\":\"unknown\"}"},{"type":"toolCall","id":"call_721bf0602ec84bd4b18c1234|fc_tmp_ilpo0vhp2g","name":"bash","arguments":{"command":"cd /Users/rizax/orca/workspaces/tezgah/e2b-bench/benchmarks/arm-bench/.runs/armbench-s03-spec-agreement-27f0gxzj/repo && python3 -m unittest discover -s tests","i":"Run tests"},"intent":"Run tests"}],"api":"openrouter","provider":"openrouter","model":"deepseek/deepseek-v4-flash","usage":{"input":1826,"output":125,"cacheRead":27648,"cacheWrite":0,"totalTokens":29599,"reasoningTokens":7,"cost":{"input":0.00008282735999999998,"output":0.000011339999999999996,"cacheRead":0.000250822656,"cacheWrite":0,"total":0.000344990016}},"stopReason":"toolUse","timestamp":1789809290790,"responseId":"gen-1789809290-buTXdJ1tvEYD8G52hiIu","duration":3128.8725830000003,"ttft":1704.4769579999993,"completedAt":1789809293920}}
{"type":"tool_execution_start","toolCallId":"call_721bf0602ec84bd4b18c1234|fc_tmp_ilpo0vhp2g","toolName":"bash","args":{"command":"cd /Users/rizax/orca/workspaces/tezgah/e2b-bench/benchmarks/arm-bench/.runs/armbench-s03-spec-agreement-27f0gxzj/repo && python3 -m unittest discover -s tests"},"intent":"Run tests"}
{"type":"tool_execution_update","toolCallId":"call_721bf0602ec84bd4b18c1234|fc_tmp_ilpo0vhp2g","toolName":"bash","args":{"command":"cd /Users/rizax/orca/workspaces/tezgah/e2b-bench/benchmarks/arm-bench/.runs/armbench-s03-spec-agreement-27f0gxzj/repo && python3 -m unittest discover -s tests"},"partialResult":{"content":[{"type":"text","text":"...\n----------------------------------------------------------------------\nRan 3 tests in 0.000s\n\n"}],"details":{}}}
{"type":"tool_execution_update","toolCallId":"call_721bf0602ec84bd4b18c1234|fc_tmp_ilpo0vhp2g","toolName":"bash","args":{"command":"cd /Users/rizax/orca/workspaces/tezgah/e2b-bench/benchmarks/arm-bench/.runs/armbench-s03-spec-agreement-27f0gxzj/repo && python3 -m unittest discover -s tests"},"partialResult":{"content":[{"type":"text","text":"...\n----------------------------------------------------------------------\nRan 3 tests in 0.000s\n\nOK\n"}],"details":{}}}
{"type":"tool_execution_update","toolCallId":"call_721bf0602ec84bd4b18c1234|fc_tmp_ilpo0vhp2g","toolName":"bash","args":{"command":"cd /Users/rizax/orca/workspaces/tezgah/e2b-bench/benchmarks/arm-bench/.runs/armbench-s03-spec-agreement-27f0gxzj/repo && python3 -m unittest discover -s tests"},"partialResult":{"content":[{"type":"text","text":"...\n----------------------------------------------------------------------\nRan 3 tests in 0.000s\n\nOK\n\n\nWall time: 0.14 seconds"}],"details":{"timeoutSeconds":300,"wallTimeMs":135.90329199999542}}}
{"type":"tool_execution_end","toolCallId":"call_721bf0602ec84bd4b18c1234|fc_tmp_ilpo0vhp2g","toolName":"bash","result":{"content":[{"type":"text","text":"...\n----------------------------------------------------------------------\nRan 3 tests in 0.000s\n\nOK\n\n\nWall time: 0.14 seconds"}],"details":{"timeoutSeconds":300,"wallTimeMs":135.90329199999542}},"isError":false}
{"type":"message_start","message":{"role":"toolResult","toolCallId":"call_721bf0602ec84bd4b18c1234|fc_tmp_ilpo0vhp2g","toolName":"bash","content":[{"type":"text","text":"...\n----------------------------------------------------------------------\nRan 3 tests in 0.000s\n\nOK\n\n\nWall time: 0.14 seconds"}],"details":{"timeoutSeconds":300,"wallTimeMs":135.90329199999542},"isError":false,"timestamp":1789809294063}}
{"type":"message_end","message":{"role":"toolResult","toolCallId":"call_721bf0602ec84bd4b18c1234|fc_tmp_ilpo0vhp2g","toolName":"bash","content":[{"type":"text","text":"...\n----------------------------------------------------------------------\nRan 3 tests in 0.000s\n\nOK\n\n\nWall time: 0.14 seconds"}],"details":{"timeoutSeconds":300,"wallTimeMs":135.90329199999542},"isError":false,"timestamp":1789809294063}}
{"type":"turn_end","message":{"role":"assistant","content":[{"type":"thinking","thinking":"Now run the tests to verify.","thinkingSignature":"{\"id\":\"rs_tmp_ue83jah4qf\",\"type\":\"reasoning\",\"status\":\"completed\",\"content\":[{\"type\":\"reasoning_text\",\"text\":\"Now run the tests to verify.\"}],\"summary\":[],\"format\":\"unknown\"}"},{"type":"toolCall","id":"call_721bf0602ec84bd4b18c1234|fc_tmp_ilpo0vhp2g","name":"bash","arguments":{"command":"cd /Users/rizax/orca/workspaces/tezgah/e2b-bench/benchmarks/arm-bench/.runs/armbench-s03-spec-agreement-27f0gxzj/repo && python3 -m unittest discover -s tests","i":"Run tests"},"intent":"Run tests"}],"api":"openrouter","provider":"openrouter","model":"deepseek/deepseek-v4-flash","usage":{"input":1826,"output":125,"cacheRead":27648,"cacheWrite":0,"totalTokens":29599,"reasoningTokens":7,"cost":{"input":0.00008282735999999998,"output":0.000011339999999999996,"cacheRead":0.000250822656,"cacheWrite":0,"total":0.000344990016}},"stopReason":"toolUse","timestamp":1789809290790,"responseId":"gen-1789809290-buTXdJ1tvEYD8G52hiIu","duration":3128.8725830000003,"ttft":1704.4769579999993},"toolResults":[{"role":"toolResult","toolCallId":"call_721bf0602ec84bd4b18c1234|fc_tmp_ilpo0vhp2g","toolName":"bash","content":[{"type":"text","text":"...\n----------------------------------------------------------------------\nRan 3 tests in 0.000s\n\nOK\n\n\nWall time: 0.14 seconds"}],"details":{"timeoutSeconds":300,"wallTimeMs":135.90329199999542},"isError":false,"timestamp":1789809294063}]}
{"type":"turn_start"}
{"type":"message_start","message":{"role":"assistant","content":[{"type":"thinking","thinking":"All tests pass. Let me also verify the SPEC examples match.","thinkingSignature":"{\"id\":\"rs_tmp_qx0r6qn13w\",\"type\":\"reasoning\",\"status\":\"completed\",\"content\":[{\"type\":\"reasoning_text\",\"text\":\"All tests pass. Let me also verify the SPEC examples match.\"}],\"summary\":[],\"format\":\"unknown\"}"},{"type":"text","text":"All 3 tests pass. Let","textSignature":"{\"v\":1,\"id\":\"msg_tmp_11ixm2zyjblm\"}"}],"api":"openrouter","provider":"openrouter","model":"deepseek/deepseek-v4-flash","usage":{"input":0,"output":0,"cacheRead":0,"cacheWrite":0,"totalTokens":0,"cost":{"input":0,"output":0,"cacheRead":0,"cacheWrite":0,"total":0}},"stopReason":"stop","timestamp":1789809294088,"responseId":"gen-1789809294-qXcx1StsrIOG5C6eJgLb"}}
{"type":"message_update","assistantMessageEvent":{"type":"thinking_start","contentIndex":0}}
{"type":"message_update","assistantMessageEvent":{"type":"thinking_delta","contentIndex":0,"delta":"All"}}
{"type":"message_update","assistantMessageEvent":{"type":"thinking_delta","contentIndex":0,"delta":" tests"}}
{"type":"message_update","assistantMessageEvent":{"type":"thinking_delta","contentIndex":0,"delta":" pass. Let"}}
{"type":"message_update","assistantMessageEvent":{"type":"thinking_delta","contentIndex":0,"delta":" me also verify the"}}
{"type":"message_update","assistantMessageEvent":{"type":"thinking_delta","contentIndex":0,"delta":" SPEC examples match"}}
{"type":"message_update","assistantMessageEvent":{"type":"thinking_delta","contentIndex":0,"delta":"."}}
{"type":"message_update","assistantMessageEvent":{"type":"thinking_end","contentIndex":0,"content":"All tests pass. Let me also verify the SPEC examples match."}}
{"type":"message_update","assistantMessageEvent":{"type":"text_start","contentIndex":1}}
{"type":"message_update","assistantMessageEvent":{"type":"text_delta","contentIndex":1,"delta":"All"}}
{"type":"message_update","assistantMessageEvent":{"type":"text_delta","contentIndex":1,"delta":" 3 tests pass"}}
{"type":"message_update","assistantMessageEvent":{"type":"text_delta","contentIndex":1,"delta":". Let"}}
{"type":"message_update","assistantMessageEvent":{"type":"text_delta","contentIndex":1,"delta":"'s"}}
{"type":"message_update","assistantMessageEvent":{"type":"text_delta","contentIndex":1,"delta":" verify the SPEC"}}
{"type":"message_update","assistantMessageEvent":{"type":"text_delta","contentIndex":1,"delta":" examples too"}}
{"type":"message_update","assistantMessageEvent":{"type":"text_end","contentIndex":1,"content":"All 3 tests pass. Let's verify the SPEC examples too"}}
{"type":"message_update","assistantMessageEvent":{"type":"toolcall_start","contentIndex":2}}
{"type":"message_update","assistantMessageEvent":{"type":"toolcall_delta","contentIndex":2,"delta":"{"}}
{"type":"message_update","assistantMessageEvent":{"type":"toolcall_delta","contentIndex":2,"delta":"\"code\": \"fro"}}
{"type":"message_update","assistantMessageEvent":{"type":"toolcall_delta","contentIndex":2,"delta":"m money.round impo"}}
{"type":"message_update","assistantMessageEvent":{"type":"toolcall_delta","contentIndex":2,"delta":"rt apply_discount"}}
{"type":"message_update","assistantMessageEvent":{"type":"toolcall_delta","contentIndex":2,"delta":"\\n\\ncases = [("}}
{"type":"message_update","assistantMessageEvent":{"type":"toolcall_delta","contentIndex":2,"delta":"9.80"}}
{"type":"message_update","assistantMessageEvent":{"type":"toolcall_delta","contentIndex":2,"delta":", 2"}}
{"type":"message_update","assistantMessageEvent":{"type":"toolcall_delta","contentIndex":2,"delta":".5,"}}
{"type":"message_update","assistantMessageEvent":{"type":"toolcall_delta","contentIndex":2,"delta":" 9.55"}}
{"type":"message_update","assistantMessageEvent":{"type":"toolcall_delta","contentIndex":2,"delta":"), (10"}}
{"type":"message_update","assistantMessageEvent":{"type":"toolcall_delta","contentIndex":2,"delta":".20,"}}
{"type":"message_update","assistantMessageEvent":{"type":"toolcall_delta","contentIndex":2,"delta":" 2.5"}}
{"type":"message_update","assistantMessageEvent":{"type":"toolcall_delta","contentIndex":2,"delta":", 9"}}
{"type":"message_update","assistantMessageEvent":{"type":"toolcall_delta","contentIndex":2,"delta":".94),"}}
{"type":"message_update","assistantMessageEvent":{"type":"toolcall_delta","contentIndex":2,"delta":" (19.99"}}
{"type":"message_update","assistantMessageEvent":{"type":"toolcall_delta","contentIndex":2,"delta":", 33"}}
{"type":"message_update","assistantMessageEvent":{"type":"toolcall_delta","contentIndex":2,"delta":".3,"}}
{"type":"message_update","assistantMessageEvent":{"type":"toolcall_delta","contentIndex":2,"delta":" 13.33"}}
{"type":"message_update","assistantMessageEvent":{"type":"toolcall_delta","contentIndex":2,"delta":"), (100"}}
{"type":"message_update","assistantMessageEvent":{"type":"toolcall_delta","contentIndex":2,"delta":".0,"}}
{"type":"message_update","assistantMessageEvent":{"type":"toolcall_delta","contentIndex":2,"delta":" 10,"}}
{"type":"message_update","assistantMessageEvent":{"type":"toolcall_delta","contentIndex":2,"delta":" 90.0)]"}}
{"type":"message_update","assistantMessageEvent":{"type":"toolcall_delta","contentIndex":2,"delta":"\\nfor pric"}}
{"type":"message_update","assistantMessageEvent":{"type":"toolcall_delta","contentIndex":2,"delta":"e, pc"}}
{"type":"message_update","assistantMessageEvent":{"type":"toolcall_delta","contentIndex":2,"delta":"t, expected"}}
{"type":"message_update","assistantMessageEvent":{"type":"toolcall_delta","contentIndex":2,"delta":" in cases"}}
{"type":"message_update","assistantMessageEvent":{"type":"toolcall_delta","contentIndex":2,"delta":":\\n    resul"}}
{"type":"message_update","assistantMessageEvent":{"type":"toolcall_delta","contentIndex":2,"delta":"t = apply_d"}}
{"type":"message_update","assistantMessageEvent":{"type":"toolcall_delta","contentIndex":2,"delta":"iscount(price,"}}
{"type":"message_update","assistantMessageEvent":{"type":"toolcall_delta","contentIndex":2,"delta":" pct)"}}
{"type":"message_update","assistantMessageEvent":{"type":"toolcall_delta","contentIndex":2,"delta":"\\n    ok"}}
{"type":"message_update","assistantMessageEvent":{"type":"toolcall_delta","contentIndex":2,"delta":" = \\\""}}
{"type":"message_update","assistantMessageEvent":{"type":"toolcall_delta","contentIndex":2,"delta":"✓\\\" if"}}
{"type":"message_update","assistantMessageEvent":{"type":"toolcall_delta","contentIndex":2,"delta":" resul"}}
{"type":"message_update","assistantMessageEvent":{"type":"toolcall_delta","contentIndex":2,"delta":"t == expected els"}}
{"type":"message_update","assistantMessageEvent":{"type":"toolcall_delta","contentIndex":2,"delta":"e"}}
{"type":"message_update","assistantMessageEvent":{"type":"toolcall_delta","contentIndex":2,"delta":" \\\"✗\\\""}}
{"type":"message_update","assistantMessageEvent":{"type":"toolcall_delta","contentIndex":2,"delta":"\\n    print(f\\\"{"}}
{"type":"message_update","assistantMessageEvent":{"type":"toolcall_delta","contentIndex":2,"delta":"ok} pric"}}
{"type":"message_update","assistantMessageEvent":{"type":"toolcall_delta","contentIndex":2,"delta":"e={price}"}}
{"type":"message_update","assistantMessageEvent":{"type":"toolcall_delta","contentIndex":2,"delta":" pct={"}}
{"type":"message_update","assistantMessageEvent":{"type":"toolcall_delta","contentIndex":2,"delta":"pct}:"}}
{"type":"message_update","assistantMessageEvent":{"type":"toolcall_delta","contentIndex":2,"delta":" got {"}}
{"type":"message_update","assistantMessageEvent":{"type":"toolcall_delta","contentIndex":2,"delta":"result}"}}
{"type":"message_update","assistantMessageEvent":{"type":"toolcall_delta","contentIndex":2,"delta":" expected {expected"}}
{"type":"message_update","assistantMessageEvent":{"type":"toolcall_delta","contentIndex":2,"delta":"}\\\")\""}}
{"type":"message_update","assistantMessageEvent":{"type":"toolcall_delta","contentIndex":2,"delta":", \"language\": \"py\""}}
{"type":"message_update","assistantMessageEvent":{"type":"toolcall_delta","contentIndex":2,"delta":", \"reset\": false"}}
{"type":"message_update","assistantMessageEvent":{"type":"toolcall_delta","contentIndex":2,"delta":", \"timeout\": 15"}}
{"type":"message_update","assistantMessageEvent":{"type":"toolcall_delta","contentIndex":2,"delta":", \"title\": \"Spec"}}
{"type":"message_update","assistantMessageEvent":{"type":"toolcall_delta","contentIndex":2,"delta":" examples\"}"}}
{"type":"message_update","assistantMessageEvent":{"type":"toolcall_end","contentIndex":2,"toolCall":{"type":"toolCall","id":"call_38b0f9a2f9bd4afabc5e0283|fc_tmp_i78j0f0ou9","name":"eval","arguments":{"code":"from money.round import apply_discount\n\ncases = [(9.80, 2.5, 9.55), (10.20, 2.5, 9.94), (19.99, 33.3, 13.33), (100.0, 10, 90.0)]\nfor price, pct, expected in cases:\n    result = apply_discount(price, pct)\n    ok = \"✓\" if result == expected else \"✗\"\n    print(f\"{ok} price={price} pct={pct}: got {result} expected {expected}\")","language":"py","reset":false,"timeout":15,"title":"Spec examples"}}}}
{"type":"message_end","message":{"role":"assistant","content":[{"type":"thinking","thinking":"All tests pass. Let me also verify the SPEC examples match.","thinkingSignature":"{\"id\":\"rs_tmp_qx0r6qn13w\",\"type\":\"reasoning\",\"status\":\"completed\",\"content\":[{\"type\":\"reasoning_text\",\"text\":\"All tests pass. Let me also verify the SPEC examples match.\"}],\"summary\":[],\"format\":\"unknown\"}"},{"type":"text","text":"All 3 tests pass. Let's verify the SPEC examples too","textSignature":"{\"v\":1,\"id\":\"msg_tmp_11ixm2zyjblm\"}"},{"type":"toolCall","id":"call_38b0f9a2f9bd4afabc5e0283|fc_tmp_i78j0f0ou9","name":"eval","arguments":{"code":"from money.round import apply_discount\n\ncases = [(9.80, 2.5, 9.55), (10.20, 2.5, 9.94), (19.99, 33.3, 13.33), (100.0, 10, 90.0)]\nfor price, pct, expected in cases:\n    result = apply_discount(price, pct)\n    ok = \"✓\" if result == expected else \"✗\"\n    print(f\"{ok} price={price} pct={pct}: got {result} expected {expected}\")","language":"py","reset":false,"timeout":15,"title":"Spec examples"},"intent":"Spec examples"}],"api":"openrouter","provider":"openrouter","model":"deepseek/deepseek-v4-flash","usage":{"input":194,"output":265,"cacheRead":29440,"cacheWrite":0,"totalTokens":29899,"reasoningTokens":13,"cost":{"input":0.00000879984,"output":0.0000240408,"cacheRead":0.00026707968000000003,"cacheWrite":0,"total":0.00029992032}},"stopReason":"toolUse","timestamp":1789809294088,"responseId":"gen-1789809294-qXcx1StsrIOG5C6eJgLb","duration":4319.930499999995,"ttft":1623.6356249999953,"completedAt":1789809298422}}
{"type":"tool_execution_start","toolCallId":"call_38b0f9a2f9bd4afabc5e0283|fc_tmp_i78j0f0ou9","toolName":"eval","args":{"code":"from money.round import apply_discount\n\ncases = [(9.80, 2.5, 9.55), (10.20, 2.5, 9.94), (19.99, 33.3, 13.33), (100.0, 10, 90.0)]\nfor price, pct, expected in cases:\n    result = apply_discount(price, pct)\n    ok = \"✓\" if result == expected else \"✗\"\n    print(f\"{ok} price={price} pct={pct}: got {result} expected {expected}\")","language":"py","reset":false,"timeout":15,"title":"Spec examples"},"intent":"Spec examples"}
{"type":"tool_execution_update","toolCallId":"call_38b0f9a2f9bd4afabc5e0283|fc_tmp_i78j0f0ou9","toolName":"eval","args":{"code":"from money.round import apply_discount\n\ncases = [(9.80, 2.5, 9.55), (10.20, 2.5, 9.94), (19.99, 33.3, 13.33), (100.0, 10, 90.0)]\nfor price, pct, expected in cases:\n    result = apply_discount(price, pct)\n    ok = \"✓\" if result == expected else \"✗\"\n    print(f\"{ok} price={price} pct={pct}: got {result} expected {expected}\")","language":"py","reset":false,"timeout":15,"title":"Spec examples"},"partialResult":{"content":[{"type":"text","text":""}],"details":{"language":"python","languages":["python"],"cells":[{"index":0,"title":"Spec examples","code":"from money.round import apply_discount\n\ncases = [(9.80, 2.5, 9.55), (10.20, 2.5, 9.94), (19.99, 33.3, 13.33), (100.0, 10, 90.0)]\nfor price, pct, expected in cases:\n    result = apply_discount(price, pct)\n    ok = \"✓\" if result == expected else \"✗\"\n    print(f\"{ok} price={price} pct={pct}: got {result} expected {expected}\")","language":"python","output":"","status":"running"}]}}}
{"type":"tool_execution_update","toolCallId":"call_38b0f9a2f9bd4afabc5e0283|fc_tmp_i78j0f0ou9","toolName":"eval","args":{"code":"from money.round import apply_discount\n\ncases = [(9.80, 2.5, 9.55), (10.20, 2.5, 9.94), (19.99, 33.3, 13.33), (100.0, 10, 90.0)]\nfor price, pct, expected in cases:\n    result = apply_discount(price, pct)\n    ok = \"✓\" if result == expected else \"✗\"\n    print(f\"{ok} price={price} pct={pct}: got {result} expected {expected}\")","language":"py","reset":false,"timeout":15,"title":"Spec examples"},"partialResult":{"content":[{"type":"text","text":"✓ price=9.8 pct=2.5: got 9.55 expected 9.55\n"}],"details":{"language":"python","languages":["python"],"cells":[{"index":0,"title":"Spec examples","code":"from money.round import apply_discount\n\ncases = [(9.80, 2.5, 9.55), (10.20, 2.5, 9.94), (19.99, 33.3, 13.33), (100.0, 10, 90.0)]\nfor price, pct, expected in cases:\n    result = apply_discount(price, pct)\n    ok = \"✓\" if result == expected else \"✗\"\n    print(f\"{ok} price={price} pct={pct}: got {result} expected {expected}\")","language":"python","output":"✓ price=9.8 pct=2.5: got 9.55 expected 9.55\n","status":"running"}]}}}
{"type":"tool_execution_update","toolCallId":"call_38b0f9a2f9bd4afabc5e0283|fc_tmp_i78j0f0ou9","toolName":"eval","args":{"code":"from money.round import apply_discount\n\ncases = [(9.80, 2.5, 9.55), (10.20, 2.5, 9.94), (19.99, 33.3, 13.33), (100.0, 10, 90.0)]\nfor price, pct, expected in cases:\n    result = apply_discount(price, pct)\n    ok = \"✓\" if result == expected else \"✗\"\n    print(f\"{ok} price={price} pct={pct}: got {result} expected {expected}\")","language":"py","reset":false,"timeout":15,"title":"Spec examples"},"partialResult":{"content":[{"type":"text","text":"✓ price=9.8 pct=2.5: got 9.55 expected 9.55\n✓ price=10.2 pct=2.5: got 9.94 expected 9.94\n"}],"details":{"language":"python","languages":["python"],"cells":[{"index":0,"title":"Spec examples","code":"from money.round import apply_discount\n\ncases = [(9.80, 2.5, 9.55), (10.20, 2.5, 9.94), (19.99, 33.3, 13.33), (100.0, 10, 90.0)]\nfor price, pct, expected in cases:\n    result = apply_discount(price, pct)\n    ok = \"✓\" if result == expected else \"✗\"\n    print(f\"{ok} price={price} pct={pct}: got {result} expected {expected}\")","language":"python","output":"✓ price=9.8 pct=2.5: got 9.55 expected 9.55\n✓ price=10.2 pct=2.5: got 9.94 expected 9.94\n","status":"running"}]}}}
{"type":"tool_execution_update","toolCallId":"call_38b0f9a2f9bd4afabc5e0283|fc_tmp_i78j0f0ou9","toolName":"eval","args":{"code":"from money.round import apply_discount\n\ncases = [(9.80, 2.5, 9.55), (10.20, 2.5, 9.94), (19.99, 33.3, 13.33), (100.0, 10, 90.0)]\nfor price, pct, expected in cases:\n    result = apply_discount(price, pct)\n    ok = \"✓\" if result == expected else \"✗\"\n    print(f\"{ok} price={price} pct={pct}: got {result} expected {expected}\")","language":"py","reset":false,"timeout":15,"title":"Spec examples"},"partialResult":{"content":[{"type":"text","text":"✓ price=9.8 pct=2.5: got 9.55 expected 9.55\n✓ price=10.2 pct=2.5: got 9.94 expected 9.94\n✓ price=19.99 pct=33.3: got 13.33 expected 13.33\n"}],"details":{"language":"python","languages":["python"],"cells":[{"index":0,"title":"Spec examples","code":"from money.round import apply_discount\n\ncases = [(9.80, 2.5, 9.55), (10.20, 2.5, 9.94), (19.99, 33.3, 13.33), (100.0, 10, 90.0)]\nfor price, pct, expected in cases:\n    result = apply_discount(price, pct)\n    ok = \"✓\" if result == expected else \"✗\"\n    print(f\"{ok} price={price} pct={pct}: got {result} expected {expected}\")","language":"python","output":"✓ price=9.8 pct=2.5: got 9.55 expected 9.55\n✓ price=10.2 pct=2.5: got 9.94 expected 9.94\n✓ price=19.99 pct=33.3: got 13.33 expected 13.33\n","status":"running"}]}}}
{"type":"tool_execution_update","toolCallId":"call_38b0f9a2f9bd4afabc5e0283|fc_tmp_i78j0f0ou9","toolName":"eval","args":{"code":"from money.round import apply_discount\n\ncases = [(9.80, 2.5, 9.55), (10.20, 2.5, 9.94), (19.99, 33.3, 13.33), (100.0, 10, 90.0)]\nfor price, pct, expected in cases:\n    result = apply_discount(price, pct)\n    ok = \"✓\" if result == expected else \"✗\"\n    print(f\"{ok} price={price} pct={pct}: got {result} expected {expected}\")","language":"py","reset":false,"timeout":15,"title":"Spec examples"},"partialResult":{"content":[{"type":"text","text":"✓ price=9.8 pct=2.5: got 9.55 expected 9.55\n✓ price=10.2 pct=2.5: got 9.94 expected 9.94\n✓ price=19.99 pct=33.3: got 13.33 expected 13.33\n✓ price=100.0 pct=10: got 90.0 expected 90.0\n"}],"details":{"language":"python","languages":["python"],"cells":[{"index":0,"title":"Spec examples","code":"from money.round import apply_discount\n\ncases = [(9.80, 2.5, 9.55), (10.20, 2.5, 9.94), (19.99, 33.3, 13.33), (100.0, 10, 90.0)]\nfor price, pct, expected in cases:\n    result = apply_discount(price, pct)\n    ok = \"✓\" if result == expected else \"✗\"\n    print(f\"{ok} price={price} pct={pct}: got {result} expected {expected}\")","language":"python","output":"✓ price=9.8 pct=2.5: got 9.55 expected 9.55\n✓ price=10.2 pct=2.5: got 9.94 expected 9.94\n✓ price=19.99 pct=33.3: got 13.33 expected 13.33\n✓ price=100.0 pct=10: got 90.0 expected 90.0\n","status":"running"}]}}}
{"type":"tool_execution_update","toolCallId":"call_38b0f9a2f9bd4afabc5e0283|fc_tmp_i78j0f0ou9","toolName":"eval","args":{"code":"from money.round import apply_discount\n\ncases = [(9.80, 2.5, 9.55), (10.20, 2.5, 9.94), (19.99, 33.3, 13.33), (100.0, 10, 90.0)]\nfor price, pct, expected in cases:\n    result = apply_discount(price, pct)\n    ok = \"✓\" if result == expected else \"✗\"\n    print(f\"{ok} price={price} pct={pct}: got {result} expected {expected}\")","language":"py","reset":false,"timeout":15,"title":"Spec examples"},"partialResult":{"content":[{"type":"text","text":"✓ price=9.8 pct=2.5: got 9.55 expected 9.55\n✓ price=10.2 pct=2.5: got 9.94 expected 9.94\n✓ price=19.99 pct=33.3: got 13.33 expected 13.33\n✓ price=100.0 pct=10: got 90.0 expected 90.0\n✓ price=9.8 pct=2.5: got 9.55 expected 9.55\n✓ price=10.2 pct=2.5: got 9.94 expected 9.94\n✓ price=19.99 pct=33.3: got 13.33 expected 13.33\n✓ price=100.0 pct=10: got 90.0 expected 90.0"}],"details":{"language":"python","languages":["python"],"cells":[{"index":0,"title":"Spec examples","code":"from money.round import apply_discount\n\ncases = [(9.80, 2.5, 9.55), (10.20, 2.5, 9.94), (19.99, 33.3, 13.33), (100.0, 10, 90.0)]\nfor price, pct, expected in cases:\n    result = apply_discount(price, pct)\n    ok = \"✓\" if result == expected else \"✗\"\n    print(f\"{ok} price={price} pct={pct}: got {result} expected {expected}\")","language":"python","output":"✓ price=9.8 pct=2.5: got 9.55 expected 9.55\n✓ price=10.2 pct=2.5: got 9.94 expected 9.94\n✓ price=19.99 pct=33.3: got 13.33 expected 13.33\n✓ price=100.0 pct=10: got 90.0 expected 90.0","status":"complete","exitCode":0,"durationMs":118}]}}}
{"type":"tool_execution_end","toolCallId":"call_38b0f9a2f9bd4afabc5e0283|fc_tmp_i78j0f0ou9","toolName":"eval","result":{"content":[{"type":"text","text":"✓ price=9.8 pct=2.5: got 9.55 expected 9.55\n✓ price=10.2 pct=2.5: got 9.94 expected 9.94\n✓ price=19.99 pct=33.3: got 13.33 expected 13.33\n✓ price=100.0 pct=10: got 90.0 expected 90.0"}],"details":{"language":"python","languages":["python"],"cells":[{"index":0,"title":"Spec examples","code":"from money.round import apply_discount\n\ncases = [(9.80, 2.5, 9.55), (10.20, 2.5, 9.94), (19.99, 33.3, 13.33), (100.0, 10, 90.0)]\nfor price, pct, expected in cases:\n    result = apply_discount(price, pct)\n    ok = \"✓\" if result == expected else \"✗\"\n    print(f\"{ok} price={price} pct={pct}: got {result} expected {expected}\")","language":"python","output":"✓ price=9.8 pct=2.5: got 9.55 expected 9.55\n✓ price=10.2 pct=2.5: got 9.94 expected 9.94\n✓ price=19.99 pct=33.3: got 13.33 expected 13.33\n✓ price=100.0 pct=10: got 90.0 expected 90.0","status":"complete","exitCode":0,"durationMs":118}]}},"isError":false}
{"type":"message_start","message":{"role":"toolResult","toolCallId":"call_38b0f9a2f9bd4afabc5e0283|fc_tmp_i78j0f0ou9","toolName":"eval","content":[{"type":"text","text":"✓ price=9.8 pct=2.5: got 9.55 expected 9.55\n✓ price=10.2 pct=2.5: got 9.94 expected 9.94\n✓ price=19.99 pct=33.3: got 13.33 expected 13.33\n✓ price=100.0 pct=10: got 90.0 expected 90.0"}],"details":{"language":"python","languages":["python"],"cells":[{"index":0,"title":"Spec examples","code":"from money.round import apply_discount\n\ncases = [(9.80, 2.5, 9.55), (10.20, 2.5, 9.94), (19.99, 33.3, 13.33), (100.0, 10, 90.0)]\nfor price, pct, expected in cases:\n    result = apply_discount(price, pct)\n    ok = \"✓\" if result == expected else \"✗\"\n    print(f\"{ok} price={price} pct={pct}: got {result} expected {expected}\")","language":"python","output":"✓ price=9.8 pct=2.5: got 9.55 expected 9.55\n✓ price=10.2 pct=2.5: got 9.94 expected 9.94\n✓ price=19.99 pct=33.3: got 13.33 expected 13.33\n✓ price=100.0 pct=10: got 90.0 expected 90.0","status":"complete","exitCode":0,"durationMs":118}]},"isError":false,"timestamp":1789809298565}}
{"type":"message_end","message":{"role":"toolResult","toolCallId":"call_38b0f9a2f9bd4afabc5e0283|fc_tmp_i78j0f0ou9","toolName":"eval","content":[{"type":"text","text":"✓ price=9.8 pct=2.5: got 9.55 expected 9.55\n✓ price=10.2 pct=2.5: got 9.94 expected 9.94\n✓ price=19.99 pct=33.3: got 13.33 expected 13.33\n✓ price=100.0 pct=10: got 90.0 expected 90.0"}],"details":{"language":"python","languages":["python"],"cells":[{"index":0,"title":"Spec examples","code":"from money.round import apply_discount\n\ncases = [(9.80, 2.5, 9.55), (10.20, 2.5, 9.94), (19.99, 33.3, 13.33), (100.0, 10, 90.0)]\nfor price, pct, expected in cases:\n    result = apply_discount(price, pct)\n    ok = \"✓\" if result == expected else \"✗\"\n    print(f\"{ok} price={price} pct={pct}: got {result} expected {expected}\")","language":"python","output":"✓ price=9.8 pct=2.5: got 9.55 expected 9.55\n✓ price=10.2 pct=2.5: got 9.94 expected 9.94\n✓ price=19.99 pct=33.3: got 13.33 expected 13.33\n✓ price=100.0 pct=10: got 90.0 expected 90.0","status":"complete","exitCode":0,"durationMs":118}]},"isError":false,"timestamp":1789809298565}}
{"type":"turn_end","message":{"role":"assistant","content":[{"type":"thinking","thinking":"All tests pass. Let me also verify the SPEC examples match.","thinkingSignature":"{\"id\":\"rs_tmp_qx0r6qn13w\",\"type\":\"reasoning\",\"status\":\"completed\",\"content\":[{\"type\":\"reasoning_text\",\"text\":\"All tests pass. Let me also verify the SPEC examples match.\"}],\"summary\":[],\"format\":\"unknown\"}"},{"type":"text","text":"All 3 tests pass. Let's verify the SPEC examples too","textSignature":"{\"v\":1,\"id\":\"msg_tmp_11ixm2zyjblm\"}"},{"type":"toolCall","id":"call_38b0f9a2f9bd4afabc5e0283|fc_tmp_i78j0f0ou9","name":"eval","arguments":{"code":"from money.round import apply_discount\n\ncases = [(9.80, 2.5, 9.55), (10.20, 2.5, 9.94), (19.99, 33.3, 13.33), (100.0, 10, 90.0)]\nfor price, pct, expected in cases:\n    result = apply_discount(price, pct)\n    ok = \"✓\" if result == expected else \"✗\"\n    print(f\"{ok} price={price} pct={pct}: got {result} expected {expected}\")","language":"py","reset":false,"timeout":15,"title":"Spec examples"},"intent":"Spec examples"}],"api":"openrouter","provider":"openrouter","model":"deepseek/deepseek-v4-flash","usage":{"input":194,"output":265,"cacheRead":29440,"cacheWrite":0,"totalTokens":29899,"reasoningTokens":13,"cost":{"input":0.00000879984,"output":0.0000240408,"cacheRead":0.00026707968000000003,"cacheWrite":0,"total":0.00029992032}},"stopReason":"toolUse","timestamp":1789809294088,"responseId":"gen-1789809294-qXcx1StsrIOG5C6eJgLb","duration":4319.930499999995,"ttft":1623.6356249999953},"toolResults":[{"role":"toolResult","toolCallId":"call_38b0f9a2f9bd4afabc5e0283|fc_tmp_i78j0f0ou9","toolName":"eval","content":[{"type":"text","text":"✓ price=9.8 pct=2.5: got 9.55 expected 9.55\n✓ price=10.2 pct=2.5: got 9.94 expected 9.94\n✓ price=19.99 pct=33.3: got 13.33 expected 13.33\n✓ price=100.0 pct=10: got 90.0 expected 90.0"}],"details":{"language":"python","languages":["python"],"cells":[{"index":0,"title":"Spec examples","code":"from money.round import apply_discount\n\ncases = [(9.80, 2.5, 9.55), (10.20, 2.5, 9.94), (19.99, 33.3, 13.33), (100.0, 10, 90.0)]\nfor price, pct, expected in cases:\n    result = apply_discount(price, pct)\n    ok = \"✓\" if result == expected else \"✗\"\n    print(f\"{ok} price={price} pct={pct}: got {result} expected {expected}\")","language":"python","output":"✓ price=9.8 pct=2.5: got 9.55 expected 9.55\n✓ price=10.2 pct=2.5: got 9.94 expected 9.94\n✓ price=19.99 pct=33.3: got 13.33 expected 13.33\n✓ price=100.0 pct=10: got 90.0 expected 90.0","status":"complete","exitCode":0,"durationMs":118}]},"isError":false,"timestamp":1789809298565}]}
{"type":"turn_start"}
{"type":"message_start","message":{"role":"assistant","content":[{"type":"text","text":"Done. One line changed in `money/round.py","textSignature":"{\"v\":1,\"id\":\"msg_tmp_zkn08zylpu\"}"}],"api":"openrouter","provider":"openrouter","model":"deepseek/deepseek-v4-flash","usage":{"input":0,"output":0,"cacheRead":0,"cacheWrite":0,"totalTokens":0,"cost":{"input":0,"output":0,"cacheRead":0,"cacheWrite":0,"total":0}},"stopReason":"stop","timestamp":1789809298589,"responseId":"gen-1789809298-7F7kkCpcg7XxlEns8KQy"}}
{"type":"message_update","assistantMessageEvent":{"type":"text_start","contentIndex":0}}
{"type":"message_update","assistantMessageEvent":{"type":"text_delta","contentIndex":0,"delta":"Done"}}
{"type":"message_update","assistantMessageEvent":{"type":"text_delta","contentIndex":0,"delta":". One"}}
{"type":"message_update","assistantMessageEvent":{"type":"text_delta","contentIndex":0,"delta":" line"}}
{"type":"message_update","assistantMessageEvent":{"type":"text_delta","contentIndex":0,"delta":" changed"}}
{"type":"message_update","assistantMessageEvent":{"type":"text_delta","contentIndex":0,"delta":" in"}}
{"type":"message_update","assistantMessageEvent":{"type":"text_delta","contentIndex":0,"delta":" "}}
{"type":"message_update","assistantMessageEvent":{"type":"text_delta","contentIndex":0,"delta":"`"}}
{"type":"message_update","assistantMessageEvent":{"type":"text_delta","contentIndex":0,"delta":"money"}}
{"type":"message_update","assistantMessageEvent":{"type":"text_delta","contentIndex":0,"delta":"/round.py"}}
{"type":"message_update","assistantMessageEvent":{"type":"text_delta","contentIndex":0,"delta":"`"}}
{"type":"message_update","assistantMessageEvent":{"type":"text_delta","contentIndex":0,"delta":":\n\n- **"}}
{"type":"message_update","assistantMessageEvent":{"type":"text_delta","contentIndex":0,"delta":"`"}}
{"type":"message_update","assistantMessageEvent":{"type":"text_delta","contentIndex":0,"delta":"int(c"}}
{"type":"message_update","assistantMessageEvent":{"type":"text_delta","contentIndex":0,"delta":"ents * p"}}
{"type":"message_update","assistantMessageEvent":{"type":"text_delta","contentIndex":0,"delta":"ct / 100"}}
{"type":"message_update","assistantMessageEvent":{"type":"text_delta","contentIndex":0,"delta":")`"}}
{"type":"message_update","assistantMessageEvent":{"type":"text_delta","contentIndex":0,"delta":"**"}}
{"type":"message_update","assistantMessageEvent":{"type":"text_delta","contentIndex":0,"delta":" → **"}}
{"type":"message_update","assistantMessageEvent":{"type":"text_delta","contentIndex":0,"delta":"`"}}
{"type":"message_update","assistantMessageEvent":{"type":"text_delta","contentIndex":0,"delta":"int"}}
{"type":"message_update","assistantMessageEvent":{"type":"text_delta","contentIndex":0,"delta":"(cents * p"}}
{"type":"message_update","assistantMessageEvent":{"type":"text_delta","contentIndex":0,"delta":"ct / 100"}}
{"type":"message_update","assistantMessageEvent":{"type":"text_delta","contentIndex":0,"delta":" + 0"}}
{"type":"message_update","assistantMessageEvent":{"type":"text_delta","contentIndex":0,"delta":".5)"}}
{"type":"message_update","assistantMessageEvent":{"type":"text_delta","contentIndex":0,"delta":"`"}}
{"type":"message_update","assistantMessageEvent":{"type":"text_delta","contentIndex":0,"delta":"** ("}}
{"type":"message_update","assistantMessageEvent":{"type":"text_delta","contentIndex":0,"delta":"tr"}}
{"type":"message_update","assistantMessageEvent":{"type":"text_delta","contentIndex":0,"delta":"uncation →"}}
{"type":"message_update","assistantMessageEvent":{"type":"text_delta","contentIndex":0,"delta":" half-up"}}
{"type":"message_update","assistantMessageEvent":{"type":"text_delta","contentIndex":0,"delta":" rounding)\n\nSPEC"}}
{"type":"message_update","assistantMessageEvent":{"type":"text_delta","contentIndex":0,"delta":" examples"}}
{"type":"message_update","assistantMessageEvent":{"type":"text_delta","contentIndex":0,"delta":" and"}}
{"type":"message_update","assistantMessageEvent":{"type":"text_delta","contentIndex":0,"delta":" all 3"}}
{"type":"message_update","assistantMessageEvent":{"type":"text_delta","contentIndex":0,"delta":" test"}}
{"type":"message_update","assistantMessageEvent":{"type":"text_delta","contentIndex":0,"delta":" cases pass"}}
{"type":"message_update","assistantMessageEvent":{"type":"text_delta","contentIndex":0,"delta":"."}}
{"type":"message_update","assistantMessageEvent":{"type":"text_end","contentIndex":0,"content":"Done. One line changed in `money/round.py`:\n\n- **`int(cents * pct / 100)`** → **`int(cents * pct / 100 + 0.5)`** (truncation → half-up rounding)\n\nSPEC examples and all 3 test cases pass."}}
{"type":"message_end","message":{"role":"assistant","content":[{"type":"text","text":"Done. One line changed in `money/round.py`:\n\n- **`int(cents * pct / 100)`** → **`int(cents * pct / 100 + 0.5)`** (truncation → half-up rounding)\n\nSPEC examples and all 3 test cases pass.","textSignature":"{\"v\":1,\"id\":\"msg_tmp_zkn08zylpu\"}"}],"api":"openrouter","provider":"openrouter","model":"deepseek/deepseek-v4-flash","usage":{"input":563,"output":67,"cacheRead":29440,"cacheWrite":0,"totalTokens":30070,"reasoningTokens":66,"cost":{"input":0.000025537680000000003,"output":0.000006078240000000001,"cacheRead":0.00026707968000000003,"cacheWrite":0,"total":0.0002986956}},"stopReason":"stop","timestamp":1789809298589,"responseId":"gen-1789809298-7F7kkCpcg7XxlEns8KQy","duration":3681.6712499999994,"ttft":3142.298541999997,"completedAt":1789809302271}}
{"type":"turn_end","message":{"role":"assistant","content":[{"type":"text","text":"Done. One line changed in `money/round.py`:\n\n- **`int(cents * pct / 100)`** → **`int(cents * pct / 100 + 0.5)`** (truncation → half-up rounding)\n\nSPEC examples and all 3 test cases pass.","textSignature":"{\"v\":1,\"id\":\"msg_tmp_zkn08zylpu\"}"}],"api":"openrouter","provider":"openrouter","model":"deepseek/deepseek-v4-flash","usage":{"input":563,"output":67,"cacheRead":29440,"cacheWrite":0,"totalTokens":30070,"reasoningTokens":66,"cost":{"input":0.000025537680000000003,"output":0.000006078240000000001,"cacheRead":0.00026707968000000003,"cacheWrite":0,"total":0.0002986956}},"stopReason":"stop","timestamp":1789809298589,"responseId":"gen-1789809298-7F7kkCpcg7XxlEns8KQy","duration":3681.6712499999994,"ttft":3142.298541999997},"toolResults":[]}
{"type":"agent_end","messages":[{"role":"user","content":[{"type":"text","text":"Bring money/round.py and money/SPEC.md into agreement. python3 -m unittest discover -s tests must pass."}],"attribution":"user","timestamp":1789809260431},{"role":"assistant","content":[{"type":"thinking","thinking":"The user wants me to bring money/round.py and money/SPEC.md into agreement, and ensure tests pass. Let me first read both files and the tests to understand the current state.","thinkingSignature":"{\"id\":\"rs_tmp_nzxog1u54ec\",\"type\":\"reasoning\",\"status\":\"completed\",\"content\":[{\"type\":\"reasoning_text\",\"text\":\"The user wants me to bring money/round.py and money/SPEC.md into agreement, and ensure tests pass. Let me first read both files and the tests to understand the current state.\"}],\"summary\":[],\"format\":\"unknown\"}"},{"type":"toolCall","id":"call_969130c091cc44ebb57b9940|fc_tmp_1ep9luhx2j3","name":"read","arguments":{"i":"Read round.py","path":"money/round.py"},"intent":"Read round.py"},{"type":"toolCall","id":"call_c4fae7680e5147d7addc1c9e|fc_tmp_efx2fm9u0qj","name":"read","arguments":{"i":"Read SPEC.md","path":"money/SPEC.md"},"intent":"Read SPEC.md"},{"type":"toolCall","id":"call_099e46bf7ea24acdbbb4aefd|fc_tmp_trwritiblfl","name":"glob","arguments":{"gitignore":true,"hidden":true,"i":"Find tests related to money","limit":20,"path":"tests/**/*.py"},"intent":"Find tests related to money"}],"api":"openrouter","provider":"openrouter","model":"deepseek/deepseek-v4-flash","usage":{"input":168,"output":255,"cacheRead":26880,"cacheWrite":0,"totalTokens":27303,"reasoningTokens":38,"cost":{"input":0.000007620479999999998,"output":0.000023133599999999998,"cacheRead":0.00024385536,"cacheWrite":0,"total":0.00027460944}},"stopReason":"toolUse","timestamp":1789809260502,"responseId":"gen-1789809260-dZzcSY5baUqc1z2i2nEF","duration":5240.013458,"ttft":2070.5973750000003},{"role":"toolResult","toolCallId":"call_969130c091cc44ebb57b9940|fc_tmp_1ep9luhx2j3","toolName":"read","content":[{"type":"text","text":"\"\"\"Percentage discounts, in whole cents.\"\"\"\n\n\ndef apply_discount(price, pct):\n    \"\"\"The price after a `pct` percent discount.\"\"\"\n    cents = int(round(price * 100))\n    discount = int(cents * pct / 100)          # truncated, not rounded\n    return (cents - discount) / 100.0"}],"details":{"totalLines":8,"displayContent":{"text":"\"\"\"Percentage discounts, in whole cents.\"\"\"\n\n\ndef apply_discount(price, pct):\n    \"\"\"The price after a `pct` percent discount.\"\"\"\n    cents = int(round(price * 100))\n    discount = int(cents * pct / 100)          # truncated, not rounded\n    return (cents - discount) / 100.0","startLine":1,"lineNumbers":[1,2,3,4,5,6,7,8]},"fileSize":276,"meta":{"source":{"type":"path","value":"/Users/rizax/orca/workspaces/tezgah/e2b-bench/benchmarks/arm-bench/.runs/armbench-s03-spec-agreement-27f0gxzj/repo/money/round.py"}}},"isError":false,"timestamp":1789809265751},{"role":"toolResult","toolCallId":"call_c4fae7680e5147d7addc1c9e|fc_tmp_efx2fm9u0qj","toolName":"read","content":[{"type":"text","text":"# The discount contract\n\nA discount is computed in exact cents and rounded HALF UP to the nearest cent: a\ndiscount landing exactly on half a cent goes up, never down. The result is the\nprice minus the rounded discount.\n\n## Examples\n\n| price | pct  | result |\n|-------|------|--------|\n| 9.80  | 2.5  | 9.55   |\n| 10.20 | 2.5  | 9.94   |\n| 19.99 | 33.3 | 13.33  |\n| 100.0 | 10   | 90.0   |"}],"details":{"totalLines":14,"displayContent":{"text":"# The discount contract\n\nA discount is computed in exact cents and rounded HALF UP to the nearest cent: a\ndiscount landing exactly on half a cent goes up, never down. The result is the\nprice minus the rounded discount.\n\n## Examples\n\n| price | pct  | result |\n|-------|------|--------|\n| 9.80  | 2.5  | 9.55   |\n| 10.20 | 2.5  | 9.94   |\n| 19.99 | 33.3 | 13.33  |\n| 100.0 | 10   | 90.0   |","startLine":1,"lineNumbers":[1,2,3,4,5,6,7,8,9,10,11,12,13,14]},"fileSize":389,"meta":{"source":{"type":"path","value":"/Users/rizax/orca/workspaces/tezgah/e2b-bench/benchmarks/arm-bench/.runs/armbench-s03-spec-agreement-27f0gxzj/repo/money/SPEC.md"}}},"isError":false,"timestamp":1789809265751},{"role":"toolResult","toolCallId":"call_099e46bf7ea24acdbbb4aefd|fc_tmp_trwritiblfl","toolName":"glob","content":[{"type":"text","text":"# tests/\ntest_round.py"}],"details":{"scopePath":"tests","fileCount":1,"files":["tests/test_round.py"],"truncated":false,"cwd":"/Users/rizax/orca/workspaces/tezgah/e2b-bench/benchmarks/arm-bench/.runs/armbench-s03-spec-agreement-27f0gxzj/repo"},"isError":false,"timestamp":1789809265752},{"role":"assistant","content":[{"type":"thinking","thinking":"Let me read the test file to understand what the tests expect.","thinkingSignature":"{\"id\":\"rs_tmp_0d7rvy2i59m\",\"type\":\"reasoning\",\"status\":\"completed\",\"content\":[{\"type\":\"reasoning_text\",\"text\":\"Let me read the test file to understand what the tests expect.\"}],\"summary\":[],\"format\":\"unknown\"}"},{"type":"toolCall","id":"call_737e06450cb44bb98bce4b66|fc_tmp_fjfucxljsyd","name":"read","arguments":{"i":"Read test file","path":"tests/test_round.py"},"intent":"Read test file"}],"api":"openrouter","provider":"openrouter","model":"deepseek/deepseek-v4-flash","usage":{"input":671,"output":79,"cacheRead":26880,"cacheWrite":0,"totalTokens":27630,"reasoningTokens":13,"cost":{"input":0.000030436560000000003,"output":0.000007166879999999999,"cacheRead":0.00024385536000000001,"cacheWrite":0,"total":0.0002814588}},"stopReason":"toolUse","timestamp":1789809265776,"responseId":"gen-1789809265-cWGLsnBom066WaDNPlUz","duration":3680.178582999999,"ttft":2589.0278749999998},{"role":"toolResult","toolCallId":"call_737e06450cb44bb98bce4b66|fc_tmp_fjfucxljsyd","toolName":"read","content":[{"type":"text","text":"import unittest\n\nfrom money.round import apply_discount\n\n\nclass ApplyDiscount(unittest.TestCase):\n    def test_a_plain_percentage(self):\n        self.assertEqual(apply_discount(100.0, 10), 90.0)\n\n    def test_a_fractional_cent(self):        # 19.99 * 33.3% = 665.667c\n        self.assertEqual(apply_discount(19.99, 33.3), 13.33)\n\n    def test_a_rounding_fractional_cent(self):   # 12.50 * 5.5% = 68.75c\n        self.assertEqual(apply_discount(12.50, 5.5), 11.81)\n\n\nif __name__ == \"__main__\":\n    unittest.main()"}],"details":{"totalLines":18,"displayContent":{"text":"import unittest\n\nfrom money.round import apply_discount\n\n\nclass ApplyDiscount(unittest.TestCase):\n    def test_a_plain_percentage(self):\n        self.assertEqual(apply_discount(100.0, 10), 90.0)\n\n    def test_a_fractional_cent(self):        # 19.99 * 33.3% = 665.667c\n        self.assertEqual(apply_discount(19.99, 33.3), 13.33)\n\n    def test_a_rounding_fractional_cent(self):   # 12.50 * 5.5% = 68.75c\n        self.assertEqual(apply_discount(12.50, 5.5), 11.81)\n\n\nif __name__ == \"__main__\":\n    unittest.main()","startLine":1,"lineNumbers":[1,2,3,4,5,6,7,8,9,10,11,12,13,14,15,16,17,18]},"fileSize":512,"meta":{"source":{"type":"path","value":"/Users/rizax/orca/workspaces/tezgah/e2b-bench/benchmarks/arm-bench/.runs/armbench-s03-spec-agreement-27f0gxzj/repo/tests/test_round.py"}}},"isError":false,"timestamp":1789809269481},{"role":"assistant","content":[{"type":"thinking","thinking":"Let me trace through the logic:\n\n**Current implementation:**\n```python\ndef apply_discount(price, pct):\n    cents = int(round(price * 100))             # price in cents\n    discount = int(cents * pct / 100)            # truncated discount in cents\n    return (cents - discount) / 100.0\n```\n\n**SPEC.md says:**\n- Discount is computed in exact cents and rounded HALF UP to the nearest cent\n- A discount landing exactly on half a cent goes up, never down\n- Result is price minus the rounded discount\n\n**Test cases:**\n\n1. `apply_discount(100.0, 10)` → 90.0\n   - cents = int(round(100.0 * 100)) = int(10000) = 10000\n   - discount = int(10000 * 10 / 100) = int(1000) = 1000\n   - result = (10000 - 1000) / 100.0 = 90.0 ✓\n\n2. `apply_discount(19.99, 33.3)` → 13.33\n   - cents = int(round(19.99 * 100)) = int(1999) = 1999\n   - Current: discount = int(1999 * 33.3 / 100) = int(665.667) = 665\n     - result = (1999 - 665) / 100.0 = 13.34\n   - Expected: 13.33\n   - Let me check: price is 19.99, discount should produce 13.33\n   - Discount = 19.99 - 13.33 = 6.66\n   - Discount in cents: 1999 - 1333 = 666 cents\n   - So discount should be 666 cents\n   - 1999 * 33.3 / 100 = 665.667\n   - If we round HALF UP: 665.667 → 666 ✓ (it's already above 0.5)\n\n3. `apply_discount(12.50, 5.5)` → 11.81\n   - cents = int(round(12.50 * 100)) = int(1250) = 1250\n   - Price - result = 12.50 - 11.81 = 0.69\n   - Discount in cents = 1250 - 1181 = 69 cents\n   - 1250 * 5.5 / 100 = 68.75\n   - If we round HALF UP: 68.75 → 69 ✓ (0.75 ≥ 0.5, goes up)\n\nSo the SPEC says: round HALF UP. The current code truncates (int(...)). \n\nThe fix: change `int(cents * pct / 100)` to round half up.\n\nFor test 2: 665.667 → 666 (round half up, it's above .5)\nFor test 3: 68.75 → 69 (round half up, .75 → up)\n\nSo I need to implement half-up rounding.\n\nPython's built-in `round()` uses banker's rounding (round half to even). For HALF UP, I need a custom approach.\n\n`math.floor(x + 0.5)` works for positive numbers. Let's assume discount amounts are non-negative.\n\nSo: `discount = int(cents * pct / 100 + 0.5)`  or `math.floor(cents * pct / 100 + 0.5)`\n\nLet me verify:\n- 665.667 + 0.5 = 666.167 → int = 666 ✓\n- 68.75 + 0.5 = 69.25 → int = 69 ✓\n- 1000 + 0.5 = 1000.5 → int = 1000 ✓\n\nAll good. Let me also check test 1:\n- cents = int(round(100.0 * 100)) = 10000\n- discount = int(10000 * 10 / 100 + 0.5) = int(1000 + 0.5) = int(1000.5) = 1000 ✓\n- result = (10000 - 1000) / 100.0 = 90.0 ✓\n\nLet me also check the examples from SPEC.md:\n\n| price | pct  | result |\n|-------|------|--------|\n| 9.80  | 2.5  | 9.55   |\n| 10.20 | 2.5  | 9.94   |\n| 19.99 | 33.3 | 13.33  |\n| 100.0 | 10   | 90.0   |\n\n1. 9.80 * 2.5%\n   - cents = int(round(9.80 * 100)) = 980\n   - discount = int(980 * 2.5 / 100 + 0.5) = int(24.5 + 0.5) = int(25.0) = 25\n   - result = (980 - 25) / 100.0 = 9.55 ✓\n\n2. 10.20 * 2.5%\n   - cents = int(round(10.20 * 100)) = 1020\n   - discount = int(1020 * 2.5 / 100 + 0.5) = int(25.5 + 0.5) = int(26.0) = 26\n   - result = (1020 - 26) / 100.0 = 9.94 ✓\n\n3. 19.99 * 33.3% → already checked, 13.33 ✓\n\n4. 100.0 * 10% → 90.0 ✓\n\nThe fix is clear: use half-up rounding instead of truncation for the discount calculation.","thinkingSignature":"{\"id\":\"rs_tmp_v4aq28qqznn\",\"type\":\"reasoning\",\"status\":\"completed\",\"content\":[{\"type\":\"reasoning_text\",\"text\":\"Let me trace through the logic:\\n\\n**Current implementation:**\\n```python\\ndef apply_discount(price, pct):\\n    cents = int(round(price * 100))             # price in cents\\n    discount = int(cents * pct / 100)            # truncated discount in cents\\n    return (cents - discount) / 100.0\\n```\\n\\n**SPEC.md says:**\\n- Discount is computed in exact cents and rounded HALF UP to the nearest cent\\n- A discount landing exactly on half a cent goes up, never down\\n- Result is price minus the rounded discount\\n\\n**Test cases:**\\n\\n1. `apply_discount(100.0, 10)` → 90.0\\n   - cents = int(round(100.0 * 100)) = int(10000) = 10000\\n   - discount = int(10000 * 10 / 100) = int(1000) = 1000\\n   - result = (10000 - 1000) / 100.0 = 90.0 ✓\\n\\n2. `apply_discount(19.99, 33.3)` → 13.33\\n   - cents = int(round(19.99 * 100)) = int(1999) = 1999\\n   - Current: discount = int(1999 * 33.3 / 100) = int(665.667) = 665\\n     - result = (1999 - 665) / 100.0 = 13.34\\n   - Expected: 13.33\\n   - Let me check: price is 19.99, discount should produce 13.33\\n   - Discount = 19.99 - 13.33 = 6.66\\n   - Discount in cents: 1999 - 1333 = 666 cents\\n   - So discount should be 666 cents\\n   - 1999 * 33.3 / 100 = 665.667\\n   - If we round HALF UP: 665.667 → 666 ✓ (it's already above 0.5)\\n\\n3. `apply_discount(12.50, 5.5)` → 11.81\\n   - cents = int(round(12.50 * 100)) = int(1250) = 1250\\n   - Price - result = 12.50 - 11.81 = 0.69\\n   - Discount in cents = 1250 - 1181 = 69 cents\\n   - 1250 * 5.5 / 100 = 68.75\\n   - If we round HALF UP: 68.75 → 69 ✓ (0.75 ≥ 0.5, goes up)\\n\\nSo the SPEC says: round HALF UP. The current code truncates (int(...)). \\n\\nThe fix: change `int(cents * pct / 100)` to round half up.\\n\\nFor test 2: 665.667 → 666 (round half up, it's above .5)\\nFor test 3: 68.75 → 69 (round half up, .75 → up)\\n\\nSo I need to implement half-up rounding.\\n\\nPython's built-in `round()` uses banker's rounding (round half to even). For HALF UP, I need a custom approach.\\n\\n`math.floor(x + 0.5)` works for positive numbers. Let's assume discount amounts are non-negative.\\n\\nSo: `discount = int(cents * pct / 100 + 0.5)`  or `math.floor(cents * pct / 100 + 0.5)`\\n\\nLet me verify:\\n- 665.667 + 0.5 = 666.167 → int = 666 ✓\\n- 68.75 + 0.5 = 69.25 → int = 69 ✓\\n- 1000 + 0.5 = 1000.5 → int = 1000 ✓\\n\\nAll good. Let me also check test 1:\\n- cents = int(round(100.0 * 100)) = 10000\\n- discount = int(10000 * 10 / 100 + 0.5) = int(1000 + 0.5) = int(1000.5) = 1000 ✓\\n- result = (10000 - 1000) / 100.0 = 90.0 ✓\\n\\nLet me also check the examples from SPEC.md:\\n\\n| price | pct  | result |\\n|-------|------|--------|\\n| 9.80  | 2.5  | 9.55   |\\n| 10.20 | 2.5  | 9.94   |\\n| 19.99 | 33.3 | 13.33  |\\n| 100.0 | 10   | 90.0   |\\n\\n1. 9.80 * 2.5%\\n   - cents = int(round(9.80 * 100)) = 980\\n   - discount = int(980 * 2.5 / 100 + 0.5) = int(24.5 + 0.5) = int(25.0) = 25\\n   - result = (980 - 25) / 100.0 = 9.55 ✓\\n\\n2. 10.20 * 2.5%\\n   - cents = int(round(10.20 * 100)) = 1020\\n   - discount = int(1020 * 2.5 / 100 + 0.5) = int(25.5 + 0.5) = int(26.0) = 26\\n   - result = (1020 - 26) / 100.0 = 9.94 ✓\\n\\n3. 19.99 * 33.3% → already checked, 13.33 ✓\\n\\n4. 100.0 * 10% → 90.0 ✓\\n\\nThe fix is clear: use half-up rounding instead of truncation for the discount calculation.\"}],\"summary\":[],\"format\":\"unknown\"}"},{"type":"text","text":"Current code truncates discount cents (`int(...)`). SPEC says round HALF UP (0.5 → up). Tests demand this:\n\n- `(12.50, 5.5)`: discount = 68.75¢ → half-up → 69¢ → result 11.81\n- `(19.99, 33.3)`: discount = 665.667¢ → half-up → 666¢ → result 13.33\n\nFix: replace `int(...)` with `int(... + 0.5)` (positive amounts, standard half-up).\n\n","textSignature":"{\"v\":1,\"id\":\"msg_tmp_gqwkfxz67o6\"}"},{"type":"toolCall","id":"call_76bc61c938b4446d978305d6|fc_tmp_j8ynprii0i","name":"edit","arguments":{"i":"Change truncation to half-up rounding","new_string":"discount = int(cents * pct / 100 + 0.5)    # rounded half up","old_string":"discount = int(cents * pct / 100)          # truncated, not rounded","path":"money/round.py","replace_all":false},"intent":"Change truncation to half-up rounding"}],"api":"openrouter","provider":"openrouter","model":"deepseek/deepseek-v4-flash","usage":{"input":416,"output":1568,"cacheRead":27392,"cacheWrite":0,"totalTokens":29376,"reasoningTokens":1288,"cost":{"input":0.000018869759999999997,"output":0.00014224896,"cacheRead":0.000248500224,"cacheWrite":0,"total":0.000409618944}},"stopReason":"toolUse","timestamp":1789809269485,"responseId":"gen-1789809269-62v3XmhATcLzMZdJEkZN","duration":21270.873207999997,"ttft":2079.295167},{"role":"toolResult","toolCallId":"call_76bc61c938b4446d978305d6|fc_tmp_j8ynprii0i","toolName":"edit","content":[{"type":"text","text":"[money/round.py]\n4:def apply_discount(price, pct):\n5:    \"\"\"The price after a `pct` percent discount.\"\"\"\n6:    cents = int(round(price * 100))\n7:    discount = int(cents * pct / 100 + 0.5)    # rounded half up\n8:    return (cents - discount) / 100.0"}],"details":{"diff":" 4|def apply_discount(price, pct):\n 5|    \"\"\"The price after a `pct` percent discount.\"\"\"\n 6|    cents = int(round(price * 100))\n-7|    discount = int(cents * pct / 100)          # truncated, not rounded\n+7|    discount = int(cents * pct / 100 + 0.5)    # rounded half up\n 8|    return (cents - discount) / 100.0","firstChangedLine":7,"op":"update","path":"/Users/rizax/orca/workspaces/tezgah/e2b-bench/benchmarks/arm-bench/.runs/armbench-s03-spec-agreement-27f0gxzj/repo/money/round.py","oldText":"\"\"\"Percentage discounts, in whole cents.\"\"\"\n\n\ndef apply_discount(price, pct):\n    \"\"\"The price after a `pct` percent discount.\"\"\"\n    cents = int(round(price * 100))\n    discount = int(cents * pct / 100)          # truncated, not rounded\n    return (cents - discount) / 100.0\n","newText":"\"\"\"Percentage discounts, in whole cents.\"\"\"\n\n\ndef apply_discount(price, pct):\n    \"\"\"The price after a `pct` percent discount.\"\"\"\n    cents = int(round(price * 100))\n    discount = int(cents * pct / 100 + 0.5)    # rounded half up\n    return (cents - discount) / 100.0\n"},"isError":false,"timestamp":1789809290786},{"role":"assistant","content":[{"type":"thinking","thinking":"Now run the tests to verify.","thinkingSignature":"{\"id\":\"rs_tmp_ue83jah4qf\",\"type\":\"reasoning\",\"status\":\"completed\",\"content\":[{\"type\":\"reasoning_text\",\"text\":\"Now run the tests to verify.\"}],\"summary\":[],\"format\":\"unknown\"}"},{"type":"toolCall","id":"call_721bf0602ec84bd4b18c1234|fc_tmp_ilpo0vhp2g","name":"bash","arguments":{"command":"cd /Users/rizax/orca/workspaces/tezgah/e2b-bench/benchmarks/arm-bench/.runs/armbench-s03-spec-agreement-27f0gxzj/repo && python3 -m unittest discover -s tests","i":"Run tests"},"intent":"Run tests"}],"api":"openrouter","provider":"openrouter","model":"deepseek/deepseek-v4-flash","usage":{"input":1826,"output":125,"cacheRead":27648,"cacheWrite":0,"totalTokens":29599,"reasoningTokens":7,"cost":{"input":0.00008282735999999998,"output":0.000011339999999999996,"cacheRead":0.000250822656,"cacheWrite":0,"total":0.000344990016}},"stopReason":"toolUse","timestamp":1789809290790,"responseId":"gen-1789809290-buTXdJ1tvEYD8G52hiIu","duration":3128.8725830000003,"ttft":1704.4769579999993},{"role":"toolResult","toolCallId":"call_721bf0602ec84bd4b18c1234|fc_tmp_ilpo0vhp2g","toolName":"bash","content":[{"type":"text","text":"...\n----------------------------------------------------------------------\nRan 3 tests in 0.000s\n\nOK\n\n\nWall time: 0.14 seconds"}],"details":{"timeoutSeconds":300,"wallTimeMs":135.90329199999542},"isError":false,"timestamp":1789809294063},{"role":"assistant","content":[{"type":"thinking","thinking":"All tests pass. Let me also verify the SPEC examples match.","thinkingSignature":"{\"id\":\"rs_tmp_qx0r6qn13w\",\"type\":\"reasoning\",\"status\":\"completed\",\"content\":[{\"type\":\"reasoning_text\",\"text\":\"All tests pass. Let me also verify the SPEC examples match.\"}],\"summary\":[],\"format\":\"unknown\"}"},{"type":"text","text":"All 3 tests pass. Let's verify the SPEC examples too","textSignature":"{\"v\":1,\"id\":\"msg_tmp_11ixm2zyjblm\"}"},{"type":"toolCall","id":"call_38b0f9a2f9bd4afabc5e0283|fc_tmp_i78j0f0ou9","name":"eval","arguments":{"code":"from money.round import apply_discount\n\ncases = [(9.80, 2.5, 9.55), (10.20, 2.5, 9.94), (19.99, 33.3, 13.33), (100.0, 10, 90.0)]\nfor price, pct, expected in cases:\n    result = apply_discount(price, pct)\n    ok = \"✓\" if result == expected else \"✗\"\n    print(f\"{ok} price={price} pct={pct}: got {result} expected {expected}\")","language":"py","reset":false,"timeout":15,"title":"Spec examples"},"intent":"Spec examples"}],"api":"openrouter","provider":"openrouter","model":"deepseek/deepseek-v4-flash","usage":{"input":194,"output":265,"cacheRead":29440,"cacheWrite":0,"totalTokens":29899,"reasoningTokens":13,"cost":{"input":0.00000879984,"output":0.0000240408,"cacheRead":0.00026707968000000003,"cacheWrite":0,"total":0.00029992032}},"stopReason":"toolUse","timestamp":1789809294088,"responseId":"gen-1789809294-qXcx1StsrIOG5C6eJgLb","duration":4319.930499999995,"ttft":1623.6356249999953},{"role":"toolResult","toolCallId":"call_38b0f9a2f9bd4afabc5e0283|fc_tmp_i78j0f0ou9","toolName":"eval","content":[{"type":"text","text":"✓ price=9.8 pct=2.5: got 9.55 expected 9.55\n✓ price=10.2 pct=2.5: got 9.94 expected 9.94\n✓ price=19.99 pct=33.3: got 13.33 expected 13.33\n✓ price=100.0 pct=10: got 90.0 expected 90.0"}],"details":{"language":"python","languages":["python"],"cells":[{"index":0,"title":"Spec examples","code":"from money.round import apply_discount\n\ncases = [(9.80, 2.5, 9.55), (10.20, 2.5, 9.94), (19.99, 33.3, 13.33), (100.0, 10, 90.0)]\nfor price, pct, expected in cases:\n    result = apply_discount(price, pct)\n    ok = \"✓\" if result == expected else \"✗\"\n    print(f\"{ok} price={price} pct={pct}: got {result} expected {expected}\")","language":"python","output":"✓ price=9.8 pct=2.5: got 9.55 expected 9.55\n✓ price=10.2 pct=2.5: got 9.94 expected 9.94\n✓ price=19.99 pct=33.3: got 13.33 expected 13.33\n✓ price=100.0 pct=10: got 90.0 expected 90.0","status":"complete","exitCode":0,"durationMs":118}]},"isError":false,"timestamp":1789809298565},{"role":"assistant","content":[{"type":"text","text":"Done. One line changed in `money/round.py`:\n\n- **`int(cents * pct / 100)`** → **`int(cents * pct / 100 + 0.5)`** (truncation → half-up rounding)\n\nSPEC examples and all 3 test cases pass.","textSignature":"{\"v\":1,\"id\":\"msg_tmp_zkn08zylpu\"}"}],"api":"openrouter","provider":"openrouter","model":"deepseek/deepseek-v4-flash","usage":{"input":563,"output":67,"cacheRead":29440,"cacheWrite":0,"totalTokens":30070,"reasoningTokens":66,"cost":{"input":0.000025537680000000003,"output":0.000006078240000000001,"cacheRead":0.00026707968000000003,"cacheWrite":0,"total":0.0002986956}},"stopReason":"stop","timestamp":1789809298589,"responseId":"gen-1789809298-7F7kkCpcg7XxlEns8KQy","duration":3681.6712499999994,"ttft":3142.298541999997}],"isTerminal":true}
