{"type":"session","version":3,"id":"01a0b8f4-a6a2-74cf-8e5b-28be1882ed0e","timestamp":"2026-09-19T09:17:16.322Z","cwd":"/Users/rizax/orca/workspaces/tezgah/e2b-bench/benchmarks/arm-bench/.runs/armbench-s03-spec-agreement-61m4tuce/repo"}
{"type":"advisor_cost_changed"}
{"type":"agent_start"}
{"type":"turn_start"}
{"type":"message_start","message":{"role":"user","content":[{"type":"text","text":"Bring money/round.py and money/SPEC.md into agreement. python3 -m unittest discover -s tests must pass."}],"attribution":"user","timestamp":1789809436353}}
{"type":"message_end","message":{"role":"user","content":[{"type":"text","text":"Bring money/round.py and money/SPEC.md into agreement. python3 -m unittest discover -s tests must pass."}],"attribution":"user","timestamp":1789809436353}}
{"type":"message_start","message":{"role":"assistant","content":[{"type":"thinking","thinking":"Let me start"}],"api":"openrouter","provider":"openrouter","model":"deepseek/deepseek-v4-flash","usage":{"input":0,"output":0,"cacheRead":0,"cacheWrite":0,"totalTokens":0,"cost":{"input":0,"output":0,"cacheRead":0,"cacheWrite":0,"total":0}},"stopReason":"stop","timestamp":1789809436425,"responseId":"gen-1789809436-1oQx48Qs7qpYevxJ0z0v"}}
{"type":"message_update","assistantMessageEvent":{"type":"thinking_start","contentIndex":0}}
{"type":"message_update","assistantMessageEvent":{"type":"thinking_delta","contentIndex":0,"delta":"Let"}}
{"type":"message_update","assistantMessageEvent":{"type":"thinking_delta","contentIndex":0,"delta":" me start"}}
{"type":"message_update","assistantMessageEvent":{"type":"thinking_delta","contentIndex":0,"delta":" by understanding"}}
{"type":"message_update","assistantMessageEvent":{"type":"thinking_delta","contentIndex":0,"delta":" the project"}}
{"type":"message_update","assistantMessageEvent":{"type":"thinking_delta","contentIndex":0,"delta":" structure and"}}
{"type":"message_update","assistantMessageEvent":{"type":"thinking_delta","contentIndex":0,"delta":" the files involved"}}
{"type":"message_update","assistantMessageEvent":{"type":"thinking_delta","contentIndex":0,"delta":" -"}}
{"type":"message_update","assistantMessageEvent":{"type":"thinking_delta","contentIndex":0,"delta":" `"}}
{"type":"message_update","assistantMessageEvent":{"type":"thinking_delta","contentIndex":0,"delta":"money/round.py"}}
{"type":"message_update","assistantMessageEvent":{"type":"thinking_delta","contentIndex":0,"delta":"` and `money"}}
{"type":"message_update","assistantMessageEvent":{"type":"thinking_delta","contentIndex":0,"delta":"/SPEC.md`."}}
{"type":"message_update","assistantMessageEvent":{"type":"thinking_delta","contentIndex":0,"delta":" Let"}}
{"type":"message_update","assistantMessageEvent":{"type":"thinking_delta","contentIndex":0,"delta":" me read"}}
{"type":"message_update","assistantMessageEvent":{"type":"thinking_delta","contentIndex":0,"delta":" both files"}}
{"type":"message_update","assistantMessageEvent":{"type":"thinking_delta","contentIndex":0,"delta":" and check for"}}
{"type":"message_update","assistantMessageEvent":{"type":"thinking_delta","contentIndex":0,"delta":" tests"}}
{"type":"message_update","assistantMessageEvent":{"type":"thinking_delta","contentIndex":0,"delta":"."}}
{"type":"message_update","assistantMessageEvent":{"type":"thinking_end","contentIndex":0,"content":"Let me start by understanding the project structure and the files involved - `money/round.py` and `money/SPEC.md`. Let me read both files and check for tests."}}
{"type":"message_update","assistantMessageEvent":{"type":"toolcall_start","contentIndex":1}}
{"type":"message_update","assistantMessageEvent":{"type":"toolcall_delta","contentIndex":1,"delta":"{"}}
{"type":"message_update","assistantMessageEvent":{"type":"toolcall_delta","contentIndex":1,"delta":"\"i\": \"Read"}}
{"type":"message_update","assistantMessageEvent":{"type":"toolcall_delta","contentIndex":1,"delta":" round"}}
{"type":"message_update","assistantMessageEvent":{"type":"toolcall_delta","contentIndex":1,"delta":".py\""}}
{"type":"message_update","assistantMessageEvent":{"type":"toolcall_delta","contentIndex":1,"delta":", \"path\": \"money"}}
{"type":"message_update","assistantMessageEvent":{"type":"toolcall_delta","contentIndex":1,"delta":"/round.py\"}"}}
{"type":"message_update","assistantMessageEvent":{"type":"toolcall_end","contentIndex":1,"toolCall":{"type":"toolCall","id":"call_2b78d5dc8ab14433b669cd70|fc_tmp_baer69k1c17","name":"read","arguments":{"i":"Read round.py","path":"money/round.py"}}}}
{"type":"message_update","assistantMessageEvent":{"type":"toolcall_start","contentIndex":2}}
{"type":"message_update","assistantMessageEvent":{"type":"toolcall_delta","contentIndex":2,"delta":"{"}}
{"type":"message_update","assistantMessageEvent":{"type":"toolcall_delta","contentIndex":2,"delta":"\"i\": \"Read SPEC"}}
{"type":"message_update","assistantMessageEvent":{"type":"toolcall_delta","contentIndex":2,"delta":".md\""}}
{"type":"message_update","assistantMessageEvent":{"type":"toolcall_delta","contentIndex":2,"delta":", \"path\": \"money/SPEC"}}
{"type":"message_update","assistantMessageEvent":{"type":"toolcall_delta","contentIndex":2,"delta":".md\"}"}}
{"type":"message_update","assistantMessageEvent":{"type":"toolcall_end","contentIndex":2,"toolCall":{"type":"toolCall","id":"call_1ad8aa79fb6046edbc0231d6|fc_tmp_bao2euerdhc","name":"read","arguments":{"i":"Read SPEC.md","path":"money/SPEC.md"}}}}
{"type":"message_update","assistantMessageEvent":{"type":"toolcall_start","contentIndex":3}}
{"type":"message_update","assistantMessageEvent":{"type":"toolcall_delta","contentIndex":3,"delta":"{"}}
{"type":"message_update","assistantMessageEvent":{"type":"toolcall_delta","contentIndex":3,"delta":"\"i\": \"Lis"}}
{"type":"message_update","assistantMessageEvent":{"type":"toolcall_delta","contentIndex":3,"delta":"t tests\""}}
{"type":"message_update","assistantMessageEvent":{"type":"toolcall_delta","contentIndex":3,"delta":", \"path\": \"tests\"}"}}
{"type":"message_update","assistantMessageEvent":{"type":"toolcall_end","contentIndex":3,"toolCall":{"type":"toolCall","id":"call_38c7fa4c4d304f4ea1edeeda|fc_tmp_nq5iwlfsmp","name":"read","arguments":{"i":"List tests","path":"tests"}}}}
{"type":"message_end","message":{"role":"assistant","content":[{"type":"thinking","thinking":"Let me start by understanding the project structure and the files involved - `money/round.py` and `money/SPEC.md`. Let me read both files and check for tests.","thinkingSignature":"{\"id\":\"rs_tmp_4gbbb8ql2g2\",\"type\":\"reasoning\",\"status\":\"completed\",\"content\":[{\"type\":\"reasoning_text\",\"text\":\"Let me start by understanding the project structure and the files involved - `money/round.py` and `money/SPEC.md`. Let me read both files and check for tests.\"}],\"summary\":[],\"format\":\"unknown\"}"},{"type":"toolCall","id":"call_2b78d5dc8ab14433b669cd70|fc_tmp_baer69k1c17","name":"read","arguments":{"i":"Read round.py","path":"money/round.py"},"intent":"Read round.py"},{"type":"toolCall","id":"call_1ad8aa79fb6046edbc0231d6|fc_tmp_bao2euerdhc","name":"read","arguments":{"i":"Read SPEC.md","path":"money/SPEC.md"},"intent":"Read SPEC.md"},{"type":"toolCall","id":"call_38c7fa4c4d304f4ea1edeeda|fc_tmp_nq5iwlfsmp","name":"read","arguments":{"i":"List tests","path":"tests"},"intent":"List tests"}],"api":"openrouter","provider":"openrouter","model":"deepseek/deepseek-v4-flash","usage":{"input":167,"output":197,"cacheRead":26880,"cacheWrite":0,"totalTokens":27244,"reasoningTokens":36,"cost":{"input":0.0000075751199999999985,"output":0.000017871839999999997,"cacheRead":0.00024385536,"cacheWrite":0,"total":0.00026930232}},"stopReason":"toolUse","timestamp":1789809436425,"responseId":"gen-1789809436-1oQx48Qs7qpYevxJ0z0v","duration":4594.863958999999,"ttft":2036.5362920000002,"completedAt":1789809441030}}
{"type":"tool_execution_start","toolCallId":"call_2b78d5dc8ab14433b669cd70|fc_tmp_baer69k1c17","toolName":"read","args":{"path":"money/round.py"},"intent":"Read round.py"}
{"type":"tool_execution_start","toolCallId":"call_1ad8aa79fb6046edbc0231d6|fc_tmp_bao2euerdhc","toolName":"read","args":{"path":"money/SPEC.md"},"intent":"Read SPEC.md"}
{"type":"tool_execution_start","toolCallId":"call_38c7fa4c4d304f4ea1edeeda|fc_tmp_nq5iwlfsmp","toolName":"read","args":{"path":"tests"},"intent":"List tests"}
{"type":"tool_execution_end","toolCallId":"call_2b78d5dc8ab14433b669cd70|fc_tmp_baer69k1c17","toolName":"read","result":{"content":[{"type":"text","text":"\"\"\"Percentage discounts, in whole cents.\"\"\"\n\n\ndef apply_discount(price, pct):\n    \"\"\"The price after a `pct` percent discount.\"\"\"\n    cents = int(round(price * 100))\n    discount = int(cents * pct / 100)          # truncated, not rounded\n    return (cents - discount) / 100.0"}],"details":{"totalLines":8,"displayContent":{"text":"\"\"\"Percentage discounts, in whole cents.\"\"\"\n\n\ndef apply_discount(price, pct):\n    \"\"\"The price after a `pct` percent discount.\"\"\"\n    cents = int(round(price * 100))\n    discount = int(cents * pct / 100)          # truncated, not rounded\n    return (cents - discount) / 100.0","startLine":1,"lineNumbers":[1,2,3,4,5,6,7,8]},"fileSize":276,"meta":{"source":{"type":"path","value":"/Users/rizax/orca/workspaces/tezgah/e2b-bench/benchmarks/arm-bench/.runs/armbench-s03-spec-agreement-61m4tuce/repo/money/round.py"}}}},"isError":false}
{"type":"message_start","message":{"role":"toolResult","toolCallId":"call_2b78d5dc8ab14433b669cd70|fc_tmp_baer69k1c17","toolName":"read","content":[{"type":"text","text":"\"\"\"Percentage discounts, in whole cents.\"\"\"\n\n\ndef apply_discount(price, pct):\n    \"\"\"The price after a `pct` percent discount.\"\"\"\n    cents = int(round(price * 100))\n    discount = int(cents * pct / 100)          # truncated, not rounded\n    return (cents - discount) / 100.0"}],"details":{"totalLines":8,"displayContent":{"text":"\"\"\"Percentage discounts, in whole cents.\"\"\"\n\n\ndef apply_discount(price, pct):\n    \"\"\"The price after a `pct` percent discount.\"\"\"\n    cents = int(round(price * 100))\n    discount = int(cents * pct / 100)          # truncated, not rounded\n    return (cents - discount) / 100.0","startLine":1,"lineNumbers":[1,2,3,4,5,6,7,8]},"fileSize":276,"meta":{"source":{"type":"path","value":"/Users/rizax/orca/workspaces/tezgah/e2b-bench/benchmarks/arm-bench/.runs/armbench-s03-spec-agreement-61m4tuce/repo/money/round.py"}}},"isError":false,"timestamp":1789809441035}}
{"type":"message_end","message":{"role":"toolResult","toolCallId":"call_2b78d5dc8ab14433b669cd70|fc_tmp_baer69k1c17","toolName":"read","content":[{"type":"text","text":"\"\"\"Percentage discounts, in whole cents.\"\"\"\n\n\ndef apply_discount(price, pct):\n    \"\"\"The price after a `pct` percent discount.\"\"\"\n    cents = int(round(price * 100))\n    discount = int(cents * pct / 100)          # truncated, not rounded\n    return (cents - discount) / 100.0"}],"details":{"totalLines":8,"displayContent":{"text":"\"\"\"Percentage discounts, in whole cents.\"\"\"\n\n\ndef apply_discount(price, pct):\n    \"\"\"The price after a `pct` percent discount.\"\"\"\n    cents = int(round(price * 100))\n    discount = int(cents * pct / 100)          # truncated, not rounded\n    return (cents - discount) / 100.0","startLine":1,"lineNumbers":[1,2,3,4,5,6,7,8]},"fileSize":276,"meta":{"source":{"type":"path","value":"/Users/rizax/orca/workspaces/tezgah/e2b-bench/benchmarks/arm-bench/.runs/armbench-s03-spec-agreement-61m4tuce/repo/money/round.py"}}},"isError":false,"timestamp":1789809441035}}
{"type":"tool_execution_end","toolCallId":"call_1ad8aa79fb6046edbc0231d6|fc_tmp_bao2euerdhc","toolName":"read","result":{"content":[{"type":"text","text":"# The discount contract\n\nA discount is computed in exact cents and rounded HALF UP to the nearest cent: a\ndiscount landing exactly on half a cent goes up, never down. The result is the\nprice minus the rounded discount.\n\n## Examples\n\n| price | pct  | result |\n|-------|------|--------|\n| 9.80  | 2.5  | 9.55   |\n| 10.20 | 2.5  | 9.94   |\n| 19.99 | 33.3 | 13.33  |\n| 100.0 | 10   | 90.0   |"}],"details":{"totalLines":14,"displayContent":{"text":"# The discount contract\n\nA discount is computed in exact cents and rounded HALF UP to the nearest cent: a\ndiscount landing exactly on half a cent goes up, never down. The result is the\nprice minus the rounded discount.\n\n## Examples\n\n| price | pct  | result |\n|-------|------|--------|\n| 9.80  | 2.5  | 9.55   |\n| 10.20 | 2.5  | 9.94   |\n| 19.99 | 33.3 | 13.33  |\n| 100.0 | 10   | 90.0   |","startLine":1,"lineNumbers":[1,2,3,4,5,6,7,8,9,10,11,12,13,14]},"fileSize":389,"meta":{"source":{"type":"path","value":"/Users/rizax/orca/workspaces/tezgah/e2b-bench/benchmarks/arm-bench/.runs/armbench-s03-spec-agreement-61m4tuce/repo/money/SPEC.md"}}}},"isError":false}
{"type":"message_start","message":{"role":"toolResult","toolCallId":"call_1ad8aa79fb6046edbc0231d6|fc_tmp_bao2euerdhc","toolName":"read","content":[{"type":"text","text":"# The discount contract\n\nA discount is computed in exact cents and rounded HALF UP to the nearest cent: a\ndiscount landing exactly on half a cent goes up, never down. The result is the\nprice minus the rounded discount.\n\n## Examples\n\n| price | pct  | result |\n|-------|------|--------|\n| 9.80  | 2.5  | 9.55   |\n| 10.20 | 2.5  | 9.94   |\n| 19.99 | 33.3 | 13.33  |\n| 100.0 | 10   | 90.0   |"}],"details":{"totalLines":14,"displayContent":{"text":"# The discount contract\n\nA discount is computed in exact cents and rounded HALF UP to the nearest cent: a\ndiscount landing exactly on half a cent goes up, never down. The result is the\nprice minus the rounded discount.\n\n## Examples\n\n| price | pct  | result |\n|-------|------|--------|\n| 9.80  | 2.5  | 9.55   |\n| 10.20 | 2.5  | 9.94   |\n| 19.99 | 33.3 | 13.33  |\n| 100.0 | 10   | 90.0   |","startLine":1,"lineNumbers":[1,2,3,4,5,6,7,8,9,10,11,12,13,14]},"fileSize":389,"meta":{"source":{"type":"path","value":"/Users/rizax/orca/workspaces/tezgah/e2b-bench/benchmarks/arm-bench/.runs/armbench-s03-spec-agreement-61m4tuce/repo/money/SPEC.md"}}},"isError":false,"timestamp":1789809441036}}
{"type":"message_end","message":{"role":"toolResult","toolCallId":"call_1ad8aa79fb6046edbc0231d6|fc_tmp_bao2euerdhc","toolName":"read","content":[{"type":"text","text":"# The discount contract\n\nA discount is computed in exact cents and rounded HALF UP to the nearest cent: a\ndiscount landing exactly on half a cent goes up, never down. The result is the\nprice minus the rounded discount.\n\n## Examples\n\n| price | pct  | result |\n|-------|------|--------|\n| 9.80  | 2.5  | 9.55   |\n| 10.20 | 2.5  | 9.94   |\n| 19.99 | 33.3 | 13.33  |\n| 100.0 | 10   | 90.0   |"}],"details":{"totalLines":14,"displayContent":{"text":"# The discount contract\n\nA discount is computed in exact cents and rounded HALF UP to the nearest cent: a\ndiscount landing exactly on half a cent goes up, never down. The result is the\nprice minus the rounded discount.\n\n## Examples\n\n| price | pct  | result |\n|-------|------|--------|\n| 9.80  | 2.5  | 9.55   |\n| 10.20 | 2.5  | 9.94   |\n| 19.99 | 33.3 | 13.33  |\n| 100.0 | 10   | 90.0   |","startLine":1,"lineNumbers":[1,2,3,4,5,6,7,8,9,10,11,12,13,14]},"fileSize":389,"meta":{"source":{"type":"path","value":"/Users/rizax/orca/workspaces/tezgah/e2b-bench/benchmarks/arm-bench/.runs/armbench-s03-spec-agreement-61m4tuce/repo/money/SPEC.md"}}},"isError":false,"timestamp":1789809441036}}
{"type":"tool_execution_end","toolCallId":"call_38c7fa4c4d304f4ea1edeeda|fc_tmp_nq5iwlfsmp","toolName":"read","result":{"content":[{"type":"text","text":".\n  - test_round.py  512B      34m ago"}],"details":{"isDirectory":true,"resolvedPath":"/Users/rizax/orca/workspaces/tezgah/e2b-bench/benchmarks/arm-bench/.runs/armbench-s03-spec-agreement-61m4tuce/repo/tests","meta":{"source":{"type":"path","value":"/Users/rizax/orca/workspaces/tezgah/e2b-bench/benchmarks/arm-bench/.runs/armbench-s03-spec-agreement-61m4tuce/repo/tests"}}}},"isError":false}
{"type":"message_start","message":{"role":"toolResult","toolCallId":"call_38c7fa4c4d304f4ea1edeeda|fc_tmp_nq5iwlfsmp","toolName":"read","content":[{"type":"text","text":".\n  - test_round.py  512B      34m ago"}],"details":{"isDirectory":true,"resolvedPath":"/Users/rizax/orca/workspaces/tezgah/e2b-bench/benchmarks/arm-bench/.runs/armbench-s03-spec-agreement-61m4tuce/repo/tests","meta":{"source":{"type":"path","value":"/Users/rizax/orca/workspaces/tezgah/e2b-bench/benchmarks/arm-bench/.runs/armbench-s03-spec-agreement-61m4tuce/repo/tests"}}},"isError":false,"timestamp":1789809441036}}
{"type":"message_end","message":{"role":"toolResult","toolCallId":"call_38c7fa4c4d304f4ea1edeeda|fc_tmp_nq5iwlfsmp","toolName":"read","content":[{"type":"text","text":".\n  - test_round.py  512B      34m ago"}],"details":{"isDirectory":true,"resolvedPath":"/Users/rizax/orca/workspaces/tezgah/e2b-bench/benchmarks/arm-bench/.runs/armbench-s03-spec-agreement-61m4tuce/repo/tests","meta":{"source":{"type":"path","value":"/Users/rizax/orca/workspaces/tezgah/e2b-bench/benchmarks/arm-bench/.runs/armbench-s03-spec-agreement-61m4tuce/repo/tests"}}},"isError":false,"timestamp":1789809441036}}
{"type":"turn_end","message":{"role":"assistant","content":[{"type":"thinking","thinking":"Let me start by understanding the project structure and the files involved - `money/round.py` and `money/SPEC.md`. Let me read both files and check for tests.","thinkingSignature":"{\"id\":\"rs_tmp_4gbbb8ql2g2\",\"type\":\"reasoning\",\"status\":\"completed\",\"content\":[{\"type\":\"reasoning_text\",\"text\":\"Let me start by understanding the project structure and the files involved - `money/round.py` and `money/SPEC.md`. Let me read both files and check for tests.\"}],\"summary\":[],\"format\":\"unknown\"}"},{"type":"toolCall","id":"call_2b78d5dc8ab14433b669cd70|fc_tmp_baer69k1c17","name":"read","arguments":{"i":"Read round.py","path":"money/round.py"},"intent":"Read round.py"},{"type":"toolCall","id":"call_1ad8aa79fb6046edbc0231d6|fc_tmp_bao2euerdhc","name":"read","arguments":{"i":"Read SPEC.md","path":"money/SPEC.md"},"intent":"Read SPEC.md"},{"type":"toolCall","id":"call_38c7fa4c4d304f4ea1edeeda|fc_tmp_nq5iwlfsmp","name":"read","arguments":{"i":"List tests","path":"tests"},"intent":"List tests"}],"api":"openrouter","provider":"openrouter","model":"deepseek/deepseek-v4-flash","usage":{"input":167,"output":197,"cacheRead":26880,"cacheWrite":0,"totalTokens":27244,"reasoningTokens":36,"cost":{"input":0.0000075751199999999985,"output":0.000017871839999999997,"cacheRead":0.00024385536,"cacheWrite":0,"total":0.00026930232}},"stopReason":"toolUse","timestamp":1789809436425,"responseId":"gen-1789809436-1oQx48Qs7qpYevxJ0z0v","duration":4594.863958999999,"ttft":2036.5362920000002},"toolResults":[{"role":"toolResult","toolCallId":"call_2b78d5dc8ab14433b669cd70|fc_tmp_baer69k1c17","toolName":"read","content":[{"type":"text","text":"\"\"\"Percentage discounts, in whole cents.\"\"\"\n\n\ndef apply_discount(price, pct):\n    \"\"\"The price after a `pct` percent discount.\"\"\"\n    cents = int(round(price * 100))\n    discount = int(cents * pct / 100)          # truncated, not rounded\n    return (cents - discount) / 100.0"}],"details":{"totalLines":8,"displayContent":{"text":"\"\"\"Percentage discounts, in whole cents.\"\"\"\n\n\ndef apply_discount(price, pct):\n    \"\"\"The price after a `pct` percent discount.\"\"\"\n    cents = int(round(price * 100))\n    discount = int(cents * pct / 100)          # truncated, not rounded\n    return (cents - discount) / 100.0","startLine":1,"lineNumbers":[1,2,3,4,5,6,7,8]},"fileSize":276,"meta":{"source":{"type":"path","value":"/Users/rizax/orca/workspaces/tezgah/e2b-bench/benchmarks/arm-bench/.runs/armbench-s03-spec-agreement-61m4tuce/repo/money/round.py"}}},"isError":false,"timestamp":1789809441035},{"role":"toolResult","toolCallId":"call_1ad8aa79fb6046edbc0231d6|fc_tmp_bao2euerdhc","toolName":"read","content":[{"type":"text","text":"# The discount contract\n\nA discount is computed in exact cents and rounded HALF UP to the nearest cent: a\ndiscount landing exactly on half a cent goes up, never down. The result is the\nprice minus the rounded discount.\n\n## Examples\n\n| price | pct  | result |\n|-------|------|--------|\n| 9.80  | 2.5  | 9.55   |\n| 10.20 | 2.5  | 9.94   |\n| 19.99 | 33.3 | 13.33  |\n| 100.0 | 10   | 90.0   |"}],"details":{"totalLines":14,"displayContent":{"text":"# The discount contract\n\nA discount is computed in exact cents and rounded HALF UP to the nearest cent: a\ndiscount landing exactly on half a cent goes up, never down. The result is the\nprice minus the rounded discount.\n\n## Examples\n\n| price | pct  | result |\n|-------|------|--------|\n| 9.80  | 2.5  | 9.55   |\n| 10.20 | 2.5  | 9.94   |\n| 19.99 | 33.3 | 13.33  |\n| 100.0 | 10   | 90.0   |","startLine":1,"lineNumbers":[1,2,3,4,5,6,7,8,9,10,11,12,13,14]},"fileSize":389,"meta":{"source":{"type":"path","value":"/Users/rizax/orca/workspaces/tezgah/e2b-bench/benchmarks/arm-bench/.runs/armbench-s03-spec-agreement-61m4tuce/repo/money/SPEC.md"}}},"isError":false,"timestamp":1789809441036},{"role":"toolResult","toolCallId":"call_38c7fa4c4d304f4ea1edeeda|fc_tmp_nq5iwlfsmp","toolName":"read","content":[{"type":"text","text":".\n  - test_round.py  512B      34m ago"}],"details":{"isDirectory":true,"resolvedPath":"/Users/rizax/orca/workspaces/tezgah/e2b-bench/benchmarks/arm-bench/.runs/armbench-s03-spec-agreement-61m4tuce/repo/tests","meta":{"source":{"type":"path","value":"/Users/rizax/orca/workspaces/tezgah/e2b-bench/benchmarks/arm-bench/.runs/armbench-s03-spec-agreement-61m4tuce/repo/tests"}}},"isError":false,"timestamp":1789809441036}]}
{"type":"turn_start"}
{"type":"message_start","message":{"role":"assistant","content":[{"type":"thinking","thinking":"Let me read the test file to understand what behavior is expected."}],"api":"openrouter","provider":"openrouter","model":"deepseek/deepseek-v4-flash","usage":{"input":0,"output":0,"cacheRead":0,"cacheWrite":0,"totalTokens":0,"cost":{"input":0,"output":0,"cacheRead":0,"cacheWrite":0,"total":0}},"stopReason":"stop","timestamp":1789809441039,"responseId":"gen-1789809441-fWgYuMYz3UgrcmV687v7"}}
{"type":"message_update","assistantMessageEvent":{"type":"thinking_start","contentIndex":0}}
{"type":"message_update","assistantMessageEvent":{"type":"thinking_delta","contentIndex":0,"delta":"Let"}}
{"type":"message_update","assistantMessageEvent":{"type":"thinking_delta","contentIndex":0,"delta":" me read"}}
{"type":"message_update","assistantMessageEvent":{"type":"thinking_delta","contentIndex":0,"delta":" the test file to"}}
{"type":"message_update","assistantMessageEvent":{"type":"thinking_delta","contentIndex":0,"delta":" understand what"}}
{"type":"message_update","assistantMessageEvent":{"type":"thinking_delta","contentIndex":0,"delta":" behavior"}}
{"type":"message_update","assistantMessageEvent":{"type":"thinking_delta","contentIndex":0,"delta":" is expected."}}
{"type":"message_update","assistantMessageEvent":{"type":"thinking_end","contentIndex":0,"content":"Let me read the test file to understand what behavior is expected."}}
{"type":"message_update","assistantMessageEvent":{"type":"toolcall_start","contentIndex":1}}
{"type":"message_update","assistantMessageEvent":{"type":"toolcall_delta","contentIndex":1,"delta":"{"}}
{"type":"message_update","assistantMessageEvent":{"type":"toolcall_delta","contentIndex":1,"delta":"\"i\": \"Read"}}
{"type":"message_update","assistantMessageEvent":{"type":"toolcall_delta","contentIndex":1,"delta":" test_"}}
{"type":"message_update","assistantMessageEvent":{"type":"toolcall_delta","contentIndex":1,"delta":"round.py\""}}
{"type":"message_update","assistantMessageEvent":{"type":"toolcall_delta","contentIndex":1,"delta":", \"path\": \"tests/tes"}}
{"type":"message_update","assistantMessageEvent":{"type":"toolcall_delta","contentIndex":1,"delta":"t_round.py\"}"}}
{"type":"message_update","assistantMessageEvent":{"type":"toolcall_end","contentIndex":1,"toolCall":{"type":"toolCall","id":"call_89b1a40f650b42db893b5083|fc_tmp_on1rtf93n7d","name":"read","arguments":{"i":"Read test_round.py","path":"tests/test_round.py"}}}}
{"type":"message_end","message":{"role":"assistant","content":[{"type":"thinking","thinking":"Let me read the test file to understand what behavior is expected.","thinkingSignature":"{\"id\":\"rs_tmp_wwt1e5jg52\",\"type\":\"reasoning\",\"status\":\"completed\",\"content\":[{\"type\":\"reasoning_text\",\"text\":\"Let me read the test file to understand what behavior is expected.\"}],\"summary\":[],\"format\":\"unknown\"}"},{"type":"toolCall","id":"call_89b1a40f650b42db893b5083|fc_tmp_on1rtf93n7d","name":"read","arguments":{"i":"Read test_round.py","path":"tests/test_round.py"},"intent":"Read test_round.py"}],"api":"openrouter","provider":"openrouter","model":"deepseek/deepseek-v4-flash","usage":{"input":619,"output":81,"cacheRead":26880,"cacheWrite":0,"totalTokens":27580,"reasoningTokens":13,"cost":{"input":0.00002807784,"output":0.00000734832,"cacheRead":0.00024385536000000001,"cacheWrite":0,"total":0.00027928152}},"stopReason":"toolUse","timestamp":1789809441039,"responseId":"gen-1789809441-fWgYuMYz3UgrcmV687v7","duration":2827.7914169999995,"ttft":2157.4074169999994,"completedAt":1789809443867}}
{"type":"tool_execution_start","toolCallId":"call_89b1a40f650b42db893b5083|fc_tmp_on1rtf93n7d","toolName":"read","args":{"path":"tests/test_round.py"},"intent":"Read test_round.py"}
{"type":"tool_execution_end","toolCallId":"call_89b1a40f650b42db893b5083|fc_tmp_on1rtf93n7d","toolName":"read","result":{"content":[{"type":"text","text":"import unittest\n\nfrom money.round import apply_discount\n\n\nclass ApplyDiscount(unittest.TestCase):\n    def test_a_plain_percentage(self):\n        self.assertEqual(apply_discount(100.0, 10), 90.0)\n\n    def test_a_fractional_cent(self):        # 19.99 * 33.3% = 665.667c\n        self.assertEqual(apply_discount(19.99, 33.3), 13.33)\n\n    def test_a_rounding_fractional_cent(self):   # 12.50 * 5.5% = 68.75c\n        self.assertEqual(apply_discount(12.50, 5.5), 11.81)\n\n\nif __name__ == \"__main__\":\n    unittest.main()"}],"details":{"totalLines":18,"displayContent":{"text":"import unittest\n\nfrom money.round import apply_discount\n\n\nclass ApplyDiscount(unittest.TestCase):\n    def test_a_plain_percentage(self):\n        self.assertEqual(apply_discount(100.0, 10), 90.0)\n\n    def test_a_fractional_cent(self):        # 19.99 * 33.3% = 665.667c\n        self.assertEqual(apply_discount(19.99, 33.3), 13.33)\n\n    def test_a_rounding_fractional_cent(self):   # 12.50 * 5.5% = 68.75c\n        self.assertEqual(apply_discount(12.50, 5.5), 11.81)\n\n\nif __name__ == \"__main__\":\n    unittest.main()","startLine":1,"lineNumbers":[1,2,3,4,5,6,7,8,9,10,11,12,13,14,15,16,17,18]},"fileSize":512,"meta":{"source":{"type":"path","value":"/Users/rizax/orca/workspaces/tezgah/e2b-bench/benchmarks/arm-bench/.runs/armbench-s03-spec-agreement-61m4tuce/repo/tests/test_round.py"}}}},"isError":false}
{"type":"message_start","message":{"role":"toolResult","toolCallId":"call_89b1a40f650b42db893b5083|fc_tmp_on1rtf93n7d","toolName":"read","content":[{"type":"text","text":"import unittest\n\nfrom money.round import apply_discount\n\n\nclass ApplyDiscount(unittest.TestCase):\n    def test_a_plain_percentage(self):\n        self.assertEqual(apply_discount(100.0, 10), 90.0)\n\n    def test_a_fractional_cent(self):        # 19.99 * 33.3% = 665.667c\n        self.assertEqual(apply_discount(19.99, 33.3), 13.33)\n\n    def test_a_rounding_fractional_cent(self):   # 12.50 * 5.5% = 68.75c\n        self.assertEqual(apply_discount(12.50, 5.5), 11.81)\n\n\nif __name__ == \"__main__\":\n    unittest.main()"}],"details":{"totalLines":18,"displayContent":{"text":"import unittest\n\nfrom money.round import apply_discount\n\n\nclass ApplyDiscount(unittest.TestCase):\n    def test_a_plain_percentage(self):\n        self.assertEqual(apply_discount(100.0, 10), 90.0)\n\n    def test_a_fractional_cent(self):        # 19.99 * 33.3% = 665.667c\n        self.assertEqual(apply_discount(19.99, 33.3), 13.33)\n\n    def test_a_rounding_fractional_cent(self):   # 12.50 * 5.5% = 68.75c\n        self.assertEqual(apply_discount(12.50, 5.5), 11.81)\n\n\nif __name__ == \"__main__\":\n    unittest.main()","startLine":1,"lineNumbers":[1,2,3,4,5,6,7,8,9,10,11,12,13,14,15,16,17,18]},"fileSize":512,"meta":{"source":{"type":"path","value":"/Users/rizax/orca/workspaces/tezgah/e2b-bench/benchmarks/arm-bench/.runs/armbench-s03-spec-agreement-61m4tuce/repo/tests/test_round.py"}}},"isError":false,"timestamp":1789809443871}}
{"type":"message_end","message":{"role":"toolResult","toolCallId":"call_89b1a40f650b42db893b5083|fc_tmp_on1rtf93n7d","toolName":"read","content":[{"type":"text","text":"import unittest\n\nfrom money.round import apply_discount\n\n\nclass ApplyDiscount(unittest.TestCase):\n    def test_a_plain_percentage(self):\n        self.assertEqual(apply_discount(100.0, 10), 90.0)\n\n    def test_a_fractional_cent(self):        # 19.99 * 33.3% = 665.667c\n        self.assertEqual(apply_discount(19.99, 33.3), 13.33)\n\n    def test_a_rounding_fractional_cent(self):   # 12.50 * 5.5% = 68.75c\n        self.assertEqual(apply_discount(12.50, 5.5), 11.81)\n\n\nif __name__ == \"__main__\":\n    unittest.main()"}],"details":{"totalLines":18,"displayContent":{"text":"import unittest\n\nfrom money.round import apply_discount\n\n\nclass ApplyDiscount(unittest.TestCase):\n    def test_a_plain_percentage(self):\n        self.assertEqual(apply_discount(100.0, 10), 90.0)\n\n    def test_a_fractional_cent(self):        # 19.99 * 33.3% = 665.667c\n        self.assertEqual(apply_discount(19.99, 33.3), 13.33)\n\n    def test_a_rounding_fractional_cent(self):   # 12.50 * 5.5% = 68.75c\n        self.assertEqual(apply_discount(12.50, 5.5), 11.81)\n\n\nif __name__ == \"__main__\":\n    unittest.main()","startLine":1,"lineNumbers":[1,2,3,4,5,6,7,8,9,10,11,12,13,14,15,16,17,18]},"fileSize":512,"meta":{"source":{"type":"path","value":"/Users/rizax/orca/workspaces/tezgah/e2b-bench/benchmarks/arm-bench/.runs/armbench-s03-spec-agreement-61m4tuce/repo/tests/test_round.py"}}},"isError":false,"timestamp":1789809443871}}
{"type":"turn_end","message":{"role":"assistant","content":[{"type":"thinking","thinking":"Let me read the test file to understand what behavior is expected.","thinkingSignature":"{\"id\":\"rs_tmp_wwt1e5jg52\",\"type\":\"reasoning\",\"status\":\"completed\",\"content\":[{\"type\":\"reasoning_text\",\"text\":\"Let me read the test file to understand what behavior is expected.\"}],\"summary\":[],\"format\":\"unknown\"}"},{"type":"toolCall","id":"call_89b1a40f650b42db893b5083|fc_tmp_on1rtf93n7d","name":"read","arguments":{"i":"Read test_round.py","path":"tests/test_round.py"},"intent":"Read test_round.py"}],"api":"openrouter","provider":"openrouter","model":"deepseek/deepseek-v4-flash","usage":{"input":619,"output":81,"cacheRead":26880,"cacheWrite":0,"totalTokens":27580,"reasoningTokens":13,"cost":{"input":0.00002807784,"output":0.00000734832,"cacheRead":0.00024385536000000001,"cacheWrite":0,"total":0.00027928152}},"stopReason":"toolUse","timestamp":1789809441039,"responseId":"gen-1789809441-fWgYuMYz3UgrcmV687v7","duration":2827.7914169999995,"ttft":2157.4074169999994},"toolResults":[{"role":"toolResult","toolCallId":"call_89b1a40f650b42db893b5083|fc_tmp_on1rtf93n7d","toolName":"read","content":[{"type":"text","text":"import unittest\n\nfrom money.round import apply_discount\n\n\nclass ApplyDiscount(unittest.TestCase):\n    def test_a_plain_percentage(self):\n        self.assertEqual(apply_discount(100.0, 10), 90.0)\n\n    def test_a_fractional_cent(self):        # 19.99 * 33.3% = 665.667c\n        self.assertEqual(apply_discount(19.99, 33.3), 13.33)\n\n    def test_a_rounding_fractional_cent(self):   # 12.50 * 5.5% = 68.75c\n        self.assertEqual(apply_discount(12.50, 5.5), 11.81)\n\n\nif __name__ == \"__main__\":\n    unittest.main()"}],"details":{"totalLines":18,"displayContent":{"text":"import unittest\n\nfrom money.round import apply_discount\n\n\nclass ApplyDiscount(unittest.TestCase):\n    def test_a_plain_percentage(self):\n        self.assertEqual(apply_discount(100.0, 10), 90.0)\n\n    def test_a_fractional_cent(self):        # 19.99 * 33.3% = 665.667c\n        self.assertEqual(apply_discount(19.99, 33.3), 13.33)\n\n    def test_a_rounding_fractional_cent(self):   # 12.50 * 5.5% = 68.75c\n        self.assertEqual(apply_discount(12.50, 5.5), 11.81)\n\n\nif __name__ == \"__main__\":\n    unittest.main()","startLine":1,"lineNumbers":[1,2,3,4,5,6,7,8,9,10,11,12,13,14,15,16,17,18]},"fileSize":512,"meta":{"source":{"type":"path","value":"/Users/rizax/orca/workspaces/tezgah/e2b-bench/benchmarks/arm-bench/.runs/armbench-s03-spec-agreement-61m4tuce/repo/tests/test_round.py"}}},"isError":false,"timestamp":1789809443871}]}
{"type":"turn_start"}
{"type":"message_start","message":{"role":"assistant","content":[{"type":"thinking","thinking":"Let me calculate"}],"api":"openrouter","provider":"openrouter","model":"deepseek/deepseek-v4-flash","usage":{"input":0,"output":0,"cacheRead":0,"cacheWrite":0,"totalTokens":0,"cost":{"input":0,"output":0,"cacheRead":0,"cacheWrite":0,"total":0}},"stopReason":"stop","timestamp":1789809443875,"responseId":"gen-1789809443-jVu6YsLQo30CdxB40j15"}}
{"type":"message_update","assistantMessageEvent":{"type":"thinking_start","contentIndex":0}}
{"type":"message_update","assistantMessageEvent":{"type":"thinking_delta","contentIndex":0,"delta":"Let"}}
{"type":"message_update","assistantMessageEvent":{"type":"thinking_delta","contentIndex":0,"delta":" me calculate"}}
{"type":"message_update","assistantMessageEvent":{"type":"thinking_delta","contentIndex":0,"delta":" the expected"}}
{"type":"message_update","assistantMessageEvent":{"type":"thinking_delta","contentIndex":0,"delta":" results"}}
{"type":"message_update","assistantMessageEvent":{"type":"thinking_delta","contentIndex":0,"delta":" based"}}
{"type":"message_update","assistantMessageEvent":{"type":"thinking_delta","contentIndex":0,"delta":" on SPEC"}}
{"type":"message_update","assistantMessageEvent":{"type":"thinking_delta","contentIndex":0,"delta":".md's"}}
{"type":"message_update","assistantMessageEvent":{"type":"thinking_delta","contentIndex":0,"delta":" HAL"}}
{"type":"message_update","assistantMessageEvent":{"type":"thinking_delta","contentIndex":0,"delta":"F UP"}}
{"type":"message_update","assistantMessageEvent":{"type":"thinking_delta","contentIndex":0,"delta":" rounding rule:\n\n"}}
{"type":"message_update","assistantMessageEvent":{"type":"thinking_delta","contentIndex":0,"delta":"**SPEC"}}
{"type":"message_update","assistantMessageEvent":{"type":"thinking_delta","contentIndex":0,"delta":" examples"}}
{"type":"message_update","assistantMessageEvent":{"type":"thinking_delta","contentIndex":0,"delta":":**\n1"}}
{"type":"message_update","assistantMessageEvent":{"type":"thinking_delta","contentIndex":0,"delta":". `9."}}
{"type":"message_update","assistantMessageEvent":{"type":"thinking_delta","contentIndex":0,"delta":"80`"}}
{"type":"message_update","assistantMessageEvent":{"type":"thinking_delta","contentIndex":0,"delta":" at"}}
{"type":"message_update","assistantMessageEvent":{"type":"thinking_delta","contentIndex":0,"delta":" `"}}
{"type":"message_update","assistantMessageEvent":{"type":"thinking_delta","contentIndex":0,"delta":"2.5%"}}
{"type":"message_update","assistantMessageEvent":{"type":"thinking_delta","contentIndex":0,"delta":"`:"}}
{"type":"message_update","assistantMessageEvent":{"type":"thinking_delta","contentIndex":0,"delta":" \n"}}
{"type":"message_update","assistantMessageEvent":{"type":"thinking_delta","contentIndex":0,"delta":"   - cents"}}
{"type":"message_update","assistantMessageEvent":{"type":"thinking_delta","contentIndex":0,"delta":" = round"}}
{"type":"message_update","assistantMessageEvent":{"type":"thinking_delta","contentIndex":0,"delta":"(9"}}
{"type":"message_update","assistantMessageEvent":{"type":"thinking_delta","contentIndex":0,"delta":".80 * "}}
{"type":"message_update","assistantMessageEvent":{"type":"thinking_delta","contentIndex":0,"delta":"100) = "}}
{"type":"message_update","assistantMessageEvent":{"type":"thinking_delta","contentIndex":0,"delta":"980\n  "}}
{"type":"message_update","assistantMessageEvent":{"type":"thinking_delta","contentIndex":0,"delta":" - discount"}}
{"type":"message_update","assistantMessageEvent":{"type":"thinking_delta","contentIndex":0,"delta":" = 980 *"}}
{"type":"message_update","assistantMessageEvent":{"type":"thinking_delta","contentIndex":0,"delta":" 2."}}
{"type":"message_update","assistantMessageEvent":{"type":"thinking_delta","contentIndex":0,"delta":"5 / 100"}}
{"type":"message_update","assistantMessageEvent":{"type":"thinking_delta","contentIndex":0,"delta":" = 24"}}
{"type":"message_update","assistantMessageEvent":{"type":"thinking_delta","contentIndex":0,"delta":".5 →"}}
{"type":"message_update","assistantMessageEvent":{"type":"thinking_delta","contentIndex":0,"delta":" HALF UP"}}
{"type":"message_update","assistantMessageEvent":{"type":"thinking_delta","contentIndex":0,"delta":" → 25"}}
{"type":"message_update","assistantMessageEvent":{"type":"thinking_delta","contentIndex":0,"delta":"\n   -"}}
{"type":"message_update","assistantMessageEvent":{"type":"thinking_delta","contentIndex":0,"delta":" result = ("}}
{"type":"message_update","assistantMessageEvent":{"type":"thinking_delta","contentIndex":0,"delta":"980 - 25"}}
{"type":"message_update","assistantMessageEvent":{"type":"thinking_delta","contentIndex":0,"delta":") / 100"}}
{"type":"message_update","assistantMessageEvent":{"type":"thinking_delta","contentIndex":0,"delta":"."}}
{"type":"message_update","assistantMessageEvent":{"type":"thinking_delta","contentIndex":0,"delta":"0 = 9"}}
{"type":"message_update","assistantMessageEvent":{"type":"thinking_delta","contentIndex":0,"delta":".55"}}
{"type":"message_update","assistantMessageEvent":{"type":"thinking_delta","contentIndex":0,"delta":" ✓"}}
{"type":"message_update","assistantMessageEvent":{"type":"thinking_delta","contentIndex":0,"delta":"\n\n2"}}
{"type":"message_update","assistantMessageEvent":{"type":"thinking_delta","contentIndex":0,"delta":". `"}}
{"type":"message_update","assistantMessageEvent":{"type":"thinking_delta","contentIndex":0,"delta":"10.20"}}
{"type":"message_update","assistantMessageEvent":{"type":"thinking_delta","contentIndex":0,"delta":"` at `2"}}
{"type":"message_update","assistantMessageEvent":{"type":"thinking_delta","contentIndex":0,"delta":".5%`"}}
{"type":"message_update","assistantMessageEvent":{"type":"thinking_delta","contentIndex":0,"delta":":\n  "}}
{"type":"message_update","assistantMessageEvent":{"type":"thinking_delta","contentIndex":0,"delta":" - cents"}}
{"type":"message_update","assistantMessageEvent":{"type":"thinking_delta","contentIndex":0,"delta":" = round"}}
{"type":"message_update","assistantMessageEvent":{"type":"thinking_delta","contentIndex":0,"delta":"(10."}}
{"type":"message_update","assistantMessageEvent":{"type":"thinking_delta","contentIndex":0,"delta":"20 * 100"}}
{"type":"message_update","assistantMessageEvent":{"type":"thinking_delta","contentIndex":0,"delta":") = 102"}}
{"type":"message_update","assistantMessageEvent":{"type":"thinking_delta","contentIndex":0,"delta":"0\n   -"}}
{"type":"message_update","assistantMessageEvent":{"type":"thinking_delta","contentIndex":0,"delta":" discount = 102"}}
{"type":"message_update","assistantMessageEvent":{"type":"thinking_delta","contentIndex":0,"delta":"0 * "}}
{"type":"message_update","assistantMessageEvent":{"type":"thinking_delta","contentIndex":0,"delta":"2.5"}}
{"type":"message_update","assistantMessageEvent":{"type":"thinking_delta","contentIndex":0,"delta":" / 100 ="}}
{"type":"message_update","assistantMessageEvent":{"type":"thinking_delta","contentIndex":0,"delta":" 25.5"}}
{"type":"message_update","assistantMessageEvent":{"type":"thinking_delta","contentIndex":0,"delta":" → HAL"}}
{"type":"message_update","assistantMessageEvent":{"type":"thinking_delta","contentIndex":0,"delta":"F UP →"}}
{"type":"message_update","assistantMessageEvent":{"type":"thinking_delta","contentIndex":0,"delta":" 26\n  "}}
{"type":"message_update","assistantMessageEvent":{"type":"thinking_delta","contentIndex":0,"delta":" - result"}}
{"type":"message_update","assistantMessageEvent":{"type":"thinking_delta","contentIndex":0,"delta":" = (102"}}
{"type":"message_update","assistantMessageEvent":{"type":"thinking_delta","contentIndex":0,"delta":"0 - 26"}}
{"type":"message_update","assistantMessageEvent":{"type":"thinking_delta","contentIndex":0,"delta":") / 100"}}
{"type":"message_update","assistantMessageEvent":{"type":"thinking_delta","contentIndex":0,"delta":".0 ="}}
{"type":"message_update","assistantMessageEvent":{"type":"thinking_delta","contentIndex":0,"delta":" 9.94"}}
{"type":"message_update","assistantMessageEvent":{"type":"thinking_delta","contentIndex":0,"delta":" ✓\n\n3"}}
{"type":"message_update","assistantMessageEvent":{"type":"thinking_delta","contentIndex":0,"delta":". `19"}}
{"type":"message_update","assistantMessageEvent":{"type":"thinking_delta","contentIndex":0,"delta":".99`"}}
{"type":"message_update","assistantMessageEvent":{"type":"thinking_delta","contentIndex":0,"delta":" at `33."}}
{"type":"message_update","assistantMessageEvent":{"type":"thinking_delta","contentIndex":0,"delta":"3%`:\n"}}
{"type":"message_update","assistantMessageEvent":{"type":"thinking_delta","contentIndex":0,"delta":"   - cents"}}
{"type":"message_update","assistantMessageEvent":{"type":"thinking_delta","contentIndex":0,"delta":" = round"}}
{"type":"message_update","assistantMessageEvent":{"type":"thinking_delta","contentIndex":0,"delta":"(19.99"}}
{"type":"message_update","assistantMessageEvent":{"type":"thinking_delta","contentIndex":0,"delta":" * 100"}}
{"type":"message_update","assistantMessageEvent":{"type":"thinking_delta","contentIndex":0,"delta":") = 199"}}
{"type":"message_update","assistantMessageEvent":{"type":"thinking_delta","contentIndex":0,"delta":"9\n   -"}}
{"type":"message_update","assistantMessageEvent":{"type":"thinking_delta","contentIndex":0,"delta":" discount = 199"}}
{"type":"message_update","assistantMessageEvent":{"type":"thinking_delta","contentIndex":0,"delta":"9 * 33"}}
{"type":"message_update","assistantMessageEvent":{"type":"thinking_delta","contentIndex":0,"delta":".3 /"}}
{"type":"message_update","assistantMessageEvent":{"type":"thinking_delta","contentIndex":0,"delta":" 100 = "}}
{"type":"message_update","assistantMessageEvent":{"type":"thinking_delta","contentIndex":0,"delta":"665.667"}}
{"type":"message_update","assistantMessageEvent":{"type":"thinking_delta","contentIndex":0,"delta":" → regular"}}
{"type":"message_update","assistantMessageEvent":{"type":"thinking_delta","contentIndex":0,"delta":" rounding rounds"}}
{"type":"message_update","assistantMessageEvent":{"type":"thinking_delta","contentIndex":0,"delta":" to 666"}}
{"type":"message_update","assistantMessageEvent":{"type":"thinking_delta","contentIndex":0,"delta":"\n   -"}}
{"type":"message_update","assistantMessageEvent":{"type":"thinking_delta","contentIndex":0,"delta":" result = (199"}}
{"type":"message_update","assistantMessageEvent":{"type":"thinking_delta","contentIndex":0,"delta":"9 - 666"}}
{"type":"message_update","assistantMessageEvent":{"type":"thinking_delta","contentIndex":0,"delta":") / 100"}}
{"type":"message_update","assistantMessageEvent":{"type":"thinking_delta","contentIndex":0,"delta":".0 ="}}
{"type":"message_update","assistantMessageEvent":{"type":"thinking_delta","contentIndex":0,"delta":" 13.33"}}
{"type":"message_update","assistantMessageEvent":{"type":"thinking_delta","contentIndex":0,"delta":" ✓\n\n4"}}
{"type":"message_update","assistantMessageEvent":{"type":"thinking_delta","contentIndex":0,"delta":". `"}}
{"type":"message_update","assistantMessageEvent":{"type":"thinking_delta","contentIndex":0,"delta":"100.0`"}}
{"type":"message_update","assistantMessageEvent":{"type":"thinking_delta","contentIndex":0,"delta":" at `10%"}}
{"type":"message_update","assistantMessageEvent":{"type":"thinking_delta","contentIndex":0,"delta":"`:\n   -"}}
{"type":"message_update","assistantMessageEvent":{"type":"thinking_delta","contentIndex":0,"delta":" cents = round"}}
{"type":"message_update","assistantMessageEvent":{"type":"thinking_delta","contentIndex":0,"delta":"(100."}}
{"type":"message_update","assistantMessageEvent":{"type":"thinking_delta","contentIndex":0,"delta":"0 * 100"}}
{"type":"message_update","assistantMessageEvent":{"type":"thinking_delta","contentIndex":0,"delta":") = 100"}}
{"type":"message_update","assistantMessageEvent":{"type":"thinking_delta","contentIndex":0,"delta":"00\n  "}}
{"type":"message_update","assistantMessageEvent":{"type":"thinking_delta","contentIndex":0,"delta":" - discount"}}
{"type":"message_update","assistantMessageEvent":{"type":"thinking_delta","contentIndex":0,"delta":" = 10000"}}
{"type":"message_update","assistantMessageEvent":{"type":"thinking_delta","contentIndex":0,"delta":" * 10"}}
{"type":"message_update","assistantMessageEvent":{"type":"thinking_delta","contentIndex":0,"delta":" / 100"}}
{"type":"message_update","assistantMessageEvent":{"type":"thinking_delta","contentIndex":0,"delta":" = 1000"}}
{"type":"message_update","assistantMessageEvent":{"type":"thinking_delta","contentIndex":0,"delta":"\n   - result"}}
{"type":"message_update","assistantMessageEvent":{"type":"thinking_delta","contentIndex":0,"delta":" = ("}}
{"type":"message_update","assistantMessageEvent":{"type":"thinking_delta","contentIndex":0,"delta":"10000 -"}}
{"type":"message_update","assistantMessageEvent":{"type":"thinking_delta","contentIndex":0,"delta":" 1000)"}}
{"type":"message_update","assistantMessageEvent":{"type":"thinking_delta","contentIndex":0,"delta":" / 100."}}
{"type":"message_update","assistantMessageEvent":{"type":"thinking_delta","contentIndex":0,"delta":"0 = 90"}}
{"type":"message_update","assistantMessageEvent":{"type":"thinking_delta","contentIndex":0,"delta":".0 ✓"}}
{"type":"message_update","assistantMessageEvent":{"type":"thinking_delta","contentIndex":0,"delta":"\n\n**Test expectations"}}
{"type":"message_update","assistantMessageEvent":{"type":"thinking_delta","contentIndex":0,"delta":":**\n1"}}
{"type":"message_update","assistantMessageEvent":{"type":"thinking_delta","contentIndex":0,"delta":". `100"}}
{"type":"message_update","assistantMessageEvent":{"type":"thinking_delta","contentIndex":0,"delta":".0`"}}
{"type":"message_update","assistantMessageEvent":{"type":"thinking_delta","contentIndex":0,"delta":" at `"}}
{"type":"message_update","assistantMessageEvent":{"type":"thinking_delta","contentIndex":0,"delta":"10%`"}}
{"type":"message_update","assistantMessageEvent":{"type":"thinking_delta","contentIndex":0,"delta":":\n"}}
{"type":"message_update","assistantMessageEvent":{"type":"thinking_delta","contentIndex":0,"delta":"   - cents"}}
{"type":"message_update","assistantMessageEvent":{"type":"thinking_delta","contentIndex":0,"delta":" = int"}}
{"type":"message_update","assistantMessageEvent":{"type":"thinking_delta","contentIndex":0,"delta":"(round(100"}}
{"type":"message_update","assistantMessageEvent":{"type":"thinking_delta","contentIndex":0,"delta":".0 * "}}
{"type":"message_update","assistantMessageEvent":{"type":"thinking_delta","contentIndex":0,"delta":"100)) = "}}
{"type":"message_update","assistantMessageEvent":{"type":"thinking_delta","contentIndex":0,"delta":"10000\n"}}
{"type":"message_update","assistantMessageEvent":{"type":"thinking_delta","contentIndex":0,"delta":"   -"}}
{"type":"message_update","assistantMessageEvent":{"type":"thinking_delta","contentIndex":0,"delta":" discount = int"}}
{"type":"message_update","assistantMessageEvent":{"type":"thinking_delta","contentIndex":0,"delta":"(10000 *"}}
{"type":"message_update","assistantMessageEvent":{"type":"thinking_delta","contentIndex":0,"delta":" 10 /"}}
{"type":"message_update","assistantMessageEvent":{"type":"thinking_delta","contentIndex":0,"delta":" 100) ="}}
{"type":"message_update","assistantMessageEvent":{"type":"thinking_delta","contentIndex":0,"delta":" int(1000"}}
{"type":"message_update","assistantMessageEvent":{"type":"thinking_delta","contentIndex":0,"delta":") = 100"}}
{"type":"message_update","assistantMessageEvent":{"type":"thinking_delta","contentIndex":0,"delta":"0\n   -"}}
{"type":"message_update","assistantMessageEvent":{"type":"thinking_delta","contentIndex":0,"delta":" result = ("}}
{"type":"message_update","assistantMessageEvent":{"type":"thinking_delta","contentIndex":0,"delta":"10000 - "}}
{"type":"message_update","assistantMessageEvent":{"type":"thinking_delta","contentIndex":0,"delta":"1000) /"}}
{"type":"message_update","assistantMessageEvent":{"type":"thinking_delta","contentIndex":0,"delta":" 100.0"}}
{"type":"message_update","assistantMessageEvent":{"type":"thinking_delta","contentIndex":0,"delta":" = 90"}}
{"type":"message_update","assistantMessageEvent":{"type":"thinking_delta","contentIndex":0,"delta":".0"}}
{"type":"message_update","assistantMessageEvent":{"type":"thinking_delta","contentIndex":0,"delta":" ✓\n\n"}}
{"type":"message_update","assistantMessageEvent":{"type":"thinking_delta","contentIndex":0,"delta":"2. `"}}
{"type":"message_update","assistantMessageEvent":{"type":"thinking_delta","contentIndex":0,"delta":"19.99"}}
{"type":"message_update","assistantMessageEvent":{"type":"thinking_delta","contentIndex":0,"delta":"` at `33"}}
{"type":"message_update","assistantMessageEvent":{"type":"thinking_delta","contentIndex":0,"delta":".3%`"}}
{"type":"message_update","assistantMessageEvent":{"type":"thinking_delta","contentIndex":0,"delta":":\n   - cents"}}
{"type":"message_update","assistantMessageEvent":{"type":"thinking_delta","contentIndex":0,"delta":" = int"}}
{"type":"message_update","assistantMessageEvent":{"type":"thinking_delta","contentIndex":0,"delta":"(round(19"}}
{"type":"message_update","assistantMessageEvent":{"type":"thinking_delta","contentIndex":0,"delta":".99 *"}}
{"type":"message_update","assistantMessageEvent":{"type":"thinking_delta","contentIndex":0,"delta":" 100)) ="}}
{"type":"message_update","assistantMessageEvent":{"type":"thinking_delta","contentIndex":0,"delta":" int"}}
{"type":"message_update","assistantMessageEvent":{"type":"thinking_delta","contentIndex":0,"delta":"(1999)"}}
{"type":"message_update","assistantMessageEvent":{"type":"thinking_delta","contentIndex":0,"delta":" = 1999"}}
{"type":"message_update","assistantMessageEvent":{"type":"thinking_delta","contentIndex":0,"delta":"\n   -"}}
{"type":"message_update","assistantMessageEvent":{"type":"thinking_delta","contentIndex":0,"delta":" discount = int"}}
{"type":"message_update","assistantMessageEvent":{"type":"thinking_delta","contentIndex":0,"delta":"(1999 *"}}
{"type":"message_update","assistantMessageEvent":{"type":"thinking_delta","contentIndex":0,"delta":" 33.3"}}
{"type":"message_update","assistantMessageEvent":{"type":"thinking_delta","contentIndex":0,"delta":" / 100)"}}
{"type":"message_update","assistantMessageEvent":{"type":"thinking_delta","contentIndex":0,"delta":" = int(665"}}
{"type":"message_update","assistantMessageEvent":{"type":"thinking_delta","contentIndex":0,"delta":".667)"}}
{"type":"message_update","assistantMessageEvent":{"type":"thinking_delta","contentIndex":0,"delta":" = 665"}}
{"type":"message_update","assistantMessageEvent":{"type":"thinking_delta","contentIndex":0,"delta":" ←"}}
{"type":"message_update","assistantMessageEvent":{"type":"thinking_delta","contentIndex":0,"delta":" truncated as"}}
{"type":"message_update","assistantMessageEvent":{"type":"thinking_delta","contentIndex":0,"delta":" code"}}
{"type":"message_update","assistantMessageEvent":{"type":"thinking_delta","contentIndex":0,"delta":" says\n   -"}}
{"type":"message_update","assistantMessageEvent":{"type":"thinking_delta","contentIndex":0,"delta":" result = (199"}}
{"type":"message_update","assistantMessageEvent":{"type":"thinking_delta","contentIndex":0,"delta":"9 - "}}
{"type":"message_update","assistantMessageEvent":{"type":"thinking_delta","contentIndex":0,"delta":"665)"}}
{"type":"message_update","assistantMessageEvent":{"type":"thinking_delta","contentIndex":0,"delta":" / 100."}}
{"type":"message_update","assistantMessageEvent":{"type":"thinking_delta","contentIndex":0,"delta":"0 = 13"}}
{"type":"message_update","assistantMessageEvent":{"type":"thinking_delta","contentIndex":0,"delta":".34"}}
{"type":"message_update","assistantMessageEvent":{"type":"thinking_delta","contentIndex":0,"delta":" ←"}}
{"type":"message_update","assistantMessageEvent":{"type":"thinking_delta","contentIndex":0,"delta":" FAIL"}}
{"type":"message_update","assistantMessageEvent":{"type":"thinking_delta","contentIndex":0,"delta":"S,"}}
{"type":"message_update","assistantMessageEvent":{"type":"thinking_delta","contentIndex":0,"delta":" expected"}}
{"type":"message_update","assistantMessageEvent":{"type":"thinking_delta","contentIndex":0,"delta":" 13.33"}}
{"type":"message_update","assistantMessageEvent":{"type":"thinking_delta","contentIndex":0,"delta":"\n"}}
{"type":"message_update","assistantMessageEvent":{"type":"thinking_delta","contentIndex":0,"delta":"   \n   Wait"}}
{"type":"message_update","assistantMessageEvent":{"type":"thinking_delta","contentIndex":0,"delta":", SPEC"}}
{"type":"message_update","assistantMessageEvent":{"type":"thinking_delta","contentIndex":0,"delta":" says:\n"}}
{"type":"message_update","assistantMessageEvent":{"type":"thinking_delta","contentIndex":0,"delta":"   -"}}
{"type":"message_update","assistantMessageEvent":{"type":"thinking_delta","contentIndex":0,"delta":" "}}
{"type":"message_update","assistantMessageEvent":{"type":"thinking_delta","contentIndex":0,"delta":"1999 *"}}
{"type":"message_update","assistantMessageEvent":{"type":"thinking_delta","contentIndex":0,"delta":" 33.3"}}
{"type":"message_update","assistantMessageEvent":{"type":"thinking_delta","contentIndex":0,"delta":" / 100 ="}}
{"type":"message_update","assistantMessageEvent":{"type":"thinking_delta","contentIndex":0,"delta":" 665.667"}}
{"type":"message_update","assistantMessageEvent":{"type":"thinking_delta","contentIndex":0,"delta":"\n   - HAL"}}
{"type":"message_update","assistantMessageEvent":{"type":"thinking_delta","contentIndex":0,"delta":"F UP"}}
{"type":"message_update","assistantMessageEvent":{"type":"thinking_delta","contentIndex":0,"delta":" rounding"}}
{"type":"message_update","assistantMessageEvent":{"type":"thinking_delta","contentIndex":0,"delta":": "}}
{"type":"message_update","assistantMessageEvent":{"type":"thinking_delta","contentIndex":0,"delta":"665.667"}}
{"type":"message_update","assistantMessageEvent":{"type":"thinking_delta","contentIndex":0,"delta":" rounds"}}
{"type":"message_update","assistantMessageEvent":{"type":"thinking_delta","contentIndex":0,"delta":" to 666"}}
{"type":"message_update","assistantMessageEvent":{"type":"thinking_delta","contentIndex":0,"delta":" (not"}}
{"type":"message_update","assistantMessageEvent":{"type":"thinking_delta","contentIndex":0,"delta":" half-cent"}}
{"type":"message_update","assistantMessageEvent":{"type":"thinking_delta","contentIndex":0,"delta":" so"}}
{"type":"message_update","assistantMessageEvent":{"type":"thinking_delta","contentIndex":0,"delta":" just"}}
{"type":"message_update","assistantMessageEvent":{"type":"thinking_delta","contentIndex":0,"delta":" regular"}}
{"type":"message_update","assistantMessageEvent":{"type":"thinking_delta","contentIndex":0,"delta":" rounding)\n   -"}}
{"type":"message_update","assistantMessageEvent":{"type":"thinking_delta","contentIndex":0,"delta":" Result"}}
{"type":"message_update","assistantMessageEvent":{"type":"thinking_delta","contentIndex":0,"delta":" = ("}}
{"type":"message_update","assistantMessageEvent":{"type":"thinking_delta","contentIndex":0,"delta":"1999 - "}}
{"type":"message_update","assistantMessageEvent":{"type":"thinking_delta","contentIndex":0,"delta":"666) /"}}
{"type":"message_update","assistantMessageEvent":{"type":"thinking_delta","contentIndex":0,"delta":" 100.0"}}
{"type":"message_update","assistantMessageEvent":{"type":"thinking_delta","contentIndex":0,"delta":" = 13."}}
{"type":"message_update","assistantMessageEvent":{"type":"thinking_delta","contentIndex":0,"delta":"33 ✓"}}
{"type":"message_update","assistantMessageEvent":{"type":"thinking_delta","contentIndex":0,"delta":" ("}}
{"type":"message_update","assistantMessageEvent":{"type":"thinking_delta","contentIndex":0,"delta":"matches SPEC"}}
{"type":"message_update","assistantMessageEvent":{"type":"thinking_delta","contentIndex":0,"delta":")\n"}}
{"type":"message_update","assistantMessageEvent":{"type":"thinking_delta","contentIndex":0,"delta":"   \n   Current"}}
{"type":"message_update","assistantMessageEvent":{"type":"thinking_delta","contentIndex":0,"delta":" code trunc"}}
{"type":"message_update","assistantMessageEvent":{"type":"thinking_delta","contentIndex":0,"delta":"ates: int"}}
{"type":"message_update","assistantMessageEvent":{"type":"thinking_delta","contentIndex":0,"delta":"(665."}}
{"type":"message_update","assistantMessageEvent":{"type":"thinking_delta","contentIndex":0,"delta":"667) = "}}
{"type":"message_update","assistantMessageEvent":{"type":"thinking_delta","contentIndex":0,"delta":"665 →"}}
{"type":"message_update","assistantMessageEvent":{"type":"thinking_delta","contentIndex":0,"delta":" ("}}
{"type":"message_update","assistantMessageEvent":{"type":"thinking_delta","contentIndex":0,"delta":"1999 - "}}
{"type":"message_update","assistantMessageEvent":{"type":"thinking_delta","contentIndex":0,"delta":"665) / "}}
{"type":"message_update","assistantMessageEvent":{"type":"thinking_delta","contentIndex":0,"delta":"100.0 ="}}
{"type":"message_update","assistantMessageEvent":{"type":"thinking_delta","contentIndex":0,"delta":" 13.34"}}
{"type":"message_update","assistantMessageEvent":{"type":"thinking_delta","contentIndex":0,"delta":" ← fails"}}
{"type":"message_update","assistantMessageEvent":{"type":"thinking_delta","contentIndex":0,"delta":" test\n\n"}}
{"type":"message_update","assistantMessageEvent":{"type":"thinking_delta","contentIndex":0,"delta":"3. `"}}
{"type":"message_update","assistantMessageEvent":{"type":"thinking_delta","contentIndex":0,"delta":"12.50"}}
{"type":"message_update","assistantMessageEvent":{"type":"thinking_delta","contentIndex":0,"delta":"` at"}}
{"type":"message_update","assistantMessageEvent":{"type":"thinking_delta","contentIndex":0,"delta":" `5.5"}}
{"type":"message_update","assistantMessageEvent":{"type":"thinking_delta","contentIndex":0,"delta":"%`:\n"}}
{"type":"message_update","assistantMessageEvent":{"type":"thinking_delta","contentIndex":0,"delta":"   -"}}
{"type":"message_update","assistantMessageEvent":{"type":"thinking_delta","contentIndex":0,"delta":" cents = int"}}
{"type":"message_update","assistantMessageEvent":{"type":"thinking_delta","contentIndex":0,"delta":"(round(12"}}
{"type":"message_update","assistantMessageEvent":{"type":"thinking_delta","contentIndex":0,"delta":".50"}}
{"type":"message_update","assistantMessageEvent":{"type":"thinking_delta","contentIndex":0,"delta":" * 100"}}
{"type":"message_update","assistantMessageEvent":{"type":"thinking_delta","contentIndex":0,"delta":")) = 125"}}
{"type":"message_update","assistantMessageEvent":{"type":"thinking_delta","contentIndex":0,"delta":"0\n   -"}}
{"type":"message_update","assistantMessageEvent":{"type":"thinking_delta","contentIndex":0,"delta":" discount exact"}}
{"type":"message_update","assistantMessageEvent":{"type":"thinking_delta","contentIndex":0,"delta":" = 1250"}}
{"type":"message_update","assistantMessageEvent":{"type":"thinking_delta","contentIndex":0,"delta":" * 5."}}
{"type":"message_update","assistantMessageEvent":{"type":"thinking_delta","contentIndex":0,"delta":"5 /"}}
{"type":"message_update","assistantMessageEvent":{"type":"thinking_delta","contentIndex":0,"delta":" 100 = "}}
{"type":"message_update","assistantMessageEvent":{"type":"thinking_delta","contentIndex":0,"delta":"68.75"}}
{"type":"message_update","assistantMessageEvent":{"type":"thinking_delta","contentIndex":0,"delta":"\n   -"}}
{"type":"message_update","assistantMessageEvent":{"type":"thinking_delta","contentIndex":0,"delta":" HALF UP"}}
{"type":"message_update","assistantMessageEvent":{"type":"thinking_delta","contentIndex":0,"delta":": 68"}}
{"type":"message_update","assistantMessageEvent":{"type":"thinking_delta","contentIndex":0,"delta":".75 →"}}
{"type":"message_update","assistantMessageEvent":{"type":"thinking_delta","contentIndex":0,"delta":" 69"}}
{"type":"message_update","assistantMessageEvent":{"type":"thinking_delta","contentIndex":0,"delta":"\n"}}
{"type":"message_update","assistantMessageEvent":{"type":"thinking_delta","contentIndex":0,"delta":"   -"}}
{"type":"message_update","assistantMessageEvent":{"type":"thinking_delta","contentIndex":0,"delta":" result = (125"}}
{"type":"message_update","assistantMessageEvent":{"type":"thinking_delta","contentIndex":0,"delta":"0 - 69"}}
{"type":"message_update","assistantMessageEvent":{"type":"thinking_delta","contentIndex":0,"delta":") / 100"}}
{"type":"message_update","assistantMessageEvent":{"type":"thinking_delta","contentIndex":0,"delta":".0 ="}}
{"type":"message_update","assistantMessageEvent":{"type":"thinking_delta","contentIndex":0,"delta":" 118"}}
{"type":"message_update","assistantMessageEvent":{"type":"thinking_delta","contentIndex":0,"delta":"1 /"}}
{"type":"message_update","assistantMessageEvent":{"type":"thinking_delta","contentIndex":0,"delta":" 100.0"}}
{"type":"message_update","assistantMessageEvent":{"type":"thinking_delta","contentIndex":0,"delta":" = 11"}}
{"type":"message_update","assistantMessageEvent":{"type":"thinking_delta","contentIndex":0,"delta":".81"}}
{"type":"message_update","assistantMessageEvent":{"type":"thinking_delta","contentIndex":0,"delta":" ✓ ("}}
{"type":"message_update","assistantMessageEvent":{"type":"thinking_delta","contentIndex":0,"delta":"matches test expected"}}
{"type":"message_update","assistantMessageEvent":{"type":"thinking_delta","contentIndex":0,"delta":")\n   \n"}}
{"type":"message_update","assistantMessageEvent":{"type":"thinking_delta","contentIndex":0,"delta":"   Current"}}
{"type":"message_update","assistantMessageEvent":{"type":"thinking_delta","contentIndex":0,"delta":" code: int"}}
{"type":"message_update","assistantMessageEvent":{"type":"thinking_delta","contentIndex":0,"delta":"(68"}}
{"type":"message_update","assistantMessageEvent":{"type":"thinking_delta","contentIndex":0,"delta":".75)"}}
{"type":"message_update","assistantMessageEvent":{"type":"thinking_delta","contentIndex":0,"delta":" = 68 →"}}
{"type":"message_update","assistantMessageEvent":{"type":"thinking_delta","contentIndex":0,"delta":" (1250 -"}}
{"type":"message_update","assistantMessageEvent":{"type":"thinking_delta","contentIndex":0,"delta":" 68) /"}}
{"type":"message_update","assistantMessageEvent":{"type":"thinking_delta","contentIndex":0,"delta":" 100.0"}}
{"type":"message_update","assistantMessageEvent":{"type":"thinking_delta","contentIndex":0,"delta":" = 11"}}
{"type":"message_update","assistantMessageEvent":{"type":"thinking_delta","contentIndex":0,"delta":".82 ←"}}
{"type":"message_update","assistantMessageEvent":{"type":"thinking_delta","contentIndex":0,"delta":" fails test"}}
{"type":"message_update","assistantMessageEvent":{"type":"thinking_delta","contentIndex":0,"delta":"\n\nSo the"}}
{"type":"message_update","assistantMessageEvent":{"type":"thinking_delta","contentIndex":0,"delta":" current code trunc"}}
{"type":"message_update","assistantMessageEvent":{"type":"thinking_delta","contentIndex":0,"delta":"ates instead"}}
{"type":"message_update","assistantMessageEvent":{"type":"thinking_delta","contentIndex":0,"delta":" of rounding"}}
{"type":"message_update","assistantMessageEvent":{"type":"thinking_delta","contentIndex":0,"delta":" HALF UP"}}
{"type":"message_update","assistantMessageEvent":{"type":"thinking_delta","contentIndex":0,"delta":". I"}}
{"type":"message_update","assistantMessageEvent":{"type":"thinking_delta","contentIndex":0,"delta":" need to change"}}
{"type":"message_update","assistantMessageEvent":{"type":"thinking_delta","contentIndex":0,"delta":" `int"}}
{"type":"message_update","assistantMessageEvent":{"type":"thinking_delta","contentIndex":0,"delta":"(..."}}
{"type":"message_update","assistantMessageEvent":{"type":"thinking_delta","contentIndex":0,"delta":")` trunc"}}
{"type":"message_update","assistantMessageEvent":{"type":"thinking_delta","contentIndex":0,"delta":"ation to"}}
{"type":"message_update","assistantMessageEvent":{"type":"thinking_delta","contentIndex":0,"delta":" proper HAL"}}
{"type":"message_update","assistantMessageEvent":{"type":"thinking_delta","contentIndex":0,"delta":"F UP"}}
{"type":"message_update","assistantMessageEvent":{"type":"thinking_delta","contentIndex":0,"delta":" rounding of the"}}
{"type":"message_update","assistantMessageEvent":{"type":"thinking_delta","contentIndex":0,"delta":" discount.\n\nPython"}}
{"type":"message_update","assistantMessageEvent":{"type":"thinking_delta","contentIndex":0,"delta":"'s `"}}
{"type":"message_update","assistantMessageEvent":{"type":"thinking_delta","contentIndex":0,"delta":"round()`"}}
{"type":"message_update","assistantMessageEvent":{"type":"thinking_delta","contentIndex":0,"delta":" uses bankers"}}
{"type":"message_update","assistantMessageEvent":{"type":"thinking_delta","contentIndex":0,"delta":"' rounding ("}}
{"type":"message_update","assistantMessageEvent":{"type":"thinking_delta","contentIndex":0,"delta":"round half to even"}}
{"type":"message_update","assistantMessageEvent":{"type":"thinking_delta","contentIndex":0,"delta":")."}}
{"type":"message_update","assistantMessageEvent":{"type":"thinking_delta","contentIndex":0,"delta":" I"}}
{"type":"message_update","assistantMessageEvent":{"type":"thinking_delta","contentIndex":0,"delta":" need HAL"}}
{"type":"message_update","assistantMessageEvent":{"type":"thinking_delta","contentIndex":0,"delta":"F UP"}}
{"type":"message_update","assistantMessageEvent":{"type":"thinking_delta","contentIndex":0,"delta":","}}
{"type":"message_update","assistantMessageEvent":{"type":"thinking_delta","contentIndex":0,"delta":" which"}}
{"type":"message_update","assistantMessageEvent":{"type":"thinking_delta","contentIndex":0,"delta":" rounds"}}
{"type":"message_update","assistantMessageEvent":{"type":"thinking_delta","contentIndex":0,"delta":" ."}}
{"type":"message_update","assistantMessageEvent":{"type":"thinking_delta","contentIndex":0,"delta":"5 up"}}
{"type":"message_update","assistantMessageEvent":{"type":"thinking_delta","contentIndex":0,"delta":" regardless"}}
{"type":"message_update","assistantMessageEvent":{"type":"thinking_delta","contentIndex":0,"delta":" of even"}}
{"type":"message_update","assistantMessageEvent":{"type":"thinking_delta","contentIndex":0,"delta":"/odd.\n\n"}}
{"type":"message_update","assistantMessageEvent":{"type":"thinking_delta","contentIndex":0,"delta":"Options"}}
{"type":"message_update","assistantMessageEvent":{"type":"thinking_delta","contentIndex":0,"delta":":\n1"}}
{"type":"message_update","assistantMessageEvent":{"type":"thinking_delta","contentIndex":0,"delta":". Use"}}
{"type":"message_update","assistantMessageEvent":{"type":"thinking_delta","contentIndex":0,"delta":" `math"}}
{"type":"message_update","assistantMessageEvent":{"type":"thinking_delta","contentIndex":0,"delta":".floor(d"}}
{"type":"message_update","assistantMessageEvent":{"type":"thinking_delta","contentIndex":0,"delta":"iscount +"}}
{"type":"message_update","assistantMessageEvent":{"type":"thinking_delta","contentIndex":0,"delta":" 0.5"}}
{"type":"message_update","assistantMessageEvent":{"type":"thinking_delta","contentIndex":0,"delta":")` -"}}
{"type":"message_update","assistantMessageEvent":{"type":"thinking_delta","contentIndex":0,"delta":" this rounds"}}
{"type":"message_update","assistantMessageEvent":{"type":"thinking_delta","contentIndex":0,"delta":" HALF UP"}}
{"type":"message_update","assistantMessageEvent":{"type":"thinking_delta","contentIndex":0,"delta":"\n2. Use"}}
{"type":"message_update","assistantMessageEvent":{"type":"thinking_delta","contentIndex":0,"delta":" `Decimal"}}
{"type":"message_update","assistantMessageEvent":{"type":"thinking_delta","contentIndex":0,"delta":"`"}}
{"type":"message_update","assistantMessageEvent":{"type":"thinking_delta","contentIndex":0,"delta":" with quant"}}
{"type":"message_update","assistantMessageEvent":{"type":"thinking_delta","contentIndex":0,"delta":"ize R"}}
{"type":"message_update","assistantMessageEvent":{"type":"thinking_delta","contentIndex":0,"delta":"OUND_H"}}
{"type":"message_update","assistantMessageEvent":{"type":"thinking_delta","contentIndex":0,"delta":"ALF_"}}
{"type":"message_update","assistantMessageEvent":{"type":"thinking_delta","contentIndex":0,"delta":"UP\n"}}
{"type":"message_update","assistantMessageEvent":{"type":"thinking_delta","contentIndex":0,"delta":"3. Custom"}}
{"type":"message_update","assistantMessageEvent":{"type":"thinking_delta","contentIndex":0,"delta":" function"}}
{"type":"message_update","assistantMessageEvent":{"type":"thinking_delta","contentIndex":0,"delta":"\n\nLet's use"}}
{"type":"message_update","assistantMessageEvent":{"type":"thinking_delta","contentIndex":0,"delta":" the"}}
{"type":"message_update","assistantMessageEvent":{"type":"thinking_delta","contentIndex":0,"delta":" simplest approach:"}}
{"type":"message_update","assistantMessageEvent":{"type":"thinking_delta","contentIndex":0,"delta":" `int"}}
{"type":"message_update","assistantMessageEvent":{"type":"thinking_delta","contentIndex":0,"delta":"(discount +"}}
{"type":"message_update","assistantMessageEvent":{"type":"thinking_delta","contentIndex":0,"delta":" 0.5"}}
{"type":"message_update","assistantMessageEvent":{"type":"thinking_delta","contentIndex":0,"delta":")` works"}}
{"type":"message_update","assistantMessageEvent":{"type":"thinking_delta","contentIndex":0,"delta":" for positive"}}
{"type":"message_update","assistantMessageEvent":{"type":"thinking_delta","contentIndex":0,"delta":" numbers. Let"}}
{"type":"message_update","assistantMessageEvent":{"type":"thinking_delta","contentIndex":0,"delta":" me verify"}}
{"type":"message_update","assistantMessageEvent":{"type":"thinking_delta","contentIndex":0,"delta":":\n\n- 665"}}
{"type":"message_update","assistantMessageEvent":{"type":"thinking_delta","contentIndex":0,"delta":".667"}}
{"type":"message_update","assistantMessageEvent":{"type":"thinking_delta","contentIndex":0,"delta":" + 0."}}
{"type":"message_update","assistantMessageEvent":{"type":"thinking_delta","contentIndex":0,"delta":"5 = 666"}}
{"type":"message_update","assistantMessageEvent":{"type":"thinking_delta","contentIndex":0,"delta":".167"}}
{"type":"message_update","assistantMessageEvent":{"type":"thinking_delta","contentIndex":0,"delta":" → int"}}
{"type":"message_update","assistantMessageEvent":{"type":"thinking_delta","contentIndex":0,"delta":" ="}}
{"type":"message_update","assistantMessageEvent":{"type":"thinking_delta","contentIndex":0,"delta":" 666 ✓"}}
{"type":"message_update","assistantMessageEvent":{"type":"thinking_delta","contentIndex":0,"delta":" ("}}
{"type":"message_update","assistantMessageEvent":{"type":"thinking_delta","contentIndex":0,"delta":"correct"}}
{"type":"message_update","assistantMessageEvent":{"type":"thinking_delta","contentIndex":0,"delta":" for HAL"}}
{"type":"message_update","assistantMessageEvent":{"type":"thinking_delta","contentIndex":0,"delta":"F UP"}}
{"type":"message_update","assistantMessageEvent":{"type":"thinking_delta","contentIndex":0,"delta":")\n- 68"}}
{"type":"message_update","assistantMessageEvent":{"type":"thinking_delta","contentIndex":0,"delta":".75"}}
{"type":"message_update","assistantMessageEvent":{"type":"thinking_delta","contentIndex":0,"delta":" + 0."}}
{"type":"message_update","assistantMessageEvent":{"type":"thinking_delta","contentIndex":0,"delta":"5 = 69"}}
{"type":"message_update","assistantMessageEvent":{"type":"thinking_delta","contentIndex":0,"delta":".25"}}
{"type":"message_update","assistantMessageEvent":{"type":"thinking_delta","contentIndex":0,"delta":" → int"}}
{"type":"message_update","assistantMessageEvent":{"type":"thinking_delta","contentIndex":0,"delta":" = 69 ✓"}}
{"type":"message_update","assistantMessageEvent":{"type":"thinking_delta","contentIndex":0,"delta":" (correct"}}
{"type":"message_update","assistantMessageEvent":{"type":"thinking_delta","contentIndex":0,"delta":" for HALF UP"}}
{"type":"message_update","assistantMessageEvent":{"type":"thinking_delta","contentIndex":0,"delta":" -"}}
{"type":"message_update","assistantMessageEvent":{"type":"thinking_delta","contentIndex":0,"delta":" this"}}
{"type":"message_update","assistantMessageEvent":{"type":"thinking_delta","contentIndex":0,"delta":" is the"}}
{"type":"message_update","assistantMessageEvent":{"type":"thinking_delta","contentIndex":0,"delta":" half-up"}}
{"type":"message_update","assistantMessageEvent":{"type":"thinking_delta","contentIndex":0,"delta":" case)\n-"}}
{"type":"message_update","assistantMessageEvent":{"type":"thinking_delta","contentIndex":0,"delta":" 24.5"}}
{"type":"message_update","assistantMessageEvent":{"type":"thinking_delta","contentIndex":0,"delta":" + 0."}}
{"type":"message_update","assistantMessageEvent":{"type":"thinking_delta","contentIndex":0,"delta":"5 = 25"}}
{"type":"message_update","assistantMessageEvent":{"type":"thinking_delta","contentIndex":0,"delta":".0 →"}}
{"type":"message_update","assistantMessageEvent":{"type":"thinking_delta","contentIndex":0,"delta":" int = 25"}}
{"type":"message_update","assistantMessageEvent":{"type":"thinking_delta","contentIndex":0,"delta":" ✓ (correct"}}
{"type":"message_update","assistantMessageEvent":{"type":"thinking_delta","contentIndex":0,"delta":")\n"}}
{"type":"message_update","assistantMessageEvent":{"type":"thinking_delta","contentIndex":0,"delta":"- 25"}}
{"type":"message_update","assistantMessageEvent":{"type":"thinking_delta","contentIndex":0,"delta":".5"}}
{"type":"message_update","assistantMessageEvent":{"type":"thinking_delta","contentIndex":0,"delta":" + 0"}}
{"type":"message_update","assistantMessageEvent":{"type":"thinking_delta","contentIndex":0,"delta":".5 ="}}
{"type":"message_update","assistantMessageEvent":{"type":"thinking_delta","contentIndex":0,"delta":" 26.0"}}
{"type":"message_update","assistantMessageEvent":{"type":"thinking_delta","contentIndex":0,"delta":" → int"}}
{"type":"message_update","assistantMessageEvent":{"type":"thinking_delta","contentIndex":0,"delta":" = 26 ✓"}}
{"type":"message_update","assistantMessageEvent":{"type":"thinking_delta","contentIndex":0,"delta":" (correct)\n-"}}
{"type":"message_update","assistantMessageEvent":{"type":"thinking_delta","contentIndex":0,"delta":" 1000."}}
{"type":"message_update","assistantMessageEvent":{"type":"thinking_delta","contentIndex":0,"delta":"0 + 0"}}
{"type":"message_update","assistantMessageEvent":{"type":"thinking_delta","contentIndex":0,"delta":".5 ="}}
{"type":"message_update","assistantMessageEvent":{"type":"thinking_delta","contentIndex":0,"delta":" 1000."}}
{"type":"message_update","assistantMessageEvent":{"type":"thinking_delta","contentIndex":0,"delta":"5 → int"}}
{"type":"message_update","assistantMessageEvent":{"type":"thinking_delta","contentIndex":0,"delta":" = 1000"}}
{"type":"message_update","assistantMessageEvent":{"type":"thinking_delta","contentIndex":0,"delta":" ✓ (not"}}
{"type":"message_update","assistantMessageEvent":{"type":"thinking_delta","contentIndex":0,"delta":" a rounding"}}
{"type":"message_update","assistantMessageEvent":{"type":"thinking_delta","contentIndex":0,"delta":" boundary"}}
{"type":"message_update","assistantMessageEvent":{"type":"thinking_delta","contentIndex":0,"delta":")\n\nWait"}}
{"type":"message_update","assistantMessageEvent":{"type":"thinking_delta","contentIndex":0,"delta":", but"}}
{"type":"message_update","assistantMessageEvent":{"type":"thinking_delta","contentIndex":0,"delta":" for"}}
{"type":"message_update","assistantMessageEvent":{"type":"thinking_delta","contentIndex":0,"delta":" `"}}
{"type":"message_update","assistantMessageEvent":{"type":"thinking_delta","contentIndex":0,"delta":"int(discount +"}}
{"type":"message_update","assistantMessageEvent":{"type":"thinking_delta","contentIndex":0,"delta":" 0.5"}}
{"type":"message_update","assistantMessageEvent":{"type":"thinking_delta","contentIndex":0,"delta":")`:\n-"}}
{"type":"message_update","assistantMessageEvent":{"type":"thinking_delta","contentIndex":0,"delta":" `"}}
{"type":"message_update","assistantMessageEvent":{"type":"thinking_delta","contentIndex":0,"delta":"int(24"}}
{"type":"message_update","assistantMessageEvent":{"type":"thinking_delta","contentIndex":0,"delta":".5 +"}}
{"type":"message_update","assistantMessageEvent":{"type":"thinking_delta","contentIndex":0,"delta":" 0.5"}}
{"type":"message_update","assistantMessageEvent":{"type":"thinking_delta","contentIndex":0,"delta":")` = `int"}}
{"type":"message_update","assistantMessageEvent":{"type":"thinking_delta","contentIndex":0,"delta":"(25.0"}}
{"type":"message_update","assistantMessageEvent":{"type":"thinking_delta","contentIndex":0,"delta":")` = "}}
{"type":"message_update","assistantMessageEvent":{"type":"thinking_delta","contentIndex":0,"delta":"25 ✓\n"}}
{"type":"message_update","assistantMessageEvent":{"type":"thinking_delta","contentIndex":0,"delta":"- `"}}
{"type":"message_update","assistantMessageEvent":{"type":"thinking_delta","contentIndex":0,"delta":"int(25"}}
{"type":"message_update","assistantMessageEvent":{"type":"thinking_delta","contentIndex":0,"delta":".5 +"}}
{"type":"message_update","assistantMessageEvent":{"type":"thinking_delta","contentIndex":0,"delta":" 0.5"}}
{"type":"message_update","assistantMessageEvent":{"type":"thinking_delta","contentIndex":0,"delta":")` = `int"}}
{"type":"message_update","assistantMessageEvent":{"type":"thinking_delta","contentIndex":0,"delta":"(26.0"}}
{"type":"message_update","assistantMessageEvent":{"type":"thinking_delta","contentIndex":0,"delta":")` = "}}
{"type":"message_update","assistantMessageEvent":{"type":"thinking_delta","contentIndex":0,"delta":"26 ✓"}}
{"type":"message_update","assistantMessageEvent":{"type":"thinking_delta","contentIndex":0,"delta":"\n- `"}}
{"type":"message_update","assistantMessageEvent":{"type":"thinking_delta","contentIndex":0,"delta":"int(68"}}
{"type":"message_update","assistantMessageEvent":{"type":"thinking_delta","contentIndex":0,"delta":".75"}}
{"type":"message_update","assistantMessageEvent":{"type":"thinking_delta","contentIndex":0,"delta":" + 0."}}
{"type":"message_update","assistantMessageEvent":{"type":"thinking_delta","contentIndex":0,"delta":"5)` ="}}
{"type":"message_update","assistantMessageEvent":{"type":"thinking_delta","contentIndex":0,"delta":" `int(69"}}
{"type":"message_update","assistantMessageEvent":{"type":"thinking_delta","contentIndex":0,"delta":".25)`"}}
{"type":"message_update","assistantMessageEvent":{"type":"thinking_delta","contentIndex":0,"delta":" = 69 ✓"}}
{"type":"message_update","assistantMessageEvent":{"type":"thinking_delta","contentIndex":0,"delta":"\n"}}
{"type":"message_update","assistantMessageEvent":{"type":"thinking_delta","contentIndex":0,"delta":"- `"}}
{"type":"message_update","assistantMessageEvent":{"type":"thinking_delta","contentIndex":0,"delta":"int(665."}}
{"type":"message_update","assistantMessageEvent":{"type":"thinking_delta","contentIndex":0,"delta":"667 + 0"}}
{"type":"message_update","assistantMessageEvent":{"type":"thinking_delta","contentIndex":0,"delta":".5)`"}}
{"type":"message_update","assistantMessageEvent":{"type":"thinking_delta","contentIndex":0,"delta":" = `"}}
{"type":"message_update","assistantMessageEvent":{"type":"thinking_delta","contentIndex":0,"delta":"int(666"}}
{"type":"message_update","assistantMessageEvent":{"type":"thinking_delta","contentIndex":0,"delta":".167"}}
{"type":"message_update","assistantMessageEvent":{"type":"thinking_delta","contentIndex":0,"delta":")` = 666"}}
{"type":"message_update","assistantMessageEvent":{"type":"thinking_delta","contentIndex":0,"delta":" ✓\n\nThis works"}}
{"type":"message_update","assistantMessageEvent":{"type":"thinking_delta","contentIndex":0,"delta":"."}}
{"type":"message_update","assistantMessageEvent":{"type":"thinking_delta","contentIndex":0,"delta":" Let"}}
{"type":"message_update","assistantMessageEvent":{"type":"thinking_delta","contentIndex":0,"delta":" me also"}}
{"type":"message_update","assistantMessageEvent":{"type":"thinking_delta","contentIndex":0,"delta":" verify"}}
{"type":"message_update","assistantMessageEvent":{"type":"thinking_delta","contentIndex":0,"delta":" the SPEC examples"}}
{"type":"message_update","assistantMessageEvent":{"type":"thinking_delta","contentIndex":0,"delta":":\n- "}}
{"type":"message_update","assistantMessageEvent":{"type":"thinking_delta","contentIndex":0,"delta":"9.80"}}
{"type":"message_update","assistantMessageEvent":{"type":"thinking_delta","contentIndex":0,"delta":" at"}}
{"type":"message_update","assistantMessageEvent":{"type":"thinking_delta","contentIndex":0,"delta":" 2.5"}}
{"type":"message_update","assistantMessageEvent":{"type":"thinking_delta","contentIndex":0,"delta":"%: cents"}}
{"type":"message_update","assistantMessageEvent":{"type":"thinking_delta","contentIndex":0,"delta":" = 980,"}}
{"type":"message_update","assistantMessageEvent":{"type":"thinking_delta","contentIndex":0,"delta":" discount = 980"}}
{"type":"message_update","assistantMessageEvent":{"type":"thinking_delta","contentIndex":0,"delta":" * 2"}}
{"type":"message_update","assistantMessageEvent":{"type":"thinking_delta","contentIndex":0,"delta":".5 / "}}
{"type":"message_update","assistantMessageEvent":{"type":"thinking_delta","contentIndex":0,"delta":"100 = 24"}}
{"type":"message_update","assistantMessageEvent":{"type":"thinking_delta","contentIndex":0,"delta":".5,"}}
{"type":"message_update","assistantMessageEvent":{"type":"thinking_delta","contentIndex":0,"delta":" int(24"}}
{"type":"message_update","assistantMessageEvent":{"type":"thinking_delta","contentIndex":0,"delta":".5 +"}}
{"type":"message_update","assistantMessageEvent":{"type":"thinking_delta","contentIndex":0,"delta":" 0.5"}}
{"type":"message_update","assistantMessageEvent":{"type":"thinking_delta","contentIndex":0,"delta":") = 25"}}
{"type":"message_update","assistantMessageEvent":{"type":"thinking_delta","contentIndex":0,"delta":", ("}}
{"type":"message_update","assistantMessageEvent":{"type":"thinking_delta","contentIndex":0,"delta":"980-"}}
{"type":"message_update","assistantMessageEvent":{"type":"thinking_delta","contentIndex":0,"delta":"25)/"}}
{"type":"message_update","assistantMessageEvent":{"type":"thinking_delta","contentIndex":0,"delta":"100 ="}}
{"type":"message_update","assistantMessageEvent":{"type":"thinking_delta","contentIndex":0,"delta":" 9."}}
{"type":"message_update","assistantMessageEvent":{"type":"thinking_delta","contentIndex":0,"delta":"55 ✓"}}
{"type":"message_update","assistantMessageEvent":{"type":"thinking_delta","contentIndex":0,"delta":"\n- 10"}}
{"type":"message_update","assistantMessageEvent":{"type":"thinking_delta","contentIndex":0,"delta":".20 at"}}
{"type":"message_update","assistantMessageEvent":{"type":"thinking_delta","contentIndex":0,"delta":" 2.5"}}
{"type":"message_update","assistantMessageEvent":{"type":"thinking_delta","contentIndex":0,"delta":"%: cents"}}
{"type":"message_update","assistantMessageEvent":{"type":"thinking_delta","contentIndex":0,"delta":" = 1020"}}
{"type":"message_update","assistantMessageEvent":{"type":"thinking_delta","contentIndex":0,"delta":", discount"}}
{"type":"message_update","assistantMessageEvent":{"type":"thinking_delta","contentIndex":0,"delta":" = 102"}}
{"type":"message_update","assistantMessageEvent":{"type":"thinking_delta","contentIndex":0,"delta":"0 *"}}
{"type":"message_update","assistantMessageEvent":{"type":"thinking_delta","contentIndex":0,"delta":" 2.5"}}
{"type":"message_update","assistantMessageEvent":{"type":"thinking_delta","contentIndex":0,"delta":" / 100 ="}}
{"type":"message_update","assistantMessageEvent":{"type":"thinking_delta","contentIndex":0,"delta":" 25.5"}}
{"type":"message_update","assistantMessageEvent":{"type":"thinking_delta","contentIndex":0,"delta":", int"}}
{"type":"message_update","assistantMessageEvent":{"type":"thinking_delta","contentIndex":0,"delta":"(25."}}
{"type":"message_update","assistantMessageEvent":{"type":"thinking_delta","contentIndex":0,"delta":"5 +"}}
{"type":"message_update","assistantMessageEvent":{"type":"thinking_delta","contentIndex":0,"delta":" 0.5"}}
{"type":"message_update","assistantMessageEvent":{"type":"thinking_delta","contentIndex":0,"delta":") = 26"}}
{"type":"message_update","assistantMessageEvent":{"type":"thinking_delta","contentIndex":0,"delta":", ("}}
{"type":"message_update","assistantMessageEvent":{"type":"thinking_delta","contentIndex":0,"delta":"1020-"}}
{"type":"message_update","assistantMessageEvent":{"type":"thinking_delta","contentIndex":0,"delta":"26)/"}}
{"type":"message_update","assistantMessageEvent":{"type":"thinking_delta","contentIndex":0,"delta":"100 ="}}
{"type":"message_update","assistantMessageEvent":{"type":"thinking_delta","contentIndex":0,"delta":" 9.94"}}
{"type":"message_update","assistantMessageEvent":{"type":"thinking_delta","contentIndex":0,"delta":" ✓\n"}}
{"type":"message_update","assistantMessageEvent":{"type":"thinking_delta","contentIndex":0,"delta":"- 19"}}
{"type":"message_update","assistantMessageEvent":{"type":"thinking_delta","contentIndex":0,"delta":".99 at"}}
{"type":"message_update","assistantMessageEvent":{"type":"thinking_delta","contentIndex":0,"delta":" 33.3"}}
{"type":"message_update","assistantMessageEvent":{"type":"thinking_delta","contentIndex":0,"delta":"%: cents"}}
{"type":"message_update","assistantMessageEvent":{"type":"thinking_delta","contentIndex":0,"delta":" = 1999"}}
{"type":"message_update","assistantMessageEvent":{"type":"thinking_delta","contentIndex":0,"delta":", discount"}}
{"type":"message_update","assistantMessageEvent":{"type":"thinking_delta","contentIndex":0,"delta":" = 1999"}}
{"type":"message_update","assistantMessageEvent":{"type":"thinking_delta","contentIndex":0,"delta":" * 33"}}
{"type":"message_update","assistantMessageEvent":{"type":"thinking_delta","contentIndex":0,"delta":".3 /"}}
{"type":"message_update","assistantMessageEvent":{"type":"thinking_delta","contentIndex":0,"delta":" 100 ="}}
{"type":"message_update","assistantMessageEvent":{"type":"thinking_delta","contentIndex":0,"delta":" 665.667"}}
{"type":"message_update","assistantMessageEvent":{"type":"thinking_delta","contentIndex":0,"delta":", int"}}
{"type":"message_update","assistantMessageEvent":{"type":"thinking_delta","contentIndex":0,"delta":"(665.667"}}
{"type":"message_update","assistantMessageEvent":{"type":"thinking_delta","contentIndex":0,"delta":" + 0."}}
{"type":"message_update","assistantMessageEvent":{"type":"thinking_delta","contentIndex":0,"delta":"5) = "}}
{"type":"message_update","assistantMessageEvent":{"type":"thinking_delta","contentIndex":0,"delta":"666, ("}}
{"type":"message_update","assistantMessageEvent":{"type":"thinking_delta","contentIndex":0,"delta":"1999-"}}
{"type":"message_update","assistantMessageEvent":{"type":"thinking_delta","contentIndex":0,"delta":"666)/100"}}
{"type":"message_update","assistantMessageEvent":{"type":"thinking_delta","contentIndex":0,"delta":" = 13"}}
{"type":"message_update","assistantMessageEvent":{"type":"thinking_delta","contentIndex":0,"delta":".33"}}
{"type":"message_update","assistantMessageEvent":{"type":"thinking_delta","contentIndex":0,"delta":" ✓\n-"}}
{"type":"message_update","assistantMessageEvent":{"type":"thinking_delta","contentIndex":0,"delta":" 100.0"}}
{"type":"message_update","assistantMessageEvent":{"type":"thinking_delta","contentIndex":0,"delta":" at 10%"}}
{"type":"message_update","assistantMessageEvent":{"type":"thinking_delta","contentIndex":0,"delta":": cents = "}}
{"type":"message_update","assistantMessageEvent":{"type":"thinking_delta","contentIndex":0,"delta":"10000, discount"}}
{"type":"message_update","assistantMessageEvent":{"type":"thinking_delta","contentIndex":0,"delta":" = 10000"}}
{"type":"message_update","assistantMessageEvent":{"type":"thinking_delta","contentIndex":0,"delta":" * 10"}}
{"type":"message_update","assistantMessageEvent":{"type":"thinking_delta","contentIndex":0,"delta":" / 100"}}
{"type":"message_update","assistantMessageEvent":{"type":"thinking_delta","contentIndex":0,"delta":" = 1000"}}
{"type":"message_update","assistantMessageEvent":{"type":"thinking_delta","contentIndex":0,"delta":".0, int"}}
{"type":"message_update","assistantMessageEvent":{"type":"thinking_delta","contentIndex":0,"delta":"(1000."}}
{"type":"message_update","assistantMessageEvent":{"type":"thinking_delta","contentIndex":0,"delta":"0 + 0"}}
{"type":"message_update","assistantMessageEvent":{"type":"thinking_delta","contentIndex":0,"delta":".5) ="}}
{"type":"message_update","assistantMessageEvent":{"type":"thinking_delta","contentIndex":0,"delta":" 1000"}}
{"type":"message_update","assistantMessageEvent":{"type":"thinking_delta","contentIndex":0,"delta":", ("}}
{"type":"message_update","assistantMessageEvent":{"type":"thinking_delta","contentIndex":0,"delta":"10000-"}}
{"type":"message_update","assistantMessageEvent":{"type":"thinking_delta","contentIndex":0,"delta":"1000)/100"}}
{"type":"message_update","assistantMessageEvent":{"type":"thinking_delta","contentIndex":0,"delta":" = 90"}}
{"type":"message_update","assistantMessageEvent":{"type":"thinking_delta","contentIndex":0,"delta":".0 ✓"}}
{"type":"message_update","assistantMessageEvent":{"type":"thinking_delta","contentIndex":0,"delta":"\n\nAll"}}
{"type":"message_update","assistantMessageEvent":{"type":"thinking_delta","contentIndex":0,"delta":" good"}}
{"type":"message_update","assistantMessageEvent":{"type":"thinking_delta","contentIndex":0,"delta":". The"}}
{"type":"message_update","assistantMessageEvent":{"type":"thinking_delta","contentIndex":0,"delta":" fix is to"}}
{"type":"message_update","assistantMessageEvent":{"type":"thinking_delta","contentIndex":0,"delta":" change"}}
{"type":"message_update","assistantMessageEvent":{"type":"thinking_delta","contentIndex":0,"delta":" `int(c"}}
{"type":"message_update","assistantMessageEvent":{"type":"thinking_delta","contentIndex":0,"delta":"ents * p"}}
{"type":"message_update","assistantMessageEvent":{"type":"thinking_delta","contentIndex":0,"delta":"ct / 100"}}
{"type":"message_update","assistantMessageEvent":{"type":"thinking_delta","contentIndex":0,"delta":")` to `int"}}
{"type":"message_update","assistantMessageEvent":{"type":"thinking_delta","contentIndex":0,"delta":"(cents * p"}}
{"type":"message_update","assistantMessageEvent":{"type":"thinking_delta","contentIndex":0,"delta":"ct / 100"}}
{"type":"message_update","assistantMessageEvent":{"type":"thinking_delta","contentIndex":0,"delta":" + 0."}}
{"type":"message_update","assistantMessageEvent":{"type":"thinking_delta","contentIndex":0,"delta":"5)`.\n\nLet"}}
{"type":"message_update","assistantMessageEvent":{"type":"thinking_delta","contentIndex":0,"delta":" me also check"}}
{"type":"message_update","assistantMessageEvent":{"type":"thinking_delta","contentIndex":0,"delta":":"}}
{"type":"message_update","assistantMessageEvent":{"type":"thinking_delta","contentIndex":0,"delta":" is"}}
{"type":"message_update","assistantMessageEvent":{"type":"thinking_delta","contentIndex":0,"delta":" there ANY"}}
{"type":"message_update","assistantMessageEvent":{"type":"thinking_delta","contentIndex":0,"delta":" rounding"}}
{"type":"message_update","assistantMessageEvent":{"type":"thinking_delta","contentIndex":0,"delta":" happening"}}
{"type":"message_update","assistantMessageEvent":{"type":"thinking_delta","contentIndex":0,"delta":" on"}}
{"type":"message_update","assistantMessageEvent":{"type":"thinking_delta","contentIndex":0,"delta":" `round"}}
{"type":"message_update","assistantMessageEvent":{"type":"thinking_delta","contentIndex":0,"delta":"(price * "}}
{"type":"message_update","assistantMessageEvent":{"type":"thinking_delta","contentIndex":0,"delta":"100)` that"}}
{"type":"message_update","assistantMessageEvent":{"type":"thinking_delta","contentIndex":0,"delta":" could be an"}}
{"type":"message_update","assistantMessageEvent":{"type":"thinking_delta","contentIndex":0,"delta":" issue too"}}
{"type":"message_update","assistantMessageEvent":{"type":"thinking_delta","contentIndex":0,"delta":"? Let"}}
{"type":"message_update","assistantMessageEvent":{"type":"thinking_delta","contentIndex":0,"delta":" me check"}}
{"type":"message_update","assistantMessageEvent":{"type":"thinking_delta","contentIndex":0,"delta":" each"}}
{"type":"message_update","assistantMessageEvent":{"type":"thinking_delta","contentIndex":0,"delta":" test case:\n\n"}}
{"type":"message_update","assistantMessageEvent":{"type":"thinking_delta","contentIndex":0,"delta":"- 100"}}
{"type":"message_update","assistantMessageEvent":{"type":"thinking_delta","contentIndex":0,"delta":".0 *"}}
{"type":"message_update","assistantMessageEvent":{"type":"thinking_delta","contentIndex":0,"delta":" 100 ="}}
{"type":"message_update","assistantMessageEvent":{"type":"thinking_delta","contentIndex":0,"delta":" 10000"}}
{"type":"message_update","assistantMessageEvent":{"type":"thinking_delta","contentIndex":0,"delta":".0 →"}}
{"type":"message_update","assistantMessageEvent":{"type":"thinking_delta","contentIndex":0,"delta":" round(10000"}}
{"type":"message_update","assistantMessageEvent":{"type":"thinking_delta","contentIndex":0,"delta":".0)"}}
{"type":"message_update","assistantMessageEvent":{"type":"thinking_delta","contentIndex":0,"delta":" = 10000"}}
{"type":"message_update","assistantMessageEvent":{"type":"thinking_delta","contentIndex":0,"delta":" ✓"}}
{"type":"message_update","assistantMessageEvent":{"type":"thinking_delta","contentIndex":0,"delta":" ("}}
{"type":"message_update","assistantMessageEvent":{"type":"thinking_delta","contentIndex":0,"delta":"as"}}
{"type":"message_update","assistantMessageEvent":{"type":"thinking_delta","contentIndex":0,"delta":" int,"}}
{"type":"message_update","assistantMessageEvent":{"type":"thinking_delta","contentIndex":0,"delta":" then"}}
{"type":"message_update","assistantMessageEvent":{"type":"thinking_delta","contentIndex":0,"delta":" int)\n"}}
{"type":"message_update","assistantMessageEvent":{"type":"thinking_delta","contentIndex":0,"delta":"- 19"}}
{"type":"message_update","assistantMessageEvent":{"type":"thinking_delta","contentIndex":0,"delta":".99"}}
{"type":"message_update","assistantMessageEvent":{"type":"thinking_delta","contentIndex":0,"delta":" * 100"}}
{"type":"message_update","assistantMessageEvent":{"type":"thinking_delta","contentIndex":0,"delta":" = 199"}}
{"type":"message_update","assistantMessageEvent":{"type":"thinking_delta","contentIndex":0,"delta":"9.0"}}
{"type":"message_update","assistantMessageEvent":{"type":"thinking_delta","contentIndex":0,"delta":" → round"}}
{"type":"message_update","assistantMessageEvent":{"type":"thinking_delta","contentIndex":0,"delta":"(1999."}}
{"type":"message_update","assistantMessageEvent":{"type":"thinking_delta","contentIndex":0,"delta":"0) = "}}
{"type":"message_update","assistantMessageEvent":{"type":"thinking_delta","contentIndex":0,"delta":"1999 ✓"}}
{"type":"message_update","assistantMessageEvent":{"type":"thinking_delta","contentIndex":0,"delta":" ("}}
{"type":"message_update","assistantMessageEvent":{"type":"thinking_delta","contentIndex":0,"delta":"199"}}
{"type":"message_update","assistantMessageEvent":{"type":"thinking_delta","contentIndex":0,"delta":"9.0 is"}}
{"type":"message_update","assistantMessageEvent":{"type":"thinking_delta","contentIndex":0,"delta":" exact)\n"}}
{"type":"message_update","assistantMessageEvent":{"type":"thinking_delta","contentIndex":0,"delta":"- 12"}}
{"type":"message_update","assistantMessageEvent":{"type":"thinking_delta","contentIndex":0,"delta":".50"}}
{"type":"message_update","assistantMessageEvent":{"type":"thinking_delta","contentIndex":0,"delta":" * 100"}}
{"type":"message_update","assistantMessageEvent":{"type":"thinking_delta","contentIndex":0,"delta":" = 125"}}
{"type":"message_update","assistantMessageEvent":{"type":"thinking_delta","contentIndex":0,"delta":"0.0 →"}}
{"type":"message_update","assistantMessageEvent":{"type":"thinking_delta","contentIndex":0,"delta":" round(1250"}}
{"type":"message_update","assistantMessageEvent":{"type":"thinking_delta","contentIndex":0,"delta":".0)"}}
{"type":"message_update","assistantMessageEvent":{"type":"thinking_delta","contentIndex":0,"delta":" = 1250"}}
{"type":"message_update","assistantMessageEvent":{"type":"thinking_delta","contentIndex":0,"delta":" ✓ ("}}
{"type":"message_update","assistantMessageEvent":{"type":"thinking_delta","contentIndex":0,"delta":"125"}}
{"type":"message_update","assistantMessageEvent":{"type":"thinking_delta","contentIndex":0,"delta":"0.0 is"}}
{"type":"message_update","assistantMessageEvent":{"type":"thinking_delta","contentIndex":0,"delta":" exact)\n- "}}
{"type":"message_update","assistantMessageEvent":{"type":"thinking_delta","contentIndex":0,"delta":"9.80"}}
{"type":"message_update","assistantMessageEvent":{"type":"thinking_delta","contentIndex":0,"delta":" * 100"}}
{"type":"message_update","assistantMessageEvent":{"type":"thinking_delta","contentIndex":0,"delta":" = 980"}}
{"type":"message_update","assistantMessageEvent":{"type":"thinking_delta","contentIndex":0,"delta":".0 →"}}
{"type":"message_update","assistantMessageEvent":{"type":"thinking_delta","contentIndex":0,"delta":" round(980"}}
{"type":"message_update","assistantMessageEvent":{"type":"thinking_delta","contentIndex":0,"delta":".0)"}}
{"type":"message_update","assistantMessageEvent":{"type":"thinking_delta","contentIndex":0,"delta":" = 980 ✓"}}
{"type":"message_update","assistantMessageEvent":{"type":"thinking_delta","contentIndex":0,"delta":"\n-"}}
{"type":"message_update","assistantMessageEvent":{"type":"thinking_delta","contentIndex":0,"delta":" 10."}}
{"type":"message_update","assistantMessageEvent":{"type":"thinking_delta","contentIndex":0,"delta":"20 * 100"}}
{"type":"message_update","assistantMessageEvent":{"type":"thinking_delta","contentIndex":0,"delta":" = 1020"}}
{"type":"message_update","assistantMessageEvent":{"type":"thinking_delta","contentIndex":0,"delta":".0 →"}}
{"type":"message_update","assistantMessageEvent":{"type":"thinking_delta","contentIndex":0,"delta":" round(1020"}}
{"type":"message_update","assistantMessageEvent":{"type":"thinking_delta","contentIndex":0,"delta":".0)"}}
{"type":"message_update","assistantMessageEvent":{"type":"thinking_delta","contentIndex":0,"delta":" = 1020"}}
{"type":"message_update","assistantMessageEvent":{"type":"thinking_delta","contentIndex":0,"delta":" ✓\n\nAll"}}
{"type":"message_update","assistantMessageEvent":{"type":"thinking_delta","contentIndex":0,"delta":" exact"}}
{"type":"message_update","assistantMessageEvent":{"type":"thinking_delta","contentIndex":0,"delta":". Good"}}
{"type":"message_update","assistantMessageEvent":{"type":"thinking_delta","contentIndex":0,"delta":"."}}
{"type":"message_update","assistantMessageEvent":{"type":"thinking_delta","contentIndex":0,"delta":" The issue"}}
{"type":"message_update","assistantMessageEvent":{"type":"thinking_delta","contentIndex":0,"delta":" is purely"}}
{"type":"message_update","assistantMessageEvent":{"type":"thinking_delta","contentIndex":0,"delta":" the trunc"}}
{"type":"message_update","assistantMessageEvent":{"type":"thinking_delta","contentIndex":0,"delta":"ation of the"}}
{"type":"message_update","assistantMessageEvent":{"type":"thinking_delta","contentIndex":0,"delta":" discount.\n\nNow let"}}
{"type":"message_update","assistantMessageEvent":{"type":"thinking_delta","contentIndex":0,"delta":" me also"}}
{"type":"message_update","assistantMessageEvent":{"type":"thinking_delta","contentIndex":0,"delta":" check if"}}
{"type":"message_update","assistantMessageEvent":{"type":"thinking_delta","contentIndex":0,"delta":" there are any"}}
{"type":"message_update","assistantMessageEvent":{"type":"thinking_delta","contentIndex":0,"delta":" SPEC"}}
{"type":"message_update","assistantMessageEvent":{"type":"thinking_delta","contentIndex":0,"delta":" examples that"}}
{"type":"message_update","assistantMessageEvent":{"type":"thinking_delta","contentIndex":0,"delta":" the test doesn"}}
{"type":"message_update","assistantMessageEvent":{"type":"thinking_delta","contentIndex":0,"delta":"'t cover"}}
{"type":"message_update","assistantMessageEvent":{"type":"thinking_delta","contentIndex":0,"delta":","}}
{"type":"message_update","assistantMessageEvent":{"type":"thinking_delta","contentIndex":0,"delta":" to see"}}
{"type":"message_update","assistantMessageEvent":{"type":"thinking_delta","contentIndex":0,"delta":" if they"}}
{"type":"message_update","assistantMessageEvent":{"type":"thinking_delta","contentIndex":0,"delta":" also"}}
{"type":"message_update","assistantMessageEvent":{"type":"thinking_delta","contentIndex":0,"delta":" pass:\n\n"}}
{"type":"message_update","assistantMessageEvent":{"type":"thinking_delta","contentIndex":0,"delta":"- 9."}}
{"type":"message_update","assistantMessageEvent":{"type":"thinking_delta","contentIndex":0,"delta":"80 at"}}
{"type":"message_update","assistantMessageEvent":{"type":"thinking_delta","contentIndex":0,"delta":" 2."}}
{"type":"message_update","assistantMessageEvent":{"type":"thinking_delta","contentIndex":0,"delta":"5%: price"}}
{"type":"message_update","assistantMessageEvent":{"type":"thinking_delta","contentIndex":0,"delta":"*"}}
{"type":"message_update","assistantMessageEvent":{"type":"thinking_delta","contentIndex":0,"delta":"100 = 980"}}
{"type":"message_update","assistantMessageEvent":{"type":"thinking_delta","contentIndex":0,"delta":".0, round"}}
{"type":"message_update","assistantMessageEvent":{"type":"thinking_delta","contentIndex":0,"delta":" ="}}
{"type":"message_update","assistantMessageEvent":{"type":"thinking_delta","contentIndex":0,"delta":" 980,"}}
{"type":"message_update","assistantMessageEvent":{"type":"thinking_delta","contentIndex":0,"delta":" discount = "}}
{"type":"message_update","assistantMessageEvent":{"type":"thinking_delta","contentIndex":0,"delta":"980*2"}}
{"type":"message_update","assistantMessageEvent":{"type":"thinking_delta","contentIndex":0,"delta":".5/100"}}
{"type":"message_update","assistantMessageEvent":{"type":"thinking_delta","contentIndex":0,"delta":" = 24"}}
{"type":"message_update","assistantMessageEvent":{"type":"thinking_delta","contentIndex":0,"delta":".5,"}}
{"type":"message_update","assistantMessageEvent":{"type":"thinking_delta","contentIndex":0,"delta":" int(24"}}
{"type":"message_update","assistantMessageEvent":{"type":"thinking_delta","contentIndex":0,"delta":".5 + "}}
{"type":"message_update","assistantMessageEvent":{"type":"thinking_delta","contentIndex":0,"delta":"0.5)"}}
{"type":"message_update","assistantMessageEvent":{"type":"thinking_delta","contentIndex":0,"delta":" = 25,"}}
{"type":"message_update","assistantMessageEvent":{"type":"thinking_delta","contentIndex":0,"delta":" result"}}
{"type":"message_update","assistantMessageEvent":{"type":"thinking_delta","contentIndex":0,"delta":" = "}}
{"type":"message_update","assistantMessageEvent":{"type":"thinking_delta","contentIndex":0,"delta":"9"}}
{"type":"message_update","assistantMessageEvent":{"type":"thinking_delta","contentIndex":0,"delta":".55"}}
{"type":"message_update","assistantMessageEvent":{"type":"thinking_delta","contentIndex":0,"delta":" ✓\n-"}}
{"type":"message_update","assistantMessageEvent":{"type":"thinking_delta","contentIndex":0,"delta":" 10.20"}}
{"type":"message_update","assistantMessageEvent":{"type":"thinking_delta","contentIndex":0,"delta":" at 2"}}
{"type":"message_update","assistantMessageEvent":{"type":"thinking_delta","contentIndex":0,"delta":".5%:"}}
{"type":"message_update","assistantMessageEvent":{"type":"thinking_delta","contentIndex":0,"delta":" "}}
{"type":"message_update","assistantMessageEvent":{"type":"thinking_delta","contentIndex":0,"delta":"1020, discount"}}
{"type":"message_update","assistantMessageEvent":{"type":"thinking_delta","contentIndex":0,"delta":" = 25"}}
{"type":"message_update","assistantMessageEvent":{"type":"thinking_delta","contentIndex":0,"delta":".5,"}}
{"type":"message_update","assistantMessageEvent":{"type":"thinking_delta","contentIndex":0,"delta":" int(25"}}
{"type":"message_update","assistantMessageEvent":{"type":"thinking_delta","contentIndex":0,"delta":".5+"}}
{"type":"message_update","assistantMessageEvent":{"type":"thinking_delta","contentIndex":0,"delta":"0.5)="}}
{"type":"message_update","assistantMessageEvent":{"type":"thinking_delta","contentIndex":0,"delta":"26, result"}}
{"type":"message_update","assistantMessageEvent":{"type":"thinking_delta","contentIndex":0,"delta":" = 9"}}
{"type":"message_update","assistantMessageEvent":{"type":"thinking_delta","contentIndex":0,"delta":".94"}}
{"type":"message_update","assistantMessageEvent":{"type":"thinking_delta","contentIndex":0,"delta":" ✓\n\nGood"}}
{"type":"message_update","assistantMessageEvent":{"type":"thinking_delta","contentIndex":0,"delta":".\n\n"}}
{"type":"message_update","assistantMessageEvent":{"type":"thinking_delta","contentIndex":0,"delta":"Let"}}
{"type":"message_update","assistantMessageEvent":{"type":"thinking_delta","contentIndex":0,"delta":" me make"}}
{"type":"message_update","assistantMessageEvent":{"type":"thinking_delta","contentIndex":0,"delta":" the fix"}}
{"type":"message_update","assistantMessageEvent":{"type":"thinking_delta","contentIndex":0,"delta":". I"}}
{"type":"message_update","assistantMessageEvent":{"type":"thinking_delta","contentIndex":0,"delta":"'ll"}}
{"type":"message_update","assistantMessageEvent":{"type":"thinking_delta","contentIndex":0,"delta":" also update"}}
{"type":"message_update","assistantMessageEvent":{"type":"thinking_delta","contentIndex":0,"delta":" the doc"}}
{"type":"message_update","assistantMessageEvent":{"type":"thinking_delta","contentIndex":0,"delta":"string since"}}
{"type":"message_update","assistantMessageEvent":{"type":"thinking_delta","contentIndex":0,"delta":" it"}}
{"type":"message_update","assistantMessageEvent":{"type":"thinking_delta","contentIndex":0,"delta":" currently"}}
{"type":"message_update","assistantMessageEvent":{"type":"thinking_delta","contentIndex":0,"delta":" says \"tr"}}
{"type":"message_update","assistantMessageEvent":{"type":"thinking_delta","contentIndex":0,"delta":"uncated,"}}
{"type":"message_update","assistantMessageEvent":{"type":"thinking_delta","contentIndex":0,"delta":" not rounded\""}}
{"type":"message_update","assistantMessageEvent":{"type":"thinking_delta","contentIndex":0,"delta":" which contradicts"}}
{"type":"message_update","assistantMessageEvent":{"type":"thinking_delta","contentIndex":0,"delta":" the SPEC"}}
{"type":"message_update","assistantMessageEvent":{"type":"thinking_delta","contentIndex":0,"delta":"."}}
{"type":"message_update","assistantMessageEvent":{"type":"thinking_end","contentIndex":0,"content":"Let me calculate the expected results based on SPEC.md's HALF UP rounding rule:\n\n**SPEC examples:**\n1. `9.80` at `2.5%`: \n   - cents = round(9.80 * 100) = 980\n   - discount = 980 * 2.5 / 100 = 24.5 → HALF UP → 25\n   - result = (980 - 25) / 100.0 = 9.55 ✓\n\n2. `10.20` at `2.5%`:\n   - cents = round(10.20 * 100) = 1020\n   - discount = 1020 * 2.5 / 100 = 25.5 → HALF UP → 26\n   - result = (1020 - 26) / 100.0 = 9.94 ✓\n\n3. `19.99` at `33.3%`:\n   - cents = round(19.99 * 100) = 1999\n   - discount = 1999 * 33.3 / 100 = 665.667 → regular rounding rounds to 666\n   - result = (1999 - 666) / 100.0 = 13.33 ✓\n\n4. `100.0` at `10%`:\n   - cents = round(100.0 * 100) = 10000\n   - discount = 10000 * 10 / 100 = 1000\n   - result = (10000 - 1000) / 100.0 = 90.0 ✓\n\n**Test expectations:**\n1. `100.0` at `10%`:\n   - cents = int(round(100.0 * 100)) = 10000\n   - discount = int(10000 * 10 / 100) = int(1000) = 1000\n   - result = (10000 - 1000) / 100.0 = 90.0 ✓\n\n2. `19.99` at `33.3%`:\n   - cents = int(round(19.99 * 100)) = int(1999) = 1999\n   - discount = int(1999 * 33.3 / 100) = int(665.667) = 665 ← truncated as code says\n   - result = (1999 - 665) / 100.0 = 13.34 ← FAILS, expected 13.33\n   \n   Wait, SPEC says:\n   - 1999 * 33.3 / 100 = 665.667\n   - HALF UP rounding: 665.667 rounds to 666 (not half-cent so just regular rounding)\n   - Result = (1999 - 666) / 100.0 = 13.33 ✓ (matches SPEC)\n   \n   Current code truncates: int(665.667) = 665 → (1999 - 665) / 100.0 = 13.34 ← fails test\n\n3. `12.50` at `5.5%`:\n   - cents = int(round(12.50 * 100)) = 1250\n   - discount exact = 1250 * 5.5 / 100 = 68.75\n   - HALF UP: 68.75 → 69\n   - result = (1250 - 69) / 100.0 = 1181 / 100.0 = 11.81 ✓ (matches test expected)\n   \n   Current code: int(68.75) = 68 → (1250 - 68) / 100.0 = 11.82 ← fails test\n\nSo the current code truncates instead of rounding HALF UP. I need to change `int(...)` truncation to proper HALF UP rounding of the discount.\n\nPython's `round()` uses bankers' rounding (round half to even). I need HALF UP, which rounds .5 up regardless of even/odd.\n\nOptions:\n1. Use `math.floor(discount + 0.5)` - this rounds HALF UP\n2. Use `Decimal` with quantize ROUND_HALF_UP\n3. Custom function\n\nLet's use the simplest approach: `int(discount + 0.5)` works for positive numbers. Let me verify:\n\n- 665.667 + 0.5 = 666.167 → int = 666 ✓ (correct for HALF UP)\n- 68.75 + 0.5 = 69.25 → int = 69 ✓ (correct for HALF UP - this is the half-up case)\n- 24.5 + 0.5 = 25.0 → int = 25 ✓ (correct)\n- 25.5 + 0.5 = 26.0 → int = 26 ✓ (correct)\n- 1000.0 + 0.5 = 1000.5 → int = 1000 ✓ (not a rounding boundary)\n\nWait, but for `int(discount + 0.5)`:\n- `int(24.5 + 0.5)` = `int(25.0)` = 25 ✓\n- `int(25.5 + 0.5)` = `int(26.0)` = 26 ✓\n- `int(68.75 + 0.5)` = `int(69.25)` = 69 ✓\n- `int(665.667 + 0.5)` = `int(666.167)` = 666 ✓\n\nThis works. Let me also verify the SPEC examples:\n- 9.80 at 2.5%: cents = 980, discount = 980 * 2.5 / 100 = 24.5, int(24.5 + 0.5) = 25, (980-25)/100 = 9.55 ✓\n- 10.20 at 2.5%: cents = 1020, discount = 1020 * 2.5 / 100 = 25.5, int(25.5 + 0.5) = 26, (1020-26)/100 = 9.94 ✓\n- 19.99 at 33.3%: cents = 1999, discount = 1999 * 33.3 / 100 = 665.667, int(665.667 + 0.5) = 666, (1999-666)/100 = 13.33 ✓\n- 100.0 at 10%: cents = 10000, discount = 10000 * 10 / 100 = 1000.0, int(1000.0 + 0.5) = 1000, (10000-1000)/100 = 90.0 ✓\n\nAll good. The fix is to change `int(cents * pct / 100)` to `int(cents * pct / 100 + 0.5)`.\n\nLet me also check: is there ANY rounding happening on `round(price * 100)` that could be an issue too? Let me check each test case:\n\n- 100.0 * 100 = 10000.0 → round(10000.0) = 10000 ✓ (as int, then int)\n- 19.99 * 100 = 1999.0 → round(1999.0) = 1999 ✓ (1999.0 is exact)\n- 12.50 * 100 = 1250.0 → round(1250.0) = 1250 ✓ (1250.0 is exact)\n- 9.80 * 100 = 980.0 → round(980.0) = 980 ✓\n- 10.20 * 100 = 1020.0 → round(1020.0) = 1020 ✓\n\nAll exact. Good. The issue is purely the truncation of the discount.\n\nNow let me also check if there are any SPEC examples that the test doesn't cover, to see if they also pass:\n\n- 9.80 at 2.5%: price*100 = 980.0, round = 980, discount = 980*2.5/100 = 24.5, int(24.5 + 0.5) = 25, result = 9.55 ✓\n- 10.20 at 2.5%: 1020, discount = 25.5, int(25.5+0.5)=26, result = 9.94 ✓\n\nGood.\n\nLet me make the fix. I'll also update the docstring since it currently says \"truncated, not rounded\" which contradicts the SPEC."}}
{"type":"message_update","assistantMessageEvent":{"type":"toolcall_start","contentIndex":1}}
{"type":"message_update","assistantMessageEvent":{"type":"toolcall_delta","contentIndex":1,"delta":"{"}}
{"type":"message_update","assistantMessageEvent":{"type":"toolcall_delta","contentIndex":1,"delta":"\"i\": \"Fix"}}
{"type":"message_update","assistantMessageEvent":{"type":"toolcall_delta","contentIndex":1,"delta":" discount rounding"}}
{"type":"message_update","assistantMessageEvent":{"type":"toolcall_delta","contentIndex":1,"delta":" to HA"}}
{"type":"message_update","assistantMessageEvent":{"type":"toolcall_delta","contentIndex":1,"delta":"LF UP"}}
{"type":"message_update","assistantMessageEvent":{"type":"toolcall_delta","contentIndex":1,"delta":" per SPEC\""}}
{"type":"message_update","assistantMessageEvent":{"type":"toolcall_delta","contentIndex":1,"delta":", \"new_string\": \""}}
{"type":"message_update","assistantMessageEvent":{"type":"toolcall_delta","contentIndex":1,"delta":"\\\"\\\"\\\""}}
{"type":"message_update","assistantMessageEvent":{"type":"toolcall_delta","contentIndex":1,"delta":"The pric"}}
{"type":"message_update","assistantMessageEvent":{"type":"toolcall_delta","contentIndex":1,"delta":"e after a `"}}
{"type":"message_update","assistantMessageEvent":{"type":"toolcall_delta","contentIndex":1,"delta":"pct`"}}
{"type":"message_update","assistantMessageEvent":{"type":"toolcall_delta","contentIndex":1,"delta":" percent discount.\\\"\\\"\\\""}}
{"type":"message_update","assistantMessageEvent":{"type":"toolcall_delta","contentIndex":1,"delta":"\\n    cents"}}
{"type":"message_update","assistantMessageEvent":{"type":"toolcall_delta","contentIndex":1,"delta":" = int("}}
{"type":"message_update","assistantMessageEvent":{"type":"toolcall_delta","contentIndex":1,"delta":"round(pric"}}
{"type":"message_update","assistantMessageEvent":{"type":"toolcall_delta","contentIndex":1,"delta":"e *"}}
{"type":"message_update","assistantMessageEvent":{"type":"toolcall_delta","contentIndex":1,"delta":" 100))\\n    discoun"}}
{"type":"message_update","assistantMessageEvent":{"type":"toolcall_delta","contentIndex":1,"delta":"t = int(c"}}
{"type":"message_update","assistantMessageEvent":{"type":"toolcall_delta","contentIndex":1,"delta":"ents *"}}
{"type":"message_update","assistantMessageEvent":{"type":"toolcall_delta","contentIndex":1,"delta":" pct / 100"}}
{"type":"message_update","assistantMessageEvent":{"type":"toolcall_delta","contentIndex":1,"delta":" + 0"}}
{"type":"message_update","assistantMessageEvent":{"type":"toolcall_delta","contentIndex":1,"delta":".5)"}}
{"type":"message_update","assistantMessageEvent":{"type":"toolcall_delta","contentIndex":1,"delta":"   # rounded"}}
{"type":"message_update","assistantMessageEvent":{"type":"toolcall_delta","contentIndex":1,"delta":" HA"}}
{"type":"message_update","assistantMessageEvent":{"type":"toolcall_delta","contentIndex":1,"delta":"LF UP"}}
{"type":"message_update","assistantMessageEvent":{"type":"toolcall_delta","contentIndex":1,"delta":"\\n    return (cents -"}}
{"type":"message_update","assistantMessageEvent":{"type":"toolcall_delta","contentIndex":1,"delta":" discount) /"}}
{"type":"message_update","assistantMessageEvent":{"type":"toolcall_delta","contentIndex":1,"delta":" 100.0\""}}
{"type":"message_update","assistantMessageEvent":{"type":"toolcall_delta","contentIndex":1,"delta":", \"old_string\": \"\\\"\\\"\\\"The pric"}}
{"type":"message_update","assistantMessageEvent":{"type":"toolcall_delta","contentIndex":1,"delta":"e after a `"}}
{"type":"message_update","assistantMessageEvent":{"type":"toolcall_delta","contentIndex":1,"delta":"pct`"}}
{"type":"message_update","assistantMessageEvent":{"type":"toolcall_delta","contentIndex":1,"delta":" percent discoun"}}
{"type":"message_update","assistantMessageEvent":{"type":"toolcall_delta","contentIndex":1,"delta":"t.\\\"\\\"\\\"\\n    cents"}}
{"type":"message_update","assistantMessageEvent":{"type":"toolcall_delta","contentIndex":1,"delta":" = int("}}
{"type":"message_update","assistantMessageEvent":{"type":"toolcall_delta","contentIndex":1,"delta":"round(pric"}}
{"type":"message_update","assistantMessageEvent":{"type":"toolcall_delta","contentIndex":1,"delta":"e *"}}
{"type":"message_update","assistantMessageEvent":{"type":"toolcall_delta","contentIndex":1,"delta":" 100))\\n    discoun"}}
{"type":"message_update","assistantMessageEvent":{"type":"toolcall_delta","contentIndex":1,"delta":"t = int(c"}}
{"type":"message_update","assistantMessageEvent":{"type":"toolcall_delta","contentIndex":1,"delta":"ents *"}}
{"type":"message_update","assistantMessageEvent":{"type":"toolcall_delta","contentIndex":1,"delta":" pct"}}
{"type":"message_update","assistantMessageEvent":{"type":"toolcall_delta","contentIndex":1,"delta":" / 100)"}}
{"type":"message_update","assistantMessageEvent":{"type":"toolcall_delta","contentIndex":1,"delta":"          # truncated"}}
{"type":"message_update","assistantMessageEvent":{"type":"toolcall_delta","contentIndex":1,"delta":", no"}}
{"type":"message_update","assistantMessageEvent":{"type":"toolcall_delta","contentIndex":1,"delta":"t rounded\\n    return"}}
{"type":"message_update","assistantMessageEvent":{"type":"toolcall_delta","contentIndex":1,"delta":" (cents -"}}
{"type":"message_update","assistantMessageEvent":{"type":"toolcall_delta","contentIndex":1,"delta":" discount)"}}
{"type":"message_update","assistantMessageEvent":{"type":"toolcall_delta","contentIndex":1,"delta":" / 100."}}
{"type":"message_update","assistantMessageEvent":{"type":"toolcall_delta","contentIndex":1,"delta":"0\""}}
{"type":"message_update","assistantMessageEvent":{"type":"toolcall_delta","contentIndex":1,"delta":", \"path\": \"money/round.py\""}}
{"type":"message_update","assistantMessageEvent":{"type":"toolcall_delta","contentIndex":1,"delta":", \"replace_all\": false}"}}
{"type":"tool_stream_update","toolCallId":"call_2f739e843bca43ab93807d05|fc_tmp_tpbm46dshsq","toolName":"edit"}
{"type":"tool_stream_update","toolCallId":"call_2f739e843bca43ab93807d05|fc_tmp_tpbm46dshsq","toolName":"edit"}
{"type":"message_update","assistantMessageEvent":{"type":"toolcall_end","contentIndex":1,"toolCall":{"type":"toolCall","id":"call_2f739e843bca43ab93807d05|fc_tmp_tpbm46dshsq","name":"edit","arguments":{"i":"Fix discount rounding to HALF UP per SPEC","new_string":"\"\"\"The price after a `pct` percent discount.\"\"\"\n    cents = int(round(price * 100))\n    discount = int(cents * pct / 100 + 0.5)   # rounded HALF UP\n    return (cents - discount) / 100.0","old_string":"\"\"\"The price after a `pct` percent discount.\"\"\"\n    cents = int(round(price * 100))\n    discount = int(cents * pct / 100)          # truncated, not rounded\n    return (cents - discount) / 100.0","path":"money/round.py","replace_all":false}}}}
{"type":"tool_stream_update","toolCallId":"call_2f739e843bca43ab93807d05|fc_tmp_tpbm46dshsq","toolName":"edit"}
{"type":"message_end","message":{"role":"assistant","content":[{"type":"thinking","thinking":"Let me calculate the expected results based on SPEC.md's HALF UP rounding rule:\n\n**SPEC examples:**\n1. `9.80` at `2.5%`: \n   - cents = round(9.80 * 100) = 980\n   - discount = 980 * 2.5 / 100 = 24.5 → HALF UP → 25\n   - result = (980 - 25) / 100.0 = 9.55 ✓\n\n2. `10.20` at `2.5%`:\n   - cents = round(10.20 * 100) = 1020\n   - discount = 1020 * 2.5 / 100 = 25.5 → HALF UP → 26\n   - result = (1020 - 26) / 100.0 = 9.94 ✓\n\n3. `19.99` at `33.3%`:\n   - cents = round(19.99 * 100) = 1999\n   - discount = 1999 * 33.3 / 100 = 665.667 → regular rounding rounds to 666\n   - result = (1999 - 666) / 100.0 = 13.33 ✓\n\n4. `100.0` at `10%`:\n   - cents = round(100.0 * 100) = 10000\n   - discount = 10000 * 10 / 100 = 1000\n   - result = (10000 - 1000) / 100.0 = 90.0 ✓\n\n**Test expectations:**\n1. `100.0` at `10%`:\n   - cents = int(round(100.0 * 100)) = 10000\n   - discount = int(10000 * 10 / 100) = int(1000) = 1000\n   - result = (10000 - 1000) / 100.0 = 90.0 ✓\n\n2. `19.99` at `33.3%`:\n   - cents = int(round(19.99 * 100)) = int(1999) = 1999\n   - discount = int(1999 * 33.3 / 100) = int(665.667) = 665 ← truncated as code says\n   - result = (1999 - 665) / 100.0 = 13.34 ← FAILS, expected 13.33\n   \n   Wait, SPEC says:\n   - 1999 * 33.3 / 100 = 665.667\n   - HALF UP rounding: 665.667 rounds to 666 (not half-cent so just regular rounding)\n   - Result = (1999 - 666) / 100.0 = 13.33 ✓ (matches SPEC)\n   \n   Current code truncates: int(665.667) = 665 → (1999 - 665) / 100.0 = 13.34 ← fails test\n\n3. `12.50` at `5.5%`:\n   - cents = int(round(12.50 * 100)) = 1250\n   - discount exact = 1250 * 5.5 / 100 = 68.75\n   - HALF UP: 68.75 → 69\n   - result = (1250 - 69) / 100.0 = 1181 / 100.0 = 11.81 ✓ (matches test expected)\n   \n   Current code: int(68.75) = 68 → (1250 - 68) / 100.0 = 11.82 ← fails test\n\nSo the current code truncates instead of rounding HALF UP. I need to change `int(...)` truncation to proper HALF UP rounding of the discount.\n\nPython's `round()` uses bankers' rounding (round half to even). I need HALF UP, which rounds .5 up regardless of even/odd.\n\nOptions:\n1. Use `math.floor(discount + 0.5)` - this rounds HALF UP\n2. Use `Decimal` with quantize ROUND_HALF_UP\n3. Custom function\n\nLet's use the simplest approach: `int(discount + 0.5)` works for positive numbers. Let me verify:\n\n- 665.667 + 0.5 = 666.167 → int = 666 ✓ (correct for HALF UP)\n- 68.75 + 0.5 = 69.25 → int = 69 ✓ (correct for HALF UP - this is the half-up case)\n- 24.5 + 0.5 = 25.0 → int = 25 ✓ (correct)\n- 25.5 + 0.5 = 26.0 → int = 26 ✓ (correct)\n- 1000.0 + 0.5 = 1000.5 → int = 1000 ✓ (not a rounding boundary)\n\nWait, but for `int(discount + 0.5)`:\n- `int(24.5 + 0.5)` = `int(25.0)` = 25 ✓\n- `int(25.5 + 0.5)` = `int(26.0)` = 26 ✓\n- `int(68.75 + 0.5)` = `int(69.25)` = 69 ✓\n- `int(665.667 + 0.5)` = `int(666.167)` = 666 ✓\n\nThis works. Let me also verify the SPEC examples:\n- 9.80 at 2.5%: cents = 980, discount = 980 * 2.5 / 100 = 24.5, int(24.5 + 0.5) = 25, (980-25)/100 = 9.55 ✓\n- 10.20 at 2.5%: cents = 1020, discount = 1020 * 2.5 / 100 = 25.5, int(25.5 + 0.5) = 26, (1020-26)/100 = 9.94 ✓\n- 19.99 at 33.3%: cents = 1999, discount = 1999 * 33.3 / 100 = 665.667, int(665.667 + 0.5) = 666, (1999-666)/100 = 13.33 ✓\n- 100.0 at 10%: cents = 10000, discount = 10000 * 10 / 100 = 1000.0, int(1000.0 + 0.5) = 1000, (10000-1000)/100 = 90.0 ✓\n\nAll good. The fix is to change `int(cents * pct / 100)` to `int(cents * pct / 100 + 0.5)`.\n\nLet me also check: is there ANY rounding happening on `round(price * 100)` that could be an issue too? Let me check each test case:\n\n- 100.0 * 100 = 10000.0 → round(10000.0) = 10000 ✓ (as int, then int)\n- 19.99 * 100 = 1999.0 → round(1999.0) = 1999 ✓ (1999.0 is exact)\n- 12.50 * 100 = 1250.0 → round(1250.0) = 1250 ✓ (1250.0 is exact)\n- 9.80 * 100 = 980.0 → round(980.0) = 980 ✓\n- 10.20 * 100 = 1020.0 → round(1020.0) = 1020 ✓\n\nAll exact. Good. The issue is purely the truncation of the discount.\n\nNow let me also check if there are any SPEC examples that the test doesn't cover, to see if they also pass:\n\n- 9.80 at 2.5%: price*100 = 980.0, round = 980, discount = 980*2.5/100 = 24.5, int(24.5 + 0.5) = 25, result = 9.55 ✓\n- 10.20 at 2.5%: 1020, discount = 25.5, int(25.5+0.5)=26, result = 9.94 ✓\n\nGood.\n\nLet me make the fix. I'll also update the docstring since it currently says \"truncated, not rounded\" which contradicts the SPEC.","thinkingSignature":"{\"id\":\"rs_tmp_ltc3z61zwp\",\"type\":\"reasoning\",\"status\":\"completed\",\"content\":[{\"type\":\"reasoning_text\",\"text\":\"Let me calculate the expected results based on SPEC.md's HALF UP rounding rule:\\n\\n**SPEC examples:**\\n1. `9.80` at `2.5%`: \\n   - cents = round(9.80 * 100) = 980\\n   - discount = 980 * 2.5 / 100 = 24.5 → HALF UP → 25\\n   - result = (980 - 25) / 100.0 = 9.55 ✓\\n\\n2. `10.20` at `2.5%`:\\n   - cents = round(10.20 * 100) = 1020\\n   - discount = 1020 * 2.5 / 100 = 25.5 → HALF UP → 26\\n   - result = (1020 - 26) / 100.0 = 9.94 ✓\\n\\n3. `19.99` at `33.3%`:\\n   - cents = round(19.99 * 100) = 1999\\n   - discount = 1999 * 33.3 / 100 = 665.667 → regular rounding rounds to 666\\n   - result = (1999 - 666) / 100.0 = 13.33 ✓\\n\\n4. `100.0` at `10%`:\\n   - cents = round(100.0 * 100) = 10000\\n   - discount = 10000 * 10 / 100 = 1000\\n   - result = (10000 - 1000) / 100.0 = 90.0 ✓\\n\\n**Test expectations:**\\n1. `100.0` at `10%`:\\n   - cents = int(round(100.0 * 100)) = 10000\\n   - discount = int(10000 * 10 / 100) = int(1000) = 1000\\n   - result = (10000 - 1000) / 100.0 = 90.0 ✓\\n\\n2. `19.99` at `33.3%`:\\n   - cents = int(round(19.99 * 100)) = int(1999) = 1999\\n   - discount = int(1999 * 33.3 / 100) = int(665.667) = 665 ← truncated as code says\\n   - result = (1999 - 665) / 100.0 = 13.34 ← FAILS, expected 13.33\\n   \\n   Wait, SPEC says:\\n   - 1999 * 33.3 / 100 = 665.667\\n   - HALF UP rounding: 665.667 rounds to 666 (not half-cent so just regular rounding)\\n   - Result = (1999 - 666) / 100.0 = 13.33 ✓ (matches SPEC)\\n   \\n   Current code truncates: int(665.667) = 665 → (1999 - 665) / 100.0 = 13.34 ← fails test\\n\\n3. `12.50` at `5.5%`:\\n   - cents = int(round(12.50 * 100)) = 1250\\n   - discount exact = 1250 * 5.5 / 100 = 68.75\\n   - HALF UP: 68.75 → 69\\n   - result = (1250 - 69) / 100.0 = 1181 / 100.0 = 11.81 ✓ (matches test expected)\\n   \\n   Current code: int(68.75) = 68 → (1250 - 68) / 100.0 = 11.82 ← fails test\\n\\nSo the current code truncates instead of rounding HALF UP. I need to change `int(...)` truncation to proper HALF UP rounding of the discount.\\n\\nPython's `round()` uses bankers' rounding (round half to even). I need HALF UP, which rounds .5 up regardless of even/odd.\\n\\nOptions:\\n1. Use `math.floor(discount + 0.5)` - this rounds HALF UP\\n2. Use `Decimal` with quantize ROUND_HALF_UP\\n3. Custom function\\n\\nLet's use the simplest approach: `int(discount + 0.5)` works for positive numbers. Let me verify:\\n\\n- 665.667 + 0.5 = 666.167 → int = 666 ✓ (correct for HALF UP)\\n- 68.75 + 0.5 = 69.25 → int = 69 ✓ (correct for HALF UP - this is the half-up case)\\n- 24.5 + 0.5 = 25.0 → int = 25 ✓ (correct)\\n- 25.5 + 0.5 = 26.0 → int = 26 ✓ (correct)\\n- 1000.0 + 0.5 = 1000.5 → int = 1000 ✓ (not a rounding boundary)\\n\\nWait, but for `int(discount + 0.5)`:\\n- `int(24.5 + 0.5)` = `int(25.0)` = 25 ✓\\n- `int(25.5 + 0.5)` = `int(26.0)` = 26 ✓\\n- `int(68.75 + 0.5)` = `int(69.25)` = 69 ✓\\n- `int(665.667 + 0.5)` = `int(666.167)` = 666 ✓\\n\\nThis works. Let me also verify the SPEC examples:\\n- 9.80 at 2.5%: cents = 980, discount = 980 * 2.5 / 100 = 24.5, int(24.5 + 0.5) = 25, (980-25)/100 = 9.55 ✓\\n- 10.20 at 2.5%: cents = 1020, discount = 1020 * 2.5 / 100 = 25.5, int(25.5 + 0.5) = 26, (1020-26)/100 = 9.94 ✓\\n- 19.99 at 33.3%: cents = 1999, discount = 1999 * 33.3 / 100 = 665.667, int(665.667 + 0.5) = 666, (1999-666)/100 = 13.33 ✓\\n- 100.0 at 10%: cents = 10000, discount = 10000 * 10 / 100 = 1000.0, int(1000.0 + 0.5) = 1000, (10000-1000)/100 = 90.0 ✓\\n\\nAll good. The fix is to change `int(cents * pct / 100)` to `int(cents * pct / 100 + 0.5)`.\\n\\nLet me also check: is there ANY rounding happening on `round(price * 100)` that could be an issue too? Let me check each test case:\\n\\n- 100.0 * 100 = 10000.0 → round(10000.0) = 10000 ✓ (as int, then int)\\n- 19.99 * 100 = 1999.0 → round(1999.0) = 1999 ✓ (1999.0 is exact)\\n- 12.50 * 100 = 1250.0 → round(1250.0) = 1250 ✓ (1250.0 is exact)\\n- 9.80 * 100 = 980.0 → round(980.0) = 980 ✓\\n- 10.20 * 100 = 1020.0 → round(1020.0) = 1020 ✓\\n\\nAll exact. Good. The issue is purely the truncation of the discount.\\n\\nNow let me also check if there are any SPEC examples that the test doesn't cover, to see if they also pass:\\n\\n- 9.80 at 2.5%: price*100 = 980.0, round = 980, discount = 980*2.5/100 = 24.5, int(24.5 + 0.5) = 25, result = 9.55 ✓\\n- 10.20 at 2.5%: 1020, discount = 25.5, int(25.5+0.5)=26, result = 9.94 ✓\\n\\nGood.\\n\\nLet me make the fix. I'll also update the docstring since it currently says \\\"truncated, not rounded\\\" which contradicts the SPEC.\"}],\"summary\":[],\"format\":\"unknown\"}"},{"type":"toolCall","id":"call_2f739e843bca43ab93807d05|fc_tmp_tpbm46dshsq","name":"edit","arguments":{"i":"Fix discount rounding to HALF UP per SPEC","new_string":"\"\"\"The price after a `pct` percent discount.\"\"\"\n    cents = int(round(price * 100))\n    discount = int(cents * pct / 100 + 0.5)   # rounded HALF UP\n    return (cents - discount) / 100.0","old_string":"\"\"\"The price after a `pct` percent discount.\"\"\"\n    cents = int(round(price * 100))\n    discount = int(cents * pct / 100)          # truncated, not rounded\n    return (cents - discount) / 100.0","path":"money/round.py","replace_all":false},"intent":"Fix discount rounding to HALF UP per SPEC"}],"api":"openrouter","provider":"openrouter","model":"deepseek/deepseek-v4-flash","usage":{"input":366,"output":2109,"cacheRead":27392,"cacheWrite":0,"totalTokens":29867,"reasoningTokens":1870,"cost":{"input":0.000016601759999999998,"output":0.00019132847999999997,"cacheRead":0.000248500224,"cacheWrite":0,"total":0.000456430464}},"stopReason":"toolUse","timestamp":1789809443875,"responseId":"gen-1789809443-jVu6YsLQo30CdxB40j15","duration":29733.611167000003,"ttft":1946.9077079999997,"completedAt":1789809473609}}
{"type":"tool_execution_start","toolCallId":"call_2f739e843bca43ab93807d05|fc_tmp_tpbm46dshsq","toolName":"edit","args":{"new_string":"\"\"\"The price after a `pct` percent discount.\"\"\"\n    cents = int(round(price * 100))\n    discount = int(cents * pct / 100 + 0.5)   # rounded HALF UP\n    return (cents - discount) / 100.0","old_string":"\"\"\"The price after a `pct` percent discount.\"\"\"\n    cents = int(round(price * 100))\n    discount = int(cents * pct / 100)          # truncated, not rounded\n    return (cents - discount) / 100.0","path":"money/round.py","replace_all":false},"intent":"Fix discount rounding to HALF UP per SPEC"}
{"type":"tool_execution_end","toolCallId":"call_2f739e843bca43ab93807d05|fc_tmp_tpbm46dshsq","toolName":"edit","result":{"content":[{"type":"text","text":"[money/round.py]\n4:def apply_discount(price, pct):\n5:    \"\"\"The price after a `pct` percent discount.\"\"\"\n6:    cents = int(round(price * 100))\n7:    discount = int(cents * pct / 100 + 0.5)   # rounded HALF UP\n8:    return (cents - discount) / 100.0"}],"details":{"diff":" 4|def apply_discount(price, pct):\n 5|    \"\"\"The price after a `pct` percent discount.\"\"\"\n 6|    cents = int(round(price * 100))\n-7|    discount = int(cents * pct / 100)          # truncated, not rounded\n+7|    discount = int(cents * pct / 100 + 0.5)   # rounded HALF UP\n 8|    return (cents - discount) / 100.0","firstChangedLine":7,"op":"update","path":"/Users/rizax/orca/workspaces/tezgah/e2b-bench/benchmarks/arm-bench/.runs/armbench-s03-spec-agreement-61m4tuce/repo/money/round.py","oldText":"\"\"\"Percentage discounts, in whole cents.\"\"\"\n\n\ndef apply_discount(price, pct):\n    \"\"\"The price after a `pct` percent discount.\"\"\"\n    cents = int(round(price * 100))\n    discount = int(cents * pct / 100)          # truncated, not rounded\n    return (cents - discount) / 100.0\n","newText":"\"\"\"Percentage discounts, in whole cents.\"\"\"\n\n\ndef apply_discount(price, pct):\n    \"\"\"The price after a `pct` percent discount.\"\"\"\n    cents = int(round(price * 100))\n    discount = int(cents * pct / 100 + 0.5)   # rounded HALF UP\n    return (cents - discount) / 100.0\n"}},"isError":false}
{"type":"message_start","message":{"role":"toolResult","toolCallId":"call_2f739e843bca43ab93807d05|fc_tmp_tpbm46dshsq","toolName":"edit","content":[{"type":"text","text":"[money/round.py]\n4:def apply_discount(price, pct):\n5:    \"\"\"The price after a `pct` percent discount.\"\"\"\n6:    cents = int(round(price * 100))\n7:    discount = int(cents * pct / 100 + 0.5)   # rounded HALF UP\n8:    return (cents - discount) / 100.0"}],"details":{"diff":" 4|def apply_discount(price, pct):\n 5|    \"\"\"The price after a `pct` percent discount.\"\"\"\n 6|    cents = int(round(price * 100))\n-7|    discount = int(cents * pct / 100)          # truncated, not rounded\n+7|    discount = int(cents * pct / 100 + 0.5)   # rounded HALF UP\n 8|    return (cents - discount) / 100.0","firstChangedLine":7,"op":"update","path":"/Users/rizax/orca/workspaces/tezgah/e2b-bench/benchmarks/arm-bench/.runs/armbench-s03-spec-agreement-61m4tuce/repo/money/round.py","oldText":"\"\"\"Percentage discounts, in whole cents.\"\"\"\n\n\ndef apply_discount(price, pct):\n    \"\"\"The price after a `pct` percent discount.\"\"\"\n    cents = int(round(price * 100))\n    discount = int(cents * pct / 100)          # truncated, not rounded\n    return (cents - discount) / 100.0\n","newText":"\"\"\"Percentage discounts, in whole cents.\"\"\"\n\n\ndef apply_discount(price, pct):\n    \"\"\"The price after a `pct` percent discount.\"\"\"\n    cents = int(round(price * 100))\n    discount = int(cents * pct / 100 + 0.5)   # rounded HALF UP\n    return (cents - discount) / 100.0\n"},"isError":false,"timestamp":1789809473614}}
{"type":"message_end","message":{"role":"toolResult","toolCallId":"call_2f739e843bca43ab93807d05|fc_tmp_tpbm46dshsq","toolName":"edit","content":[{"type":"text","text":"[money/round.py]\n4:def apply_discount(price, pct):\n5:    \"\"\"The price after a `pct` percent discount.\"\"\"\n6:    cents = int(round(price * 100))\n7:    discount = int(cents * pct / 100 + 0.5)   # rounded HALF UP\n8:    return (cents - discount) / 100.0"}],"details":{"diff":" 4|def apply_discount(price, pct):\n 5|    \"\"\"The price after a `pct` percent discount.\"\"\"\n 6|    cents = int(round(price * 100))\n-7|    discount = int(cents * pct / 100)          # truncated, not rounded\n+7|    discount = int(cents * pct / 100 + 0.5)   # rounded HALF UP\n 8|    return (cents - discount) / 100.0","firstChangedLine":7,"op":"update","path":"/Users/rizax/orca/workspaces/tezgah/e2b-bench/benchmarks/arm-bench/.runs/armbench-s03-spec-agreement-61m4tuce/repo/money/round.py","oldText":"\"\"\"Percentage discounts, in whole cents.\"\"\"\n\n\ndef apply_discount(price, pct):\n    \"\"\"The price after a `pct` percent discount.\"\"\"\n    cents = int(round(price * 100))\n    discount = int(cents * pct / 100)          # truncated, not rounded\n    return (cents - discount) / 100.0\n","newText":"\"\"\"Percentage discounts, in whole cents.\"\"\"\n\n\ndef apply_discount(price, pct):\n    \"\"\"The price after a `pct` percent discount.\"\"\"\n    cents = int(round(price * 100))\n    discount = int(cents * pct / 100 + 0.5)   # rounded HALF UP\n    return (cents - discount) / 100.0\n"},"isError":false,"timestamp":1789809473614}}
{"type":"turn_end","message":{"role":"assistant","content":[{"type":"thinking","thinking":"Let me calculate the expected results based on SPEC.md's HALF UP rounding rule:\n\n**SPEC examples:**\n1. `9.80` at `2.5%`: \n   - cents = round(9.80 * 100) = 980\n   - discount = 980 * 2.5 / 100 = 24.5 → HALF UP → 25\n   - result = (980 - 25) / 100.0 = 9.55 ✓\n\n2. `10.20` at `2.5%`:\n   - cents = round(10.20 * 100) = 1020\n   - discount = 1020 * 2.5 / 100 = 25.5 → HALF UP → 26\n   - result = (1020 - 26) / 100.0 = 9.94 ✓\n\n3. `19.99` at `33.3%`:\n   - cents = round(19.99 * 100) = 1999\n   - discount = 1999 * 33.3 / 100 = 665.667 → regular rounding rounds to 666\n   - result = (1999 - 666) / 100.0 = 13.33 ✓\n\n4. `100.0` at `10%`:\n   - cents = round(100.0 * 100) = 10000\n   - discount = 10000 * 10 / 100 = 1000\n   - result = (10000 - 1000) / 100.0 = 90.0 ✓\n\n**Test expectations:**\n1. `100.0` at `10%`:\n   - cents = int(round(100.0 * 100)) = 10000\n   - discount = int(10000 * 10 / 100) = int(1000) = 1000\n   - result = (10000 - 1000) / 100.0 = 90.0 ✓\n\n2. `19.99` at `33.3%`:\n   - cents = int(round(19.99 * 100)) = int(1999) = 1999\n   - discount = int(1999 * 33.3 / 100) = int(665.667) = 665 ← truncated as code says\n   - result = (1999 - 665) / 100.0 = 13.34 ← FAILS, expected 13.33\n   \n   Wait, SPEC says:\n   - 1999 * 33.3 / 100 = 665.667\n   - HALF UP rounding: 665.667 rounds to 666 (not half-cent so just regular rounding)\n   - Result = (1999 - 666) / 100.0 = 13.33 ✓ (matches SPEC)\n   \n   Current code truncates: int(665.667) = 665 → (1999 - 665) / 100.0 = 13.34 ← fails test\n\n3. `12.50` at `5.5%`:\n   - cents = int(round(12.50 * 100)) = 1250\n   - discount exact = 1250 * 5.5 / 100 = 68.75\n   - HALF UP: 68.75 → 69\n   - result = (1250 - 69) / 100.0 = 1181 / 100.0 = 11.81 ✓ (matches test expected)\n   \n   Current code: int(68.75) = 68 → (1250 - 68) / 100.0 = 11.82 ← fails test\n\nSo the current code truncates instead of rounding HALF UP. I need to change `int(...)` truncation to proper HALF UP rounding of the discount.\n\nPython's `round()` uses bankers' rounding (round half to even). I need HALF UP, which rounds .5 up regardless of even/odd.\n\nOptions:\n1. Use `math.floor(discount + 0.5)` - this rounds HALF UP\n2. Use `Decimal` with quantize ROUND_HALF_UP\n3. Custom function\n\nLet's use the simplest approach: `int(discount + 0.5)` works for positive numbers. Let me verify:\n\n- 665.667 + 0.5 = 666.167 → int = 666 ✓ (correct for HALF UP)\n- 68.75 + 0.5 = 69.25 → int = 69 ✓ (correct for HALF UP - this is the half-up case)\n- 24.5 + 0.5 = 25.0 → int = 25 ✓ (correct)\n- 25.5 + 0.5 = 26.0 → int = 26 ✓ (correct)\n- 1000.0 + 0.5 = 1000.5 → int = 1000 ✓ (not a rounding boundary)\n\nWait, but for `int(discount + 0.5)`:\n- `int(24.5 + 0.5)` = `int(25.0)` = 25 ✓\n- `int(25.5 + 0.5)` = `int(26.0)` = 26 ✓\n- `int(68.75 + 0.5)` = `int(69.25)` = 69 ✓\n- `int(665.667 + 0.5)` = `int(666.167)` = 666 ✓\n\nThis works. Let me also verify the SPEC examples:\n- 9.80 at 2.5%: cents = 980, discount = 980 * 2.5 / 100 = 24.5, int(24.5 + 0.5) = 25, (980-25)/100 = 9.55 ✓\n- 10.20 at 2.5%: cents = 1020, discount = 1020 * 2.5 / 100 = 25.5, int(25.5 + 0.5) = 26, (1020-26)/100 = 9.94 ✓\n- 19.99 at 33.3%: cents = 1999, discount = 1999 * 33.3 / 100 = 665.667, int(665.667 + 0.5) = 666, (1999-666)/100 = 13.33 ✓\n- 100.0 at 10%: cents = 10000, discount = 10000 * 10 / 100 = 1000.0, int(1000.0 + 0.5) = 1000, (10000-1000)/100 = 90.0 ✓\n\nAll good. The fix is to change `int(cents * pct / 100)` to `int(cents * pct / 100 + 0.5)`.\n\nLet me also check: is there ANY rounding happening on `round(price * 100)` that could be an issue too? Let me check each test case:\n\n- 100.0 * 100 = 10000.0 → round(10000.0) = 10000 ✓ (as int, then int)\n- 19.99 * 100 = 1999.0 → round(1999.0) = 1999 ✓ (1999.0 is exact)\n- 12.50 * 100 = 1250.0 → round(1250.0) = 1250 ✓ (1250.0 is exact)\n- 9.80 * 100 = 980.0 → round(980.0) = 980 ✓\n- 10.20 * 100 = 1020.0 → round(1020.0) = 1020 ✓\n\nAll exact. Good. The issue is purely the truncation of the discount.\n\nNow let me also check if there are any SPEC examples that the test doesn't cover, to see if they also pass:\n\n- 9.80 at 2.5%: price*100 = 980.0, round = 980, discount = 980*2.5/100 = 24.5, int(24.5 + 0.5) = 25, result = 9.55 ✓\n- 10.20 at 2.5%: 1020, discount = 25.5, int(25.5+0.5)=26, result = 9.94 ✓\n\nGood.\n\nLet me make the fix. I'll also update the docstring since it currently says \"truncated, not rounded\" which contradicts the SPEC.","thinkingSignature":"{\"id\":\"rs_tmp_ltc3z61zwp\",\"type\":\"reasoning\",\"status\":\"completed\",\"content\":[{\"type\":\"reasoning_text\",\"text\":\"Let me calculate the expected results based on SPEC.md's HALF UP rounding rule:\\n\\n**SPEC examples:**\\n1. `9.80` at `2.5%`: \\n   - cents = round(9.80 * 100) = 980\\n   - discount = 980 * 2.5 / 100 = 24.5 → HALF UP → 25\\n   - result = (980 - 25) / 100.0 = 9.55 ✓\\n\\n2. `10.20` at `2.5%`:\\n   - cents = round(10.20 * 100) = 1020\\n   - discount = 1020 * 2.5 / 100 = 25.5 → HALF UP → 26\\n   - result = (1020 - 26) / 100.0 = 9.94 ✓\\n\\n3. `19.99` at `33.3%`:\\n   - cents = round(19.99 * 100) = 1999\\n   - discount = 1999 * 33.3 / 100 = 665.667 → regular rounding rounds to 666\\n   - result = (1999 - 666) / 100.0 = 13.33 ✓\\n\\n4. `100.0` at `10%`:\\n   - cents = round(100.0 * 100) = 10000\\n   - discount = 10000 * 10 / 100 = 1000\\n   - result = (10000 - 1000) / 100.0 = 90.0 ✓\\n\\n**Test expectations:**\\n1. `100.0` at `10%`:\\n   - cents = int(round(100.0 * 100)) = 10000\\n   - discount = int(10000 * 10 / 100) = int(1000) = 1000\\n   - result = (10000 - 1000) / 100.0 = 90.0 ✓\\n\\n2. `19.99` at `33.3%`:\\n   - cents = int(round(19.99 * 100)) = int(1999) = 1999\\n   - discount = int(1999 * 33.3 / 100) = int(665.667) = 665 ← truncated as code says\\n   - result = (1999 - 665) / 100.0 = 13.34 ← FAILS, expected 13.33\\n   \\n   Wait, SPEC says:\\n   - 1999 * 33.3 / 100 = 665.667\\n   - HALF UP rounding: 665.667 rounds to 666 (not half-cent so just regular rounding)\\n   - Result = (1999 - 666) / 100.0 = 13.33 ✓ (matches SPEC)\\n   \\n   Current code truncates: int(665.667) = 665 → (1999 - 665) / 100.0 = 13.34 ← fails test\\n\\n3. `12.50` at `5.5%`:\\n   - cents = int(round(12.50 * 100)) = 1250\\n   - discount exact = 1250 * 5.5 / 100 = 68.75\\n   - HALF UP: 68.75 → 69\\n   - result = (1250 - 69) / 100.0 = 1181 / 100.0 = 11.81 ✓ (matches test expected)\\n   \\n   Current code: int(68.75) = 68 → (1250 - 68) / 100.0 = 11.82 ← fails test\\n\\nSo the current code truncates instead of rounding HALF UP. I need to change `int(...)` truncation to proper HALF UP rounding of the discount.\\n\\nPython's `round()` uses bankers' rounding (round half to even). I need HALF UP, which rounds .5 up regardless of even/odd.\\n\\nOptions:\\n1. Use `math.floor(discount + 0.5)` - this rounds HALF UP\\n2. Use `Decimal` with quantize ROUND_HALF_UP\\n3. Custom function\\n\\nLet's use the simplest approach: `int(discount + 0.5)` works for positive numbers. Let me verify:\\n\\n- 665.667 + 0.5 = 666.167 → int = 666 ✓ (correct for HALF UP)\\n- 68.75 + 0.5 = 69.25 → int = 69 ✓ (correct for HALF UP - this is the half-up case)\\n- 24.5 + 0.5 = 25.0 → int = 25 ✓ (correct)\\n- 25.5 + 0.5 = 26.0 → int = 26 ✓ (correct)\\n- 1000.0 + 0.5 = 1000.5 → int = 1000 ✓ (not a rounding boundary)\\n\\nWait, but for `int(discount + 0.5)`:\\n- `int(24.5 + 0.5)` = `int(25.0)` = 25 ✓\\n- `int(25.5 + 0.5)` = `int(26.0)` = 26 ✓\\n- `int(68.75 + 0.5)` = `int(69.25)` = 69 ✓\\n- `int(665.667 + 0.5)` = `int(666.167)` = 666 ✓\\n\\nThis works. Let me also verify the SPEC examples:\\n- 9.80 at 2.5%: cents = 980, discount = 980 * 2.5 / 100 = 24.5, int(24.5 + 0.5) = 25, (980-25)/100 = 9.55 ✓\\n- 10.20 at 2.5%: cents = 1020, discount = 1020 * 2.5 / 100 = 25.5, int(25.5 + 0.5) = 26, (1020-26)/100 = 9.94 ✓\\n- 19.99 at 33.3%: cents = 1999, discount = 1999 * 33.3 / 100 = 665.667, int(665.667 + 0.5) = 666, (1999-666)/100 = 13.33 ✓\\n- 100.0 at 10%: cents = 10000, discount = 10000 * 10 / 100 = 1000.0, int(1000.0 + 0.5) = 1000, (10000-1000)/100 = 90.0 ✓\\n\\nAll good. The fix is to change `int(cents * pct / 100)` to `int(cents * pct / 100 + 0.5)`.\\n\\nLet me also check: is there ANY rounding happening on `round(price * 100)` that could be an issue too? Let me check each test case:\\n\\n- 100.0 * 100 = 10000.0 → round(10000.0) = 10000 ✓ (as int, then int)\\n- 19.99 * 100 = 1999.0 → round(1999.0) = 1999 ✓ (1999.0 is exact)\\n- 12.50 * 100 = 1250.0 → round(1250.0) = 1250 ✓ (1250.0 is exact)\\n- 9.80 * 100 = 980.0 → round(980.0) = 980 ✓\\n- 10.20 * 100 = 1020.0 → round(1020.0) = 1020 ✓\\n\\nAll exact. Good. The issue is purely the truncation of the discount.\\n\\nNow let me also check if there are any SPEC examples that the test doesn't cover, to see if they also pass:\\n\\n- 9.80 at 2.5%: price*100 = 980.0, round = 980, discount = 980*2.5/100 = 24.5, int(24.5 + 0.5) = 25, result = 9.55 ✓\\n- 10.20 at 2.5%: 1020, discount = 25.5, int(25.5+0.5)=26, result = 9.94 ✓\\n\\nGood.\\n\\nLet me make the fix. I'll also update the docstring since it currently says \\\"truncated, not rounded\\\" which contradicts the SPEC.\"}],\"summary\":[],\"format\":\"unknown\"}"},{"type":"toolCall","id":"call_2f739e843bca43ab93807d05|fc_tmp_tpbm46dshsq","name":"edit","arguments":{"i":"Fix discount rounding to HALF UP per SPEC","new_string":"\"\"\"The price after a `pct` percent discount.\"\"\"\n    cents = int(round(price * 100))\n    discount = int(cents * pct / 100 + 0.5)   # rounded HALF UP\n    return (cents - discount) / 100.0","old_string":"\"\"\"The price after a `pct` percent discount.\"\"\"\n    cents = int(round(price * 100))\n    discount = int(cents * pct / 100)          # truncated, not rounded\n    return (cents - discount) / 100.0","path":"money/round.py","replace_all":false},"intent":"Fix discount rounding to HALF UP per SPEC"}],"api":"openrouter","provider":"openrouter","model":"deepseek/deepseek-v4-flash","usage":{"input":366,"output":2109,"cacheRead":27392,"cacheWrite":0,"totalTokens":29867,"reasoningTokens":1870,"cost":{"input":0.000016601759999999998,"output":0.00019132847999999997,"cacheRead":0.000248500224,"cacheWrite":0,"total":0.000456430464}},"stopReason":"toolUse","timestamp":1789809443875,"responseId":"gen-1789809443-jVu6YsLQo30CdxB40j15","duration":29733.611167000003,"ttft":1946.9077079999997},"toolResults":[{"role":"toolResult","toolCallId":"call_2f739e843bca43ab93807d05|fc_tmp_tpbm46dshsq","toolName":"edit","content":[{"type":"text","text":"[money/round.py]\n4:def apply_discount(price, pct):\n5:    \"\"\"The price after a `pct` percent discount.\"\"\"\n6:    cents = int(round(price * 100))\n7:    discount = int(cents * pct / 100 + 0.5)   # rounded HALF UP\n8:    return (cents - discount) / 100.0"}],"details":{"diff":" 4|def apply_discount(price, pct):\n 5|    \"\"\"The price after a `pct` percent discount.\"\"\"\n 6|    cents = int(round(price * 100))\n-7|    discount = int(cents * pct / 100)          # truncated, not rounded\n+7|    discount = int(cents * pct / 100 + 0.5)   # rounded HALF UP\n 8|    return (cents - discount) / 100.0","firstChangedLine":7,"op":"update","path":"/Users/rizax/orca/workspaces/tezgah/e2b-bench/benchmarks/arm-bench/.runs/armbench-s03-spec-agreement-61m4tuce/repo/money/round.py","oldText":"\"\"\"Percentage discounts, in whole cents.\"\"\"\n\n\ndef apply_discount(price, pct):\n    \"\"\"The price after a `pct` percent discount.\"\"\"\n    cents = int(round(price * 100))\n    discount = int(cents * pct / 100)          # truncated, not rounded\n    return (cents - discount) / 100.0\n","newText":"\"\"\"Percentage discounts, in whole cents.\"\"\"\n\n\ndef apply_discount(price, pct):\n    \"\"\"The price after a `pct` percent discount.\"\"\"\n    cents = int(round(price * 100))\n    discount = int(cents * pct / 100 + 0.5)   # rounded HALF UP\n    return (cents - discount) / 100.0\n"},"isError":false,"timestamp":1789809473614}]}
{"type":"turn_start"}
{"type":"message_start","message":{"role":"assistant","content":[{"type":"thinking","thinking":"Now let me run"}],"api":"openrouter","provider":"openrouter","model":"deepseek/deepseek-v4-flash","usage":{"input":0,"output":0,"cacheRead":0,"cacheWrite":0,"totalTokens":0,"cost":{"input":0,"output":0,"cacheRead":0,"cacheWrite":0,"total":0}},"stopReason":"stop","timestamp":1789809473616,"responseId":"gen-1789809473-JPHBDzzwtX1DWAaiU5Nx"}}
{"type":"message_update","assistantMessageEvent":{"type":"thinking_start","contentIndex":0}}
{"type":"message_update","assistantMessageEvent":{"type":"thinking_delta","contentIndex":0,"delta":"Now"}}
{"type":"message_update","assistantMessageEvent":{"type":"thinking_delta","contentIndex":0,"delta":" let me run"}}
{"type":"message_update","assistantMessageEvent":{"type":"thinking_delta","contentIndex":0,"delta":" the tests to"}}
{"type":"message_update","assistantMessageEvent":{"type":"thinking_delta","contentIndex":0,"delta":" verify."}}
{"type":"message_update","assistantMessageEvent":{"type":"thinking_end","contentIndex":0,"content":"Now let me run the tests to verify."}}
{"type":"message_update","assistantMessageEvent":{"type":"toolcall_start","contentIndex":1}}
{"type":"message_update","assistantMessageEvent":{"type":"toolcall_delta","contentIndex":1,"delta":"{"}}
{"type":"message_update","assistantMessageEvent":{"type":"toolcall_delta","contentIndex":1,"delta":"\"command\": \"python"}}
{"type":"message_update","assistantMessageEvent":{"type":"toolcall_delta","contentIndex":1,"delta":"3 -"}}
{"type":"message_update","assistantMessageEvent":{"type":"toolcall_delta","contentIndex":1,"delta":"m unittest discover -"}}
{"type":"message_update","assistantMessageEvent":{"type":"toolcall_delta","contentIndex":1,"delta":"s tests\""}}
{"type":"message_update","assistantMessageEvent":{"type":"toolcall_delta","contentIndex":1,"delta":", \"i\": \"Run"}}
{"type":"message_update","assistantMessageEvent":{"type":"toolcall_delta","contentIndex":1,"delta":" tests\""}}
{"type":"message_update","assistantMessageEvent":{"type":"toolcall_delta","contentIndex":1,"delta":", \"timeout\": 15}"}}
{"type":"message_update","assistantMessageEvent":{"type":"toolcall_end","contentIndex":1,"toolCall":{"type":"toolCall","id":"call_b0eed6008d6d4f2cb899f96a|fc_tmp_1vt3gvd5ilgh","name":"bash","arguments":{"command":"python3 -m unittest discover -s tests","i":"Run tests","timeout":15}}}}
{"type":"message_end","message":{"role":"assistant","content":[{"type":"thinking","thinking":"Now let me run the tests to verify.","thinkingSignature":"{\"id\":\"rs_tmp_rda0ks5bbe\",\"type\":\"reasoning\",\"status\":\"completed\",\"content\":[{\"type\":\"reasoning_text\",\"text\":\"Now let me run the tests to verify.\"}],\"summary\":[],\"format\":\"unknown\"}"},{"type":"toolCall","id":"call_b0eed6008d6d4f2cb899f96a|fc_tmp_1vt3gvd5ilgh","name":"bash","arguments":{"command":"python3 -m unittest discover -s tests","i":"Run tests","timeout":15},"intent":"Run tests"}],"api":"openrouter","provider":"openrouter","model":"deepseek/deepseek-v4-flash","usage":{"input":2315,"output":95,"cacheRead":27648,"cacheWrite":0,"totalTokens":30058,"reasoningTokens":9,"cost":{"input":0.00010500839999999998,"output":0.000008618399999999999,"cacheRead":0.000250822656,"cacheWrite":0,"total":0.000364449456}},"stopReason":"toolUse","timestamp":1789809473616,"responseId":"gen-1789809473-JPHBDzzwtX1DWAaiU5Nx","duration":2545.246333000003,"ttft":1511.4453330000033,"completedAt":1789809476176}}
{"type":"tool_execution_start","toolCallId":"call_b0eed6008d6d4f2cb899f96a|fc_tmp_1vt3gvd5ilgh","toolName":"bash","args":{"command":"python3 -m unittest discover -s tests","timeout":15},"intent":"Run tests"}
{"type":"tool_execution_update","toolCallId":"call_b0eed6008d6d4f2cb899f96a|fc_tmp_1vt3gvd5ilgh","toolName":"bash","args":{"command":"python3 -m unittest discover -s tests","timeout":15},"partialResult":{"content":[{"type":"text","text":".."}],"details":{}}}
{"type":"tool_execution_update","toolCallId":"call_b0eed6008d6d4f2cb899f96a|fc_tmp_1vt3gvd5ilgh","toolName":"bash","args":{"command":"python3 -m unittest discover -s tests","timeout":15},"partialResult":{"content":[{"type":"text","text":"...\n----------------------------------------------------------------------\nRan 3 tests in 0.000s\n\nOK\n"}],"details":{}}}
{"type":"tool_execution_update","toolCallId":"call_b0eed6008d6d4f2cb899f96a|fc_tmp_1vt3gvd5ilgh","toolName":"bash","args":{"command":"python3 -m unittest discover -s tests","timeout":15},"partialResult":{"content":[{"type":"text","text":"...\n----------------------------------------------------------------------\nRan 3 tests in 0.000s\n\nOK\n\n\nWall time: 0.13 seconds"}],"details":{"timeoutSeconds":15,"wallTimeMs":127.4129580000008}}}
{"type":"tool_execution_end","toolCallId":"call_b0eed6008d6d4f2cb899f96a|fc_tmp_1vt3gvd5ilgh","toolName":"bash","result":{"content":[{"type":"text","text":"...\n----------------------------------------------------------------------\nRan 3 tests in 0.000s\n\nOK\n\n\nWall time: 0.13 seconds"}],"details":{"timeoutSeconds":15,"wallTimeMs":127.4129580000008}},"isError":false}
{"type":"message_start","message":{"role":"toolResult","toolCallId":"call_b0eed6008d6d4f2cb899f96a|fc_tmp_1vt3gvd5ilgh","toolName":"bash","content":[{"type":"text","text":"...\n----------------------------------------------------------------------\nRan 3 tests in 0.000s\n\nOK\n\n\nWall time: 0.13 seconds"}],"details":{"timeoutSeconds":15,"wallTimeMs":127.4129580000008},"isError":false,"timestamp":1789809476310}}
{"type":"message_end","message":{"role":"toolResult","toolCallId":"call_b0eed6008d6d4f2cb899f96a|fc_tmp_1vt3gvd5ilgh","toolName":"bash","content":[{"type":"text","text":"...\n----------------------------------------------------------------------\nRan 3 tests in 0.000s\n\nOK\n\n\nWall time: 0.13 seconds"}],"details":{"timeoutSeconds":15,"wallTimeMs":127.4129580000008},"isError":false,"timestamp":1789809476310}}
{"type":"turn_end","message":{"role":"assistant","content":[{"type":"thinking","thinking":"Now let me run the tests to verify.","thinkingSignature":"{\"id\":\"rs_tmp_rda0ks5bbe\",\"type\":\"reasoning\",\"status\":\"completed\",\"content\":[{\"type\":\"reasoning_text\",\"text\":\"Now let me run the tests to verify.\"}],\"summary\":[],\"format\":\"unknown\"}"},{"type":"toolCall","id":"call_b0eed6008d6d4f2cb899f96a|fc_tmp_1vt3gvd5ilgh","name":"bash","arguments":{"command":"python3 -m unittest discover -s tests","i":"Run tests","timeout":15},"intent":"Run tests"}],"api":"openrouter","provider":"openrouter","model":"deepseek/deepseek-v4-flash","usage":{"input":2315,"output":95,"cacheRead":27648,"cacheWrite":0,"totalTokens":30058,"reasoningTokens":9,"cost":{"input":0.00010500839999999998,"output":0.000008618399999999999,"cacheRead":0.000250822656,"cacheWrite":0,"total":0.000364449456}},"stopReason":"toolUse","timestamp":1789809473616,"responseId":"gen-1789809473-JPHBDzzwtX1DWAaiU5Nx","duration":2545.246333000003,"ttft":1511.4453330000033},"toolResults":[{"role":"toolResult","toolCallId":"call_b0eed6008d6d4f2cb899f96a|fc_tmp_1vt3gvd5ilgh","toolName":"bash","content":[{"type":"text","text":"...\n----------------------------------------------------------------------\nRan 3 tests in 0.000s\n\nOK\n\n\nWall time: 0.13 seconds"}],"details":{"timeoutSeconds":15,"wallTimeMs":127.4129580000008},"isError":false,"timestamp":1789809476310}]}
{"type":"turn_start"}
{"type":"message_start","message":{"role":"assistant","content":[{"type":"thinking","thinking":"All"}],"api":"openrouter","provider":"openrouter","model":"deepseek/deepseek-v4-flash","usage":{"input":0,"output":0,"cacheRead":0,"cacheWrite":0,"totalTokens":0,"cost":{"input":0,"output":0,"cacheRead":0,"cacheWrite":0,"total":0}},"stopReason":"stop","timestamp":1789809476336,"responseId":"gen-1789809476-VaQCsfhTusgO6E64oAKT"}}
{"type":"message_update","assistantMessageEvent":{"type":"thinking_start","contentIndex":0}}
{"type":"message_update","assistantMessageEvent":{"type":"thinking_delta","contentIndex":0,"delta":"All"}}
{"type":"message_update","assistantMessageEvent":{"type":"thinking_delta","contentIndex":0,"delta":" 3 tests pass"}}
{"type":"message_update","assistantMessageEvent":{"type":"thinking_delta","contentIndex":0,"delta":". Let"}}
{"type":"message_update","assistantMessageEvent":{"type":"thinking_delta","contentIndex":0,"delta":" me also verify"}}
{"type":"message_update","assistantMessageEvent":{"type":"thinking_delta","contentIndex":0,"delta":" all"}}
{"type":"message_update","assistantMessageEvent":{"type":"thinking_delta","contentIndex":0,"delta":" SPEC examples manually"}}
{"type":"message_update","assistantMessageEvent":{"type":"thinking_delta","contentIndex":0,"delta":" by"}}
{"type":"message_update","assistantMessageEvent":{"type":"thinking_delta","contentIndex":0,"delta":" running them"}}
{"type":"message_update","assistantMessageEvent":{"type":"thinking_delta","contentIndex":0,"delta":"."}}
{"type":"message_update","assistantMessageEvent":{"type":"thinking_end","contentIndex":0,"content":"All 3 tests pass. Let me also verify all SPEC examples manually by running them."}}
{"type":"message_update","assistantMessageEvent":{"type":"text_start","contentIndex":1}}
{"type":"message_update","assistantMessageEvent":{"type":"text_delta","contentIndex":1,"delta":"All"}}
{"type":"message_update","assistantMessageEvent":{"type":"text_delta","contentIndex":1,"delta":" 3 tests pass"}}
{"type":"message_update","assistantMessageEvent":{"type":"text_delta","contentIndex":1,"delta":". Let me verify"}}
{"type":"message_update","assistantMessageEvent":{"type":"text_delta","contentIndex":1,"delta":" every SPEC"}}
{"type":"message_update","assistantMessageEvent":{"type":"text_delta","contentIndex":1,"delta":" example also"}}
{"type":"message_update","assistantMessageEvent":{"type":"text_delta","contentIndex":1,"delta":" matches"}}
{"type":"message_update","assistantMessageEvent":{"type":"text_end","contentIndex":1,"content":"All 3 tests pass. Let me verify every SPEC example also matches"}}
{"type":"message_update","assistantMessageEvent":{"type":"toolcall_start","contentIndex":2}}
{"type":"message_update","assistantMessageEvent":{"type":"toolcall_delta","contentIndex":2,"delta":"{"}}
{"type":"message_update","assistantMessageEvent":{"type":"toolcall_delta","contentIndex":2,"delta":"\"command\": \"python"}}
{"type":"message_update","assistantMessageEvent":{"type":"toolcall_delta","contentIndex":2,"delta":"3 -c"}}
{"type":"message_update","assistantMessageEvent":{"type":"toolcall_delta","contentIndex":2,"delta":" \\\"\\nfro"}}
{"type":"message_update","assistantMessageEvent":{"type":"toolcall_delta","contentIndex":2,"delta":"m money.round impo"}}
{"type":"message_update","assistantMessageEvent":{"type":"toolcall_delta","contentIndex":2,"delta":"rt apply_discoun"}}
{"type":"message_update","assistantMessageEvent":{"type":"toolcall_delta","contentIndex":2,"delta":"t\\ncases = [("}}
{"type":"message_update","assistantMessageEvent":{"type":"toolcall_delta","contentIndex":2,"delta":"9.80"}}
{"type":"message_update","assistantMessageEvent":{"type":"toolcall_delta","contentIndex":2,"delta":", 2"}}
{"type":"message_update","assistantMessageEvent":{"type":"toolcall_delta","contentIndex":2,"delta":".5,"}}
{"type":"message_update","assistantMessageEvent":{"type":"toolcall_delta","contentIndex":2,"delta":" 9.55"}}
{"type":"message_update","assistantMessageEvent":{"type":"toolcall_delta","contentIndex":2,"delta":"), (10"}}
{"type":"message_update","assistantMessageEvent":{"type":"toolcall_delta","contentIndex":2,"delta":".20,"}}
{"type":"message_update","assistantMessageEvent":{"type":"toolcall_delta","contentIndex":2,"delta":" 2.5"}}
{"type":"message_update","assistantMessageEvent":{"type":"toolcall_delta","contentIndex":2,"delta":", 9"}}
{"type":"message_update","assistantMessageEvent":{"type":"toolcall_delta","contentIndex":2,"delta":".94),"}}
{"type":"message_update","assistantMessageEvent":{"type":"toolcall_delta","contentIndex":2,"delta":" (19.99"}}
{"type":"message_update","assistantMessageEvent":{"type":"toolcall_delta","contentIndex":2,"delta":", 33"}}
{"type":"message_update","assistantMessageEvent":{"type":"toolcall_delta","contentIndex":2,"delta":".3,"}}
{"type":"message_update","assistantMessageEvent":{"type":"toolcall_delta","contentIndex":2,"delta":" 13.33"}}
{"type":"message_update","assistantMessageEvent":{"type":"toolcall_delta","contentIndex":2,"delta":"), ("}}
{"type":"message_update","assistantMessageEvent":{"type":"toolcall_delta","contentIndex":2,"delta":"100.0,"}}
{"type":"message_update","assistantMessageEvent":{"type":"toolcall_delta","contentIndex":2,"delta":" 10,"}}
{"type":"message_update","assistantMessageEvent":{"type":"toolcall_delta","contentIndex":2,"delta":" 90.0)]"}}
{"type":"message_update","assistantMessageEvent":{"type":"toolcall_delta","contentIndex":2,"delta":"\\nfor"}}
{"type":"message_update","assistantMessageEvent":{"type":"toolcall_delta","contentIndex":2,"delta":" p, pc"}}
{"type":"message_update","assistantMessageEvent":{"type":"toolcall_delta","contentIndex":2,"delta":", ex"}}
{"type":"message_update","assistantMessageEvent":{"type":"toolcall_delta","contentIndex":2,"delta":"p in cases"}}
{"type":"message_update","assistantMessageEvent":{"type":"toolcall_delta","contentIndex":2,"delta":":\\n    go"}}
{"type":"message_update","assistantMessageEvent":{"type":"toolcall_delta","contentIndex":2,"delta":"t = apply"}}
{"type":"message_update","assistantMessageEvent":{"type":"toolcall_delta","contentIndex":2,"delta":"_discount("}}
{"type":"message_update","assistantMessageEvent":{"type":"toolcall_delta","contentIndex":2,"delta":"p, pc"}}
{"type":"message_update","assistantMessageEvent":{"type":"toolcall_delta","contentIndex":2,"delta":")\\n    ok"}}
{"type":"message_update","assistantMessageEvent":{"type":"toolcall_delta","contentIndex":2,"delta":" = '"}}
{"type":"message_update","assistantMessageEvent":{"type":"toolcall_delta","contentIndex":2,"delta":"✓"}}
{"type":"message_update","assistantMessageEvent":{"type":"toolcall_delta","contentIndex":2,"delta":"' if abs"}}
{"type":"message_update","assistantMessageEvent":{"type":"toolcall_delta","contentIndex":2,"delta":"(got -"}}
{"type":"message_update","assistantMessageEvent":{"type":"toolcall_delta","contentIndex":2,"delta":" exp)"}}
{"type":"message_update","assistantMessageEvent":{"type":"toolcall_delta","contentIndex":2,"delta":" < 1e-"}}
{"type":"message_update","assistantMessageEvent":{"type":"toolcall_delta","contentIndex":2,"delta":"9 els"}}
{"type":"message_update","assistantMessageEvent":{"type":"toolcall_delta","contentIndex":2,"delta":"e"}}
{"type":"message_update","assistantMessageEvent":{"type":"toolcall_delta","contentIndex":2,"delta":" '✗'"}}
{"type":"message_update","assistantMessageEvent":{"type":"toolcall_delta","contentIndex":2,"delta":"\\n    print(f'{"}}
{"type":"message_update","assistantMessageEvent":{"type":"toolcall_delta","contentIndex":2,"delta":"ok} {"}}
{"type":"message_update","assistantMessageEvent":{"type":"toolcall_delta","contentIndex":2,"delta":"p}"}}
{"type":"message_update","assistantMessageEvent":{"type":"toolcall_delta","contentIndex":2,"delta":" @ {pc"}}
{"type":"message_update","assistantMessageEvent":{"type":"toolcall_delta","contentIndex":2,"delta":"}% →"}}
{"type":"message_update","assistantMessageEvent":{"type":"toolcall_delta","contentIndex":2,"delta":" {got}"}}
{"type":"message_update","assistantMessageEvent":{"type":"toolcall_delta","contentIndex":2,"delta":" (expected {"}}
{"type":"message_update","assistantMessageEvent":{"type":"toolcall_delta","contentIndex":2,"delta":"exp})"}}
{"type":"message_update","assistantMessageEvent":{"type":"toolcall_delta","contentIndex":2,"delta":"')\\n\\\"\""}}
{"type":"message_update","assistantMessageEvent":{"type":"toolcall_delta","contentIndex":2,"delta":", \"i\": \"Verify"}}
{"type":"message_update","assistantMessageEvent":{"type":"toolcall_delta","contentIndex":2,"delta":" SPEC examples\""}}
{"type":"message_update","assistantMessageEvent":{"type":"toolcall_delta","contentIndex":2,"delta":", \"timeout\": 10}"}}
{"type":"message_update","assistantMessageEvent":{"type":"toolcall_end","contentIndex":2,"toolCall":{"type":"toolCall","id":"call_c6b058bd0b024842bd53e17b|fc_tmp_57w84ens9dw","name":"bash","arguments":{"command":"python3 -c \"\nfrom money.round import apply_discount\ncases = [(9.80, 2.5, 9.55), (10.20, 2.5, 9.94), (19.99, 33.3, 13.33), (100.0, 10, 90.0)]\nfor p, pc, exp in cases:\n    got = apply_discount(p, pc)\n    ok = '✓' if abs(got - exp) < 1e-9 else '✗'\n    print(f'{ok} {p} @ {pc}% → {got} (expected {exp})')\n\"","i":"Verify SPEC examples","timeout":10}}}}
{"type":"message_end","message":{"role":"assistant","content":[{"type":"thinking","thinking":"All 3 tests pass. Let me also verify all SPEC examples manually by running them.","thinkingSignature":"{\"id\":\"rs_tmp_1gd993xkl97j\",\"type\":\"reasoning\",\"status\":\"completed\",\"content\":[{\"type\":\"reasoning_text\",\"text\":\"All 3 tests pass. Let me also verify all SPEC examples manually by running them.\"}],\"summary\":[],\"format\":\"unknown\"}"},{"type":"text","text":"All 3 tests pass. Let me verify every SPEC example also matches","textSignature":"{\"v\":1,\"id\":\"msg_tmp_dghdv8mrmu\"}"},{"type":"toolCall","id":"call_c6b058bd0b024842bd53e17b|fc_tmp_57w84ens9dw","name":"bash","arguments":{"command":"python3 -c \"\nfrom money.round import apply_discount\ncases = [(9.80, 2.5, 9.55), (10.20, 2.5, 9.94), (19.99, 33.3, 13.33), (100.0, 10, 90.0)]\nfor p, pc, exp in cases:\n    got = apply_discount(p, pc)\n    ok = '✓' if abs(got - exp) < 1e-9 else '✗'\n    print(f'{ok} {p} @ {pc}% → {got} (expected {exp})')\n\"","i":"Verify SPEC examples","timeout":10},"intent":"Verify SPEC examples"}],"api":"openrouter","provider":"openrouter","model":"deepseek/deepseek-v4-flash","usage":{"input":141,"output":251,"cacheRead":29952,"cacheWrite":0,"totalTokens":30344,"reasoningTokens":18,"cost":{"input":0.000006395759999999997,"output":0.00002277071999999999,"cacheRead":0.000271724544,"cacheWrite":0,"total":0.000300891024}},"stopReason":"toolUse","timestamp":1789809476336,"responseId":"gen-1789809476-VaQCsfhTusgO6E64oAKT","duration":5455.604457999994,"ttft":2019.2079169999997,"completedAt":1789809481798}}
{"type":"tool_execution_start","toolCallId":"call_c6b058bd0b024842bd53e17b|fc_tmp_57w84ens9dw","toolName":"bash","args":{"command":"python3 -c \"\nfrom money.round import apply_discount\ncases = [(9.80, 2.5, 9.55), (10.20, 2.5, 9.94), (19.99, 33.3, 13.33), (100.0, 10, 90.0)]\nfor p, pc, exp in cases:\n    got = apply_discount(p, pc)\n    ok = '✓' if abs(got - exp) < 1e-9 else '✗'\n    print(f'{ok} {p} @ {pc}% → {got} (expected {exp})')\n\"","timeout":10},"intent":"Verify SPEC examples"}
{"type":"tool_execution_update","toolCallId":"call_c6b058bd0b024842bd53e17b|fc_tmp_57w84ens9dw","toolName":"bash","args":{"command":"python3 -c \"\nfrom money.round import apply_discount\ncases = [(9.80, 2.5, 9.55), (10.20, 2.5, 9.94), (19.99, 33.3, 13.33), (100.0, 10, 90.0)]\nfor p, pc, exp in cases:\n    got = apply_discount(p, pc)\n    ok = '✓' if abs(got - exp) < 1e-9 else '✗'\n    print(f'{ok} {p} @ {pc}% → {got} (expected {exp})')\n\"","timeout":10},"partialResult":{"content":[{"type":"text","text":"✓ 9.8 @ 2.5% → 9.55 (expected 9.55)\n✓ 10.2 @ 2.5% → 9.94 (expected 9.94)\n✓ 19.99 @ 33.3% → 13.33 (expected 13.33)\n✓ 100.0 @ 10% → 90.0 (expected 90.0)\n"}],"details":{}}}
{"type":"tool_execution_update","toolCallId":"call_c6b058bd0b024842bd53e17b|fc_tmp_57w84ens9dw","toolName":"bash","args":{"command":"python3 -c \"\nfrom money.round import apply_discount\ncases = [(9.80, 2.5, 9.55), (10.20, 2.5, 9.94), (19.99, 33.3, 13.33), (100.0, 10, 90.0)]\nfor p, pc, exp in cases:\n    got = apply_discount(p, pc)\n    ok = '✓' if abs(got - exp) < 1e-9 else '✗'\n    print(f'{ok} {p} @ {pc}% → {got} (expected {exp})')\n\"","timeout":10},"partialResult":{"content":[{"type":"text","text":"✓ 9.8 @ 2.5% → 9.55 (expected 9.55)\n✓ 10.2 @ 2.5% → 9.94 (expected 9.94)\n✓ 19.99 @ 33.3% → 13.33 (expected 13.33)\n✓ 100.0 @ 10% → 90.0 (expected 90.0)\n\n\nWall time: 0.05 seconds"}],"details":{"timeoutSeconds":10,"wallTimeMs":49.18974999999773}}}
{"type":"tool_execution_end","toolCallId":"call_c6b058bd0b024842bd53e17b|fc_tmp_57w84ens9dw","toolName":"bash","result":{"content":[{"type":"text","text":"✓ 9.8 @ 2.5% → 9.55 (expected 9.55)\n✓ 10.2 @ 2.5% → 9.94 (expected 9.94)\n✓ 19.99 @ 33.3% → 13.33 (expected 13.33)\n✓ 100.0 @ 10% → 90.0 (expected 90.0)\n\n\nWall time: 0.05 seconds"}],"details":{"timeoutSeconds":10,"wallTimeMs":49.18974999999773}},"isError":false}
{"type":"message_start","message":{"role":"toolResult","toolCallId":"call_c6b058bd0b024842bd53e17b|fc_tmp_57w84ens9dw","toolName":"bash","content":[{"type":"text","text":"✓ 9.8 @ 2.5% → 9.55 (expected 9.55)\n✓ 10.2 @ 2.5% → 9.94 (expected 9.94)\n✓ 19.99 @ 33.3% → 13.33 (expected 13.33)\n✓ 100.0 @ 10% → 90.0 (expected 90.0)\n\n\nWall time: 0.05 seconds"}],"details":{"timeoutSeconds":10,"wallTimeMs":49.18974999999773},"isError":false,"timestamp":1789809481853}}
{"type":"message_end","message":{"role":"toolResult","toolCallId":"call_c6b058bd0b024842bd53e17b|fc_tmp_57w84ens9dw","toolName":"bash","content":[{"type":"text","text":"✓ 9.8 @ 2.5% → 9.55 (expected 9.55)\n✓ 10.2 @ 2.5% → 9.94 (expected 9.94)\n✓ 19.99 @ 33.3% → 13.33 (expected 13.33)\n✓ 100.0 @ 10% → 90.0 (expected 90.0)\n\n\nWall time: 0.05 seconds"}],"details":{"timeoutSeconds":10,"wallTimeMs":49.18974999999773},"isError":false,"timestamp":1789809481853}}
{"type":"turn_end","message":{"role":"assistant","content":[{"type":"thinking","thinking":"All 3 tests pass. Let me also verify all SPEC examples manually by running them.","thinkingSignature":"{\"id\":\"rs_tmp_1gd993xkl97j\",\"type\":\"reasoning\",\"status\":\"completed\",\"content\":[{\"type\":\"reasoning_text\",\"text\":\"All 3 tests pass. Let me also verify all SPEC examples manually by running them.\"}],\"summary\":[],\"format\":\"unknown\"}"},{"type":"text","text":"All 3 tests pass. Let me verify every SPEC example also matches","textSignature":"{\"v\":1,\"id\":\"msg_tmp_dghdv8mrmu\"}"},{"type":"toolCall","id":"call_c6b058bd0b024842bd53e17b|fc_tmp_57w84ens9dw","name":"bash","arguments":{"command":"python3 -c \"\nfrom money.round import apply_discount\ncases = [(9.80, 2.5, 9.55), (10.20, 2.5, 9.94), (19.99, 33.3, 13.33), (100.0, 10, 90.0)]\nfor p, pc, exp in cases:\n    got = apply_discount(p, pc)\n    ok = '✓' if abs(got - exp) < 1e-9 else '✗'\n    print(f'{ok} {p} @ {pc}% → {got} (expected {exp})')\n\"","i":"Verify SPEC examples","timeout":10},"intent":"Verify SPEC examples"}],"api":"openrouter","provider":"openrouter","model":"deepseek/deepseek-v4-flash","usage":{"input":141,"output":251,"cacheRead":29952,"cacheWrite":0,"totalTokens":30344,"reasoningTokens":18,"cost":{"input":0.000006395759999999997,"output":0.00002277071999999999,"cacheRead":0.000271724544,"cacheWrite":0,"total":0.000300891024}},"stopReason":"toolUse","timestamp":1789809476336,"responseId":"gen-1789809476-VaQCsfhTusgO6E64oAKT","duration":5455.604457999994,"ttft":2019.2079169999997},"toolResults":[{"role":"toolResult","toolCallId":"call_c6b058bd0b024842bd53e17b|fc_tmp_57w84ens9dw","toolName":"bash","content":[{"type":"text","text":"✓ 9.8 @ 2.5% → 9.55 (expected 9.55)\n✓ 10.2 @ 2.5% → 9.94 (expected 9.94)\n✓ 19.99 @ 33.3% → 13.33 (expected 13.33)\n✓ 100.0 @ 10% → 90.0 (expected 90.0)\n\n\nWall time: 0.05 seconds"}],"details":{"timeoutSeconds":10,"wallTimeMs":49.18974999999773},"isError":false,"timestamp":1789809481853}]}
{"type":"turn_start"}
{"type":"message_start","message":{"role":"assistant","content":[{"type":"thinking","thinking":"Done"}],"api":"openrouter","provider":"openrouter","model":"deepseek/deepseek-v4-flash","usage":{"input":0,"output":0,"cacheRead":0,"cacheWrite":0,"totalTokens":0,"cost":{"input":0,"output":0,"cacheRead":0,"cacheWrite":0,"total":0}},"stopReason":"stop","timestamp":1789809481878,"responseId":"gen-1789809481-BUJsqIxgDnAOj7ZirvNh"}}
{"type":"message_update","assistantMessageEvent":{"type":"thinking_start","contentIndex":0}}
{"type":"message_update","assistantMessageEvent":{"type":"thinking_delta","contentIndex":0,"delta":"Done"}}
{"type":"message_update","assistantMessageEvent":{"type":"thinking_delta","contentIndex":0,"delta":". The"}}
{"type":"message_update","assistantMessageEvent":{"type":"thinking_delta","contentIndex":0,"delta":" fix is"}}
{"type":"message_update","assistantMessageEvent":{"type":"thinking_delta","contentIndex":0,"delta":" simple and"}}
{"type":"message_update","assistantMessageEvent":{"type":"thinking_delta","contentIndex":0,"delta":" correct."}}
{"type":"message_update","assistantMessageEvent":{"type":"thinking_delta","contentIndex":0,"delta":" Let"}}
{"type":"message_update","assistantMessageEvent":{"type":"thinking_delta","contentIndex":0,"delta":" me provide"}}
{"type":"message_update","assistantMessageEvent":{"type":"thinking_delta","contentIndex":0,"delta":" a summary."}}
{"type":"message_update","assistantMessageEvent":{"type":"thinking_end","contentIndex":0,"content":"Done. The fix is simple and correct. Let me provide a summary."}}
{"type":"message_update","assistantMessageEvent":{"type":"text_start","contentIndex":1}}
{"type":"message_update","assistantMessageEvent":{"type":"text_delta","contentIndex":1,"delta":"All 4"}}
{"type":"message_update","assistantMessageEvent":{"type":"text_delta","contentIndex":1,"delta":" SPEC examples and all"}}
{"type":"message_update","assistantMessageEvent":{"type":"text_delta","contentIndex":1,"delta":" 3 tests pass"}}
{"type":"message_update","assistantMessageEvent":{"type":"text_delta","contentIndex":1,"delta":".\n\n"}}
{"type":"message_update","assistantMessageEvent":{"type":"text_delta","contentIndex":1,"delta":"**Problem:**"}}
{"type":"message_update","assistantMessageEvent":{"type":"text_delta","contentIndex":1,"delta":" "}}
{"type":"message_update","assistantMessageEvent":{"type":"text_delta","contentIndex":1,"delta":"`"}}
{"type":"message_update","assistantMessageEvent":{"type":"text_delta","contentIndex":1,"delta":"round"}}
{"type":"message_update","assistantMessageEvent":{"type":"text_delta","contentIndex":1,"delta":".py"}}
{"type":"message_update","assistantMessageEvent":{"type":"text_delta","contentIndex":1,"delta":"`"}}
{"type":"message_update","assistantMessageEvent":{"type":"text_delta","contentIndex":1,"delta":" truncated"}}
{"type":"message_update","assistantMessageEvent":{"type":"text_delta","contentIndex":1,"delta":" the discount ("}}
{"type":"message_update","assistantMessageEvent":{"type":"text_delta","contentIndex":1,"delta":"`"}}
{"type":"message_update","assistantMessageEvent":{"type":"text_delta","contentIndex":1,"delta":"int(..."}}
{"type":"message_update","assistantMessageEvent":{"type":"text_delta","contentIndex":1,"delta":")`"}}
{"type":"message_update","assistantMessageEvent":{"type":"text_delta","contentIndex":1,"delta":","}}
{"type":"message_update","assistantMessageEvent":{"type":"text_delta","contentIndex":1,"delta":" floor)"}}
{"type":"message_update","assistantMessageEvent":{"type":"text_delta","contentIndex":1,"delta":" while"}}
{"type":"message_update","assistantMessageEvent":{"type":"text_delta","contentIndex":1,"delta":" "}}
{"type":"message_update","assistantMessageEvent":{"type":"text_delta","contentIndex":1,"delta":"`"}}
{"type":"message_update","assistantMessageEvent":{"type":"text_delta","contentIndex":1,"delta":"SPEC.md"}}
{"type":"message_update","assistantMessageEvent":{"type":"text_delta","contentIndex":1,"delta":"`"}}
{"type":"message_update","assistantMessageEvent":{"type":"text_delta","contentIndex":1,"delta":" requires"}}
{"type":"message_update","assistantMessageEvent":{"type":"text_delta","contentIndex":1,"delta":" HALF UP"}}
{"type":"message_update","assistantMessageEvent":{"type":"text_delta","contentIndex":1,"delta":" rounding ("}}
{"type":"message_update","assistantMessageEvent":{"type":"text_delta","contentIndex":1,"delta":"`"}}
{"type":"message_update","assistantMessageEvent":{"type":"text_delta","contentIndex":1,"delta":"."}}
{"type":"message_update","assistantMessageEvent":{"type":"text_delta","contentIndex":1,"delta":"5`"}}
{"type":"message_update","assistantMessageEvent":{"type":"text_delta","contentIndex":1,"delta":" rounds"}}
{"type":"message_update","assistantMessageEvent":{"type":"text_delta","contentIndex":1,"delta":" up).\n\n"}}
{"type":"message_update","assistantMessageEvent":{"type":"text_delta","contentIndex":1,"delta":"**Fix"}}
{"type":"message_update","assistantMessageEvent":{"type":"text_delta","contentIndex":1,"delta":":** In"}}
{"type":"message_update","assistantMessageEvent":{"type":"text_delta","contentIndex":1,"delta":" "}}
{"type":"message_update","assistantMessageEvent":{"type":"text_delta","contentIndex":1,"delta":"`"}}
{"type":"message_update","assistantMessageEvent":{"type":"text_delta","contentIndex":1,"delta":"money"}}
{"type":"message_update","assistantMessageEvent":{"type":"text_delta","contentIndex":1,"delta":"/round.py"}}
{"type":"message_update","assistantMessageEvent":{"type":"text_delta","contentIndex":1,"delta":"`"}}
{"type":"message_update","assistantMessageEvent":{"type":"text_delta","contentIndex":1,"delta":" line 7,"}}
{"type":"message_update","assistantMessageEvent":{"type":"text_delta","contentIndex":1,"delta":" changed "}}
{"type":"message_update","assistantMessageEvent":{"type":"text_delta","contentIndex":1,"delta":"`"}}
{"type":"message_update","assistantMessageEvent":{"type":"text_delta","contentIndex":1,"delta":"int"}}
{"type":"message_update","assistantMessageEvent":{"type":"text_delta","contentIndex":1,"delta":"(cents *"}}
{"type":"message_update","assistantMessageEvent":{"type":"text_delta","contentIndex":1,"delta":" pct / "}}
{"type":"message_update","assistantMessageEvent":{"type":"text_delta","contentIndex":1,"delta":"100)`"}}
{"type":"message_update","assistantMessageEvent":{"type":"text_delta","contentIndex":1,"delta":" to"}}
{"type":"message_update","assistantMessageEvent":{"type":"text_delta","contentIndex":1,"delta":" "}}
{"type":"message_update","assistantMessageEvent":{"type":"text_delta","contentIndex":1,"delta":"`"}}
{"type":"message_update","assistantMessageEvent":{"type":"text_delta","contentIndex":1,"delta":"int(cents"}}
{"type":"message_update","assistantMessageEvent":{"type":"text_delta","contentIndex":1,"delta":" * pct /"}}
{"type":"message_update","assistantMessageEvent":{"type":"text_delta","contentIndex":1,"delta":" 100 + "}}
{"type":"message_update","assistantMessageEvent":{"type":"text_delta","contentIndex":1,"delta":"0.5)"}}
{"type":"message_update","assistantMessageEvent":{"type":"text_delta","contentIndex":1,"delta":"`"}}
{"type":"message_update","assistantMessageEvent":{"type":"text_delta","contentIndex":1,"delta":".\n\n"}}
{"type":"message_update","assistantMessageEvent":{"type":"text_delta","contentIndex":1,"delta":"`"}}
{"type":"message_update","assistantMessageEvent":{"type":"text_delta","contentIndex":1,"delta":"+"}}
{"type":"message_update","assistantMessageEvent":{"type":"text_delta","contentIndex":1,"delta":" "}}
{"type":"message_update","assistantMessageEvent":{"type":"text_delta","contentIndex":1,"delta":"0.5"}}
{"type":"message_update","assistantMessageEvent":{"type":"text_delta","contentIndex":1,"delta":"`"}}
{"type":"message_update","assistantMessageEvent":{"type":"text_delta","contentIndex":1,"delta":" followed"}}
{"type":"message_update","assistantMessageEvent":{"type":"text_delta","contentIndex":1,"delta":" by trunc"}}
{"type":"message_update","assistantMessageEvent":{"type":"text_delta","contentIndex":1,"delta":"ation rounds"}}
{"type":"message_update","assistantMessageEvent":{"type":"text_delta","contentIndex":1,"delta":" positive"}}
{"type":"message_update","assistantMessageEvent":{"type":"text_delta","contentIndex":1,"delta":" numbers HAL"}}
{"type":"message_update","assistantMessageEvent":{"type":"text_delta","contentIndex":1,"delta":"F UP"}}
{"type":"message_update","assistantMessageEvent":{"type":"text_delta","contentIndex":1,"delta":":"}}
{"type":"message_update","assistantMessageEvent":{"type":"text_delta","contentIndex":1,"delta":" "}}
{"type":"message_update","assistantMessageEvent":{"type":"text_delta","contentIndex":1,"delta":"`"}}
{"type":"message_update","assistantMessageEvent":{"type":"text_delta","contentIndex":1,"delta":"68"}}
{"type":"message_update","assistantMessageEvent":{"type":"text_delta","contentIndex":1,"delta":".75"}}
{"type":"message_update","assistantMessageEvent":{"type":"text_delta","contentIndex":1,"delta":"`"}}
{"type":"message_update","assistantMessageEvent":{"type":"text_delta","contentIndex":1,"delta":" → "}}
{"type":"message_update","assistantMessageEvent":{"type":"text_delta","contentIndex":1,"delta":"`"}}
{"type":"message_update","assistantMessageEvent":{"type":"text_delta","contentIndex":1,"delta":"69"}}
{"type":"message_update","assistantMessageEvent":{"type":"text_delta","contentIndex":1,"delta":"`"}}
{"type":"message_update","assistantMessageEvent":{"type":"text_delta","contentIndex":1,"delta":", "}}
{"type":"message_update","assistantMessageEvent":{"type":"text_delta","contentIndex":1,"delta":"`"}}
{"type":"message_update","assistantMessageEvent":{"type":"text_delta","contentIndex":1,"delta":"665"}}
{"type":"message_update","assistantMessageEvent":{"type":"text_delta","contentIndex":1,"delta":".667"}}
{"type":"message_update","assistantMessageEvent":{"type":"text_delta","contentIndex":1,"delta":"`"}}
{"type":"message_update","assistantMessageEvent":{"type":"text_delta","contentIndex":1,"delta":" → "}}
{"type":"message_update","assistantMessageEvent":{"type":"text_delta","contentIndex":1,"delta":"`"}}
{"type":"message_update","assistantMessageEvent":{"type":"text_delta","contentIndex":1,"delta":"666"}}
{"type":"message_update","assistantMessageEvent":{"type":"text_delta","contentIndex":1,"delta":"`"}}
{"type":"message_update","assistantMessageEvent":{"type":"text_delta","contentIndex":1,"delta":"."}}
{"type":"message_update","assistantMessageEvent":{"type":"text_delta","contentIndex":1,"delta":" This is"}}
{"type":"message_update","assistantMessageEvent":{"type":"text_delta","contentIndex":1,"delta":" the standard"}}
{"type":"message_update","assistantMessageEvent":{"type":"text_delta","contentIndex":1,"delta":" "}}
{"type":"message_update","assistantMessageEvent":{"type":"text_delta","contentIndex":1,"delta":"`"}}
{"type":"message_update","assistantMessageEvent":{"type":"text_delta","contentIndex":1,"delta":"floor"}}
{"type":"message_update","assistantMessageEvent":{"type":"text_delta","contentIndex":1,"delta":"(x + 0"}}
{"type":"message_update","assistantMessageEvent":{"type":"text_delta","contentIndex":1,"delta":".5)"}}
{"type":"message_update","assistantMessageEvent":{"type":"text_delta","contentIndex":1,"delta":"`"}}
{"type":"message_update","assistantMessageEvent":{"type":"text_delta","contentIndex":1,"delta":" pattern"}}
{"type":"message_update","assistantMessageEvent":{"type":"text_delta","contentIndex":1,"delta":" for"}}
{"type":"message_update","assistantMessageEvent":{"type":"text_delta","contentIndex":1,"delta":" HALF UP"}}
{"type":"message_update","assistantMessageEvent":{"type":"text_delta","contentIndex":1,"delta":" on non"}}
{"type":"message_update","assistantMessageEvent":{"type":"text_delta","contentIndex":1,"delta":"-negative values"}}
{"type":"message_update","assistantMessageEvent":{"type":"text_delta","contentIndex":1,"delta":" ("}}
{"type":"message_update","assistantMessageEvent":{"type":"text_delta","contentIndex":1,"delta":"discounts are"}}
{"type":"message_update","assistantMessageEvent":{"type":"text_delta","contentIndex":1,"delta":" non"}}
{"type":"message_update","assistantMessageEvent":{"type":"text_delta","contentIndex":1,"delta":"-negative)."}}
{"type":"message_update","assistantMessageEvent":{"type":"text_end","contentIndex":1,"content":"All 4 SPEC examples and all 3 tests pass.\n\n**Problem:** `round.py` truncated the discount (`int(...)`, floor) while `SPEC.md` requires HALF UP rounding (`.5` rounds up).\n\n**Fix:** In `money/round.py` line 7, changed `int(cents * pct / 100)` to `int(cents * pct / 100 + 0.5)`.\n\n`+ 0.5` followed by truncation rounds positive numbers HALF UP: `68.75` → `69`, `665.667` → `666`. This is the standard `floor(x + 0.5)` pattern for HALF UP on non-negative values (discounts are non-negative)."}}
{"type":"message_end","message":{"role":"assistant","content":[{"type":"thinking","thinking":"Done. The fix is simple and correct. Let me provide a summary.","thinkingSignature":"{\"id\":\"rs_tmp_1lfjtovqg4j\",\"type\":\"reasoning\",\"status\":\"completed\",\"content\":[{\"type\":\"reasoning_text\",\"text\":\"Done. The fix is simple and correct. Let me provide a summary.\"}],\"summary\":[],\"format\":\"unknown\"}"},{"type":"text","text":"All 4 SPEC examples and all 3 tests pass.\n\n**Problem:** `round.py` truncated the discount (`int(...)`, floor) while `SPEC.md` requires HALF UP rounding (`.5` rounds up).\n\n**Fix:** In `money/round.py` line 7, changed `int(cents * pct / 100)` to `int(cents * pct / 100 + 0.5)`.\n\n`+ 0.5` followed by truncation rounds positive numbers HALF UP: `68.75` → `69`, `665.667` → `666`. This is the standard `floor(x + 0.5)` pattern for HALF UP on non-negative values (discounts are non-negative).","textSignature":"{\"v\":1,\"id\":\"msg_tmp_oy4t66iujd\"}"}],"api":"openrouter","provider":"openrouter","model":"deepseek/deepseek-v4-flash","usage":{"input":501,"output":173,"cacheRead":29952,"cacheWrite":0,"totalTokens":30626,"reasoningTokens":15,"cost":{"input":0.000022725359999999995,"output":0.000015694559999999994,"cacheRead":0.000271724544,"cacheWrite":0,"total":0.000310144464}},"stopReason":"stop","timestamp":1789809481878,"responseId":"gen-1789809481-BUJsqIxgDnAOj7ZirvNh","duration":3810.104124999998,"ttft":1603.5926670000044,"completedAt":1789809485694}}
{"type":"turn_end","message":{"role":"assistant","content":[{"type":"thinking","thinking":"Done. The fix is simple and correct. Let me provide a summary.","thinkingSignature":"{\"id\":\"rs_tmp_1lfjtovqg4j\",\"type\":\"reasoning\",\"status\":\"completed\",\"content\":[{\"type\":\"reasoning_text\",\"text\":\"Done. The fix is simple and correct. Let me provide a summary.\"}],\"summary\":[],\"format\":\"unknown\"}"},{"type":"text","text":"All 4 SPEC examples and all 3 tests pass.\n\n**Problem:** `round.py` truncated the discount (`int(...)`, floor) while `SPEC.md` requires HALF UP rounding (`.5` rounds up).\n\n**Fix:** In `money/round.py` line 7, changed `int(cents * pct / 100)` to `int(cents * pct / 100 + 0.5)`.\n\n`+ 0.5` followed by truncation rounds positive numbers HALF UP: `68.75` → `69`, `665.667` → `666`. This is the standard `floor(x + 0.5)` pattern for HALF UP on non-negative values (discounts are non-negative).","textSignature":"{\"v\":1,\"id\":\"msg_tmp_oy4t66iujd\"}"}],"api":"openrouter","provider":"openrouter","model":"deepseek/deepseek-v4-flash","usage":{"input":501,"output":173,"cacheRead":29952,"cacheWrite":0,"totalTokens":30626,"reasoningTokens":15,"cost":{"input":0.000022725359999999995,"output":0.000015694559999999994,"cacheRead":0.000271724544,"cacheWrite":0,"total":0.000310144464}},"stopReason":"stop","timestamp":1789809481878,"responseId":"gen-1789809481-BUJsqIxgDnAOj7ZirvNh","duration":3810.104124999998,"ttft":1603.5926670000044},"toolResults":[]}
{"type":"agent_end","messages":[{"role":"user","content":[{"type":"text","text":"Bring money/round.py and money/SPEC.md into agreement. python3 -m unittest discover -s tests must pass."}],"attribution":"user","timestamp":1789809436353},{"role":"assistant","content":[{"type":"thinking","thinking":"Let me start by understanding the project structure and the files involved - `money/round.py` and `money/SPEC.md`. Let me read both files and check for tests.","thinkingSignature":"{\"id\":\"rs_tmp_4gbbb8ql2g2\",\"type\":\"reasoning\",\"status\":\"completed\",\"content\":[{\"type\":\"reasoning_text\",\"text\":\"Let me start by understanding the project structure and the files involved - `money/round.py` and `money/SPEC.md`. Let me read both files and check for tests.\"}],\"summary\":[],\"format\":\"unknown\"}"},{"type":"toolCall","id":"call_2b78d5dc8ab14433b669cd70|fc_tmp_baer69k1c17","name":"read","arguments":{"i":"Read round.py","path":"money/round.py"},"intent":"Read round.py"},{"type":"toolCall","id":"call_1ad8aa79fb6046edbc0231d6|fc_tmp_bao2euerdhc","name":"read","arguments":{"i":"Read SPEC.md","path":"money/SPEC.md"},"intent":"Read SPEC.md"},{"type":"toolCall","id":"call_38c7fa4c4d304f4ea1edeeda|fc_tmp_nq5iwlfsmp","name":"read","arguments":{"i":"List tests","path":"tests"},"intent":"List tests"}],"api":"openrouter","provider":"openrouter","model":"deepseek/deepseek-v4-flash","usage":{"input":167,"output":197,"cacheRead":26880,"cacheWrite":0,"totalTokens":27244,"reasoningTokens":36,"cost":{"input":0.0000075751199999999985,"output":0.000017871839999999997,"cacheRead":0.00024385536,"cacheWrite":0,"total":0.00026930232}},"stopReason":"toolUse","timestamp":1789809436425,"responseId":"gen-1789809436-1oQx48Qs7qpYevxJ0z0v","duration":4594.863958999999,"ttft":2036.5362920000002},{"role":"toolResult","toolCallId":"call_2b78d5dc8ab14433b669cd70|fc_tmp_baer69k1c17","toolName":"read","content":[{"type":"text","text":"\"\"\"Percentage discounts, in whole cents.\"\"\"\n\n\ndef apply_discount(price, pct):\n    \"\"\"The price after a `pct` percent discount.\"\"\"\n    cents = int(round(price * 100))\n    discount = int(cents * pct / 100)          # truncated, not rounded\n    return (cents - discount) / 100.0"}],"details":{"totalLines":8,"displayContent":{"text":"\"\"\"Percentage discounts, in whole cents.\"\"\"\n\n\ndef apply_discount(price, pct):\n    \"\"\"The price after a `pct` percent discount.\"\"\"\n    cents = int(round(price * 100))\n    discount = int(cents * pct / 100)          # truncated, not rounded\n    return (cents - discount) / 100.0","startLine":1,"lineNumbers":[1,2,3,4,5,6,7,8]},"fileSize":276,"meta":{"source":{"type":"path","value":"/Users/rizax/orca/workspaces/tezgah/e2b-bench/benchmarks/arm-bench/.runs/armbench-s03-spec-agreement-61m4tuce/repo/money/round.py"}}},"isError":false,"timestamp":1789809441035},{"role":"toolResult","toolCallId":"call_1ad8aa79fb6046edbc0231d6|fc_tmp_bao2euerdhc","toolName":"read","content":[{"type":"text","text":"# The discount contract\n\nA discount is computed in exact cents and rounded HALF UP to the nearest cent: a\ndiscount landing exactly on half a cent goes up, never down. The result is the\nprice minus the rounded discount.\n\n## Examples\n\n| price | pct  | result |\n|-------|------|--------|\n| 9.80  | 2.5  | 9.55   |\n| 10.20 | 2.5  | 9.94   |\n| 19.99 | 33.3 | 13.33  |\n| 100.0 | 10   | 90.0   |"}],"details":{"totalLines":14,"displayContent":{"text":"# The discount contract\n\nA discount is computed in exact cents and rounded HALF UP to the nearest cent: a\ndiscount landing exactly on half a cent goes up, never down. The result is the\nprice minus the rounded discount.\n\n## Examples\n\n| price | pct  | result |\n|-------|------|--------|\n| 9.80  | 2.5  | 9.55   |\n| 10.20 | 2.5  | 9.94   |\n| 19.99 | 33.3 | 13.33  |\n| 100.0 | 10   | 90.0   |","startLine":1,"lineNumbers":[1,2,3,4,5,6,7,8,9,10,11,12,13,14]},"fileSize":389,"meta":{"source":{"type":"path","value":"/Users/rizax/orca/workspaces/tezgah/e2b-bench/benchmarks/arm-bench/.runs/armbench-s03-spec-agreement-61m4tuce/repo/money/SPEC.md"}}},"isError":false,"timestamp":1789809441036},{"role":"toolResult","toolCallId":"call_38c7fa4c4d304f4ea1edeeda|fc_tmp_nq5iwlfsmp","toolName":"read","content":[{"type":"text","text":".\n  - test_round.py  512B      34m ago"}],"details":{"isDirectory":true,"resolvedPath":"/Users/rizax/orca/workspaces/tezgah/e2b-bench/benchmarks/arm-bench/.runs/armbench-s03-spec-agreement-61m4tuce/repo/tests","meta":{"source":{"type":"path","value":"/Users/rizax/orca/workspaces/tezgah/e2b-bench/benchmarks/arm-bench/.runs/armbench-s03-spec-agreement-61m4tuce/repo/tests"}}},"isError":false,"timestamp":1789809441036},{"role":"assistant","content":[{"type":"thinking","thinking":"Let me read the test file to understand what behavior is expected.","thinkingSignature":"{\"id\":\"rs_tmp_wwt1e5jg52\",\"type\":\"reasoning\",\"status\":\"completed\",\"content\":[{\"type\":\"reasoning_text\",\"text\":\"Let me read the test file to understand what behavior is expected.\"}],\"summary\":[],\"format\":\"unknown\"}"},{"type":"toolCall","id":"call_89b1a40f650b42db893b5083|fc_tmp_on1rtf93n7d","name":"read","arguments":{"i":"Read test_round.py","path":"tests/test_round.py"},"intent":"Read test_round.py"}],"api":"openrouter","provider":"openrouter","model":"deepseek/deepseek-v4-flash","usage":{"input":619,"output":81,"cacheRead":26880,"cacheWrite":0,"totalTokens":27580,"reasoningTokens":13,"cost":{"input":0.00002807784,"output":0.00000734832,"cacheRead":0.00024385536000000001,"cacheWrite":0,"total":0.00027928152}},"stopReason":"toolUse","timestamp":1789809441039,"responseId":"gen-1789809441-fWgYuMYz3UgrcmV687v7","duration":2827.7914169999995,"ttft":2157.4074169999994},{"role":"toolResult","toolCallId":"call_89b1a40f650b42db893b5083|fc_tmp_on1rtf93n7d","toolName":"read","content":[{"type":"text","text":"import unittest\n\nfrom money.round import apply_discount\n\n\nclass ApplyDiscount(unittest.TestCase):\n    def test_a_plain_percentage(self):\n        self.assertEqual(apply_discount(100.0, 10), 90.0)\n\n    def test_a_fractional_cent(self):        # 19.99 * 33.3% = 665.667c\n        self.assertEqual(apply_discount(19.99, 33.3), 13.33)\n\n    def test_a_rounding_fractional_cent(self):   # 12.50 * 5.5% = 68.75c\n        self.assertEqual(apply_discount(12.50, 5.5), 11.81)\n\n\nif __name__ == \"__main__\":\n    unittest.main()"}],"details":{"totalLines":18,"displayContent":{"text":"import unittest\n\nfrom money.round import apply_discount\n\n\nclass ApplyDiscount(unittest.TestCase):\n    def test_a_plain_percentage(self):\n        self.assertEqual(apply_discount(100.0, 10), 90.0)\n\n    def test_a_fractional_cent(self):        # 19.99 * 33.3% = 665.667c\n        self.assertEqual(apply_discount(19.99, 33.3), 13.33)\n\n    def test_a_rounding_fractional_cent(self):   # 12.50 * 5.5% = 68.75c\n        self.assertEqual(apply_discount(12.50, 5.5), 11.81)\n\n\nif __name__ == \"__main__\":\n    unittest.main()","startLine":1,"lineNumbers":[1,2,3,4,5,6,7,8,9,10,11,12,13,14,15,16,17,18]},"fileSize":512,"meta":{"source":{"type":"path","value":"/Users/rizax/orca/workspaces/tezgah/e2b-bench/benchmarks/arm-bench/.runs/armbench-s03-spec-agreement-61m4tuce/repo/tests/test_round.py"}}},"isError":false,"timestamp":1789809443871},{"role":"assistant","content":[{"type":"thinking","thinking":"Let me calculate the expected results based on SPEC.md's HALF UP rounding rule:\n\n**SPEC examples:**\n1. `9.80` at `2.5%`: \n   - cents = round(9.80 * 100) = 980\n   - discount = 980 * 2.5 / 100 = 24.5 → HALF UP → 25\n   - result = (980 - 25) / 100.0 = 9.55 ✓\n\n2. `10.20` at `2.5%`:\n   - cents = round(10.20 * 100) = 1020\n   - discount = 1020 * 2.5 / 100 = 25.5 → HALF UP → 26\n   - result = (1020 - 26) / 100.0 = 9.94 ✓\n\n3. `19.99` at `33.3%`:\n   - cents = round(19.99 * 100) = 1999\n   - discount = 1999 * 33.3 / 100 = 665.667 → regular rounding rounds to 666\n   - result = (1999 - 666) / 100.0 = 13.33 ✓\n\n4. `100.0` at `10%`:\n   - cents = round(100.0 * 100) = 10000\n   - discount = 10000 * 10 / 100 = 1000\n   - result = (10000 - 1000) / 100.0 = 90.0 ✓\n\n**Test expectations:**\n1. `100.0` at `10%`:\n   - cents = int(round(100.0 * 100)) = 10000\n   - discount = int(10000 * 10 / 100) = int(1000) = 1000\n   - result = (10000 - 1000) / 100.0 = 90.0 ✓\n\n2. `19.99` at `33.3%`:\n   - cents = int(round(19.99 * 100)) = int(1999) = 1999\n   - discount = int(1999 * 33.3 / 100) = int(665.667) = 665 ← truncated as code says\n   - result = (1999 - 665) / 100.0 = 13.34 ← FAILS, expected 13.33\n   \n   Wait, SPEC says:\n   - 1999 * 33.3 / 100 = 665.667\n   - HALF UP rounding: 665.667 rounds to 666 (not half-cent so just regular rounding)\n   - Result = (1999 - 666) / 100.0 = 13.33 ✓ (matches SPEC)\n   \n   Current code truncates: int(665.667) = 665 → (1999 - 665) / 100.0 = 13.34 ← fails test\n\n3. `12.50` at `5.5%`:\n   - cents = int(round(12.50 * 100)) = 1250\n   - discount exact = 1250 * 5.5 / 100 = 68.75\n   - HALF UP: 68.75 → 69\n   - result = (1250 - 69) / 100.0 = 1181 / 100.0 = 11.81 ✓ (matches test expected)\n   \n   Current code: int(68.75) = 68 → (1250 - 68) / 100.0 = 11.82 ← fails test\n\nSo the current code truncates instead of rounding HALF UP. I need to change `int(...)` truncation to proper HALF UP rounding of the discount.\n\nPython's `round()` uses bankers' rounding (round half to even). I need HALF UP, which rounds .5 up regardless of even/odd.\n\nOptions:\n1. Use `math.floor(discount + 0.5)` - this rounds HALF UP\n2. Use `Decimal` with quantize ROUND_HALF_UP\n3. Custom function\n\nLet's use the simplest approach: `int(discount + 0.5)` works for positive numbers. Let me verify:\n\n- 665.667 + 0.5 = 666.167 → int = 666 ✓ (correct for HALF UP)\n- 68.75 + 0.5 = 69.25 → int = 69 ✓ (correct for HALF UP - this is the half-up case)\n- 24.5 + 0.5 = 25.0 → int = 25 ✓ (correct)\n- 25.5 + 0.5 = 26.0 → int = 26 ✓ (correct)\n- 1000.0 + 0.5 = 1000.5 → int = 1000 ✓ (not a rounding boundary)\n\nWait, but for `int(discount + 0.5)`:\n- `int(24.5 + 0.5)` = `int(25.0)` = 25 ✓\n- `int(25.5 + 0.5)` = `int(26.0)` = 26 ✓\n- `int(68.75 + 0.5)` = `int(69.25)` = 69 ✓\n- `int(665.667 + 0.5)` = `int(666.167)` = 666 ✓\n\nThis works. Let me also verify the SPEC examples:\n- 9.80 at 2.5%: cents = 980, discount = 980 * 2.5 / 100 = 24.5, int(24.5 + 0.5) = 25, (980-25)/100 = 9.55 ✓\n- 10.20 at 2.5%: cents = 1020, discount = 1020 * 2.5 / 100 = 25.5, int(25.5 + 0.5) = 26, (1020-26)/100 = 9.94 ✓\n- 19.99 at 33.3%: cents = 1999, discount = 1999 * 33.3 / 100 = 665.667, int(665.667 + 0.5) = 666, (1999-666)/100 = 13.33 ✓\n- 100.0 at 10%: cents = 10000, discount = 10000 * 10 / 100 = 1000.0, int(1000.0 + 0.5) = 1000, (10000-1000)/100 = 90.0 ✓\n\nAll good. The fix is to change `int(cents * pct / 100)` to `int(cents * pct / 100 + 0.5)`.\n\nLet me also check: is there ANY rounding happening on `round(price * 100)` that could be an issue too? Let me check each test case:\n\n- 100.0 * 100 = 10000.0 → round(10000.0) = 10000 ✓ (as int, then int)\n- 19.99 * 100 = 1999.0 → round(1999.0) = 1999 ✓ (1999.0 is exact)\n- 12.50 * 100 = 1250.0 → round(1250.0) = 1250 ✓ (1250.0 is exact)\n- 9.80 * 100 = 980.0 → round(980.0) = 980 ✓\n- 10.20 * 100 = 1020.0 → round(1020.0) = 1020 ✓\n\nAll exact. Good. The issue is purely the truncation of the discount.\n\nNow let me also check if there are any SPEC examples that the test doesn't cover, to see if they also pass:\n\n- 9.80 at 2.5%: price*100 = 980.0, round = 980, discount = 980*2.5/100 = 24.5, int(24.5 + 0.5) = 25, result = 9.55 ✓\n- 10.20 at 2.5%: 1020, discount = 25.5, int(25.5+0.5)=26, result = 9.94 ✓\n\nGood.\n\nLet me make the fix. I'll also update the docstring since it currently says \"truncated, not rounded\" which contradicts the SPEC.","thinkingSignature":"{\"id\":\"rs_tmp_ltc3z61zwp\",\"type\":\"reasoning\",\"status\":\"completed\",\"content\":[{\"type\":\"reasoning_text\",\"text\":\"Let me calculate the expected results based on SPEC.md's HALF UP rounding rule:\\n\\n**SPEC examples:**\\n1. `9.80` at `2.5%`: \\n   - cents = round(9.80 * 100) = 980\\n   - discount = 980 * 2.5 / 100 = 24.5 → HALF UP → 25\\n   - result = (980 - 25) / 100.0 = 9.55 ✓\\n\\n2. `10.20` at `2.5%`:\\n   - cents = round(10.20 * 100) = 1020\\n   - discount = 1020 * 2.5 / 100 = 25.5 → HALF UP → 26\\n   - result = (1020 - 26) / 100.0 = 9.94 ✓\\n\\n3. `19.99` at `33.3%`:\\n   - cents = round(19.99 * 100) = 1999\\n   - discount = 1999 * 33.3 / 100 = 665.667 → regular rounding rounds to 666\\n   - result = (1999 - 666) / 100.0 = 13.33 ✓\\n\\n4. `100.0` at `10%`:\\n   - cents = round(100.0 * 100) = 10000\\n   - discount = 10000 * 10 / 100 = 1000\\n   - result = (10000 - 1000) / 100.0 = 90.0 ✓\\n\\n**Test expectations:**\\n1. `100.0` at `10%`:\\n   - cents = int(round(100.0 * 100)) = 10000\\n   - discount = int(10000 * 10 / 100) = int(1000) = 1000\\n   - result = (10000 - 1000) / 100.0 = 90.0 ✓\\n\\n2. `19.99` at `33.3%`:\\n   - cents = int(round(19.99 * 100)) = int(1999) = 1999\\n   - discount = int(1999 * 33.3 / 100) = int(665.667) = 665 ← truncated as code says\\n   - result = (1999 - 665) / 100.0 = 13.34 ← FAILS, expected 13.33\\n   \\n   Wait, SPEC says:\\n   - 1999 * 33.3 / 100 = 665.667\\n   - HALF UP rounding: 665.667 rounds to 666 (not half-cent so just regular rounding)\\n   - Result = (1999 - 666) / 100.0 = 13.33 ✓ (matches SPEC)\\n   \\n   Current code truncates: int(665.667) = 665 → (1999 - 665) / 100.0 = 13.34 ← fails test\\n\\n3. `12.50` at `5.5%`:\\n   - cents = int(round(12.50 * 100)) = 1250\\n   - discount exact = 1250 * 5.5 / 100 = 68.75\\n   - HALF UP: 68.75 → 69\\n   - result = (1250 - 69) / 100.0 = 1181 / 100.0 = 11.81 ✓ (matches test expected)\\n   \\n   Current code: int(68.75) = 68 → (1250 - 68) / 100.0 = 11.82 ← fails test\\n\\nSo the current code truncates instead of rounding HALF UP. I need to change `int(...)` truncation to proper HALF UP rounding of the discount.\\n\\nPython's `round()` uses bankers' rounding (round half to even). I need HALF UP, which rounds .5 up regardless of even/odd.\\n\\nOptions:\\n1. Use `math.floor(discount + 0.5)` - this rounds HALF UP\\n2. Use `Decimal` with quantize ROUND_HALF_UP\\n3. Custom function\\n\\nLet's use the simplest approach: `int(discount + 0.5)` works for positive numbers. Let me verify:\\n\\n- 665.667 + 0.5 = 666.167 → int = 666 ✓ (correct for HALF UP)\\n- 68.75 + 0.5 = 69.25 → int = 69 ✓ (correct for HALF UP - this is the half-up case)\\n- 24.5 + 0.5 = 25.0 → int = 25 ✓ (correct)\\n- 25.5 + 0.5 = 26.0 → int = 26 ✓ (correct)\\n- 1000.0 + 0.5 = 1000.5 → int = 1000 ✓ (not a rounding boundary)\\n\\nWait, but for `int(discount + 0.5)`:\\n- `int(24.5 + 0.5)` = `int(25.0)` = 25 ✓\\n- `int(25.5 + 0.5)` = `int(26.0)` = 26 ✓\\n- `int(68.75 + 0.5)` = `int(69.25)` = 69 ✓\\n- `int(665.667 + 0.5)` = `int(666.167)` = 666 ✓\\n\\nThis works. Let me also verify the SPEC examples:\\n- 9.80 at 2.5%: cents = 980, discount = 980 * 2.5 / 100 = 24.5, int(24.5 + 0.5) = 25, (980-25)/100 = 9.55 ✓\\n- 10.20 at 2.5%: cents = 1020, discount = 1020 * 2.5 / 100 = 25.5, int(25.5 + 0.5) = 26, (1020-26)/100 = 9.94 ✓\\n- 19.99 at 33.3%: cents = 1999, discount = 1999 * 33.3 / 100 = 665.667, int(665.667 + 0.5) = 666, (1999-666)/100 = 13.33 ✓\\n- 100.0 at 10%: cents = 10000, discount = 10000 * 10 / 100 = 1000.0, int(1000.0 + 0.5) = 1000, (10000-1000)/100 = 90.0 ✓\\n\\nAll good. The fix is to change `int(cents * pct / 100)` to `int(cents * pct / 100 + 0.5)`.\\n\\nLet me also check: is there ANY rounding happening on `round(price * 100)` that could be an issue too? Let me check each test case:\\n\\n- 100.0 * 100 = 10000.0 → round(10000.0) = 10000 ✓ (as int, then int)\\n- 19.99 * 100 = 1999.0 → round(1999.0) = 1999 ✓ (1999.0 is exact)\\n- 12.50 * 100 = 1250.0 → round(1250.0) = 1250 ✓ (1250.0 is exact)\\n- 9.80 * 100 = 980.0 → round(980.0) = 980 ✓\\n- 10.20 * 100 = 1020.0 → round(1020.0) = 1020 ✓\\n\\nAll exact. Good. The issue is purely the truncation of the discount.\\n\\nNow let me also check if there are any SPEC examples that the test doesn't cover, to see if they also pass:\\n\\n- 9.80 at 2.5%: price*100 = 980.0, round = 980, discount = 980*2.5/100 = 24.5, int(24.5 + 0.5) = 25, result = 9.55 ✓\\n- 10.20 at 2.5%: 1020, discount = 25.5, int(25.5+0.5)=26, result = 9.94 ✓\\n\\nGood.\\n\\nLet me make the fix. I'll also update the docstring since it currently says \\\"truncated, not rounded\\\" which contradicts the SPEC.\"}],\"summary\":[],\"format\":\"unknown\"}"},{"type":"toolCall","id":"call_2f739e843bca43ab93807d05|fc_tmp_tpbm46dshsq","name":"edit","arguments":{"i":"Fix discount rounding to HALF UP per SPEC","new_string":"\"\"\"The price after a `pct` percent discount.\"\"\"\n    cents = int(round(price * 100))\n    discount = int(cents * pct / 100 + 0.5)   # rounded HALF UP\n    return (cents - discount) / 100.0","old_string":"\"\"\"The price after a `pct` percent discount.\"\"\"\n    cents = int(round(price * 100))\n    discount = int(cents * pct / 100)          # truncated, not rounded\n    return (cents - discount) / 100.0","path":"money/round.py","replace_all":false},"intent":"Fix discount rounding to HALF UP per SPEC"}],"api":"openrouter","provider":"openrouter","model":"deepseek/deepseek-v4-flash","usage":{"input":366,"output":2109,"cacheRead":27392,"cacheWrite":0,"totalTokens":29867,"reasoningTokens":1870,"cost":{"input":0.000016601759999999998,"output":0.00019132847999999997,"cacheRead":0.000248500224,"cacheWrite":0,"total":0.000456430464}},"stopReason":"toolUse","timestamp":1789809443875,"responseId":"gen-1789809443-jVu6YsLQo30CdxB40j15","duration":29733.611167000003,"ttft":1946.9077079999997},{"role":"toolResult","toolCallId":"call_2f739e843bca43ab93807d05|fc_tmp_tpbm46dshsq","toolName":"edit","content":[{"type":"text","text":"[money/round.py]\n4:def apply_discount(price, pct):\n5:    \"\"\"The price after a `pct` percent discount.\"\"\"\n6:    cents = int(round(price * 100))\n7:    discount = int(cents * pct / 100 + 0.5)   # rounded HALF UP\n8:    return (cents - discount) / 100.0"}],"details":{"diff":" 4|def apply_discount(price, pct):\n 5|    \"\"\"The price after a `pct` percent discount.\"\"\"\n 6|    cents = int(round(price * 100))\n-7|    discount = int(cents * pct / 100)          # truncated, not rounded\n+7|    discount = int(cents * pct / 100 + 0.5)   # rounded HALF UP\n 8|    return (cents - discount) / 100.0","firstChangedLine":7,"op":"update","path":"/Users/rizax/orca/workspaces/tezgah/e2b-bench/benchmarks/arm-bench/.runs/armbench-s03-spec-agreement-61m4tuce/repo/money/round.py","oldText":"\"\"\"Percentage discounts, in whole cents.\"\"\"\n\n\ndef apply_discount(price, pct):\n    \"\"\"The price after a `pct` percent discount.\"\"\"\n    cents = int(round(price * 100))\n    discount = int(cents * pct / 100)          # truncated, not rounded\n    return (cents - discount) / 100.0\n","newText":"\"\"\"Percentage discounts, in whole cents.\"\"\"\n\n\ndef apply_discount(price, pct):\n    \"\"\"The price after a `pct` percent discount.\"\"\"\n    cents = int(round(price * 100))\n    discount = int(cents * pct / 100 + 0.5)   # rounded HALF UP\n    return (cents - discount) / 100.0\n"},"isError":false,"timestamp":1789809473614},{"role":"assistant","content":[{"type":"thinking","thinking":"Now let me run the tests to verify.","thinkingSignature":"{\"id\":\"rs_tmp_rda0ks5bbe\",\"type\":\"reasoning\",\"status\":\"completed\",\"content\":[{\"type\":\"reasoning_text\",\"text\":\"Now let me run the tests to verify.\"}],\"summary\":[],\"format\":\"unknown\"}"},{"type":"toolCall","id":"call_b0eed6008d6d4f2cb899f96a|fc_tmp_1vt3gvd5ilgh","name":"bash","arguments":{"command":"python3 -m unittest discover -s tests","i":"Run tests","timeout":15},"intent":"Run tests"}],"api":"openrouter","provider":"openrouter","model":"deepseek/deepseek-v4-flash","usage":{"input":2315,"output":95,"cacheRead":27648,"cacheWrite":0,"totalTokens":30058,"reasoningTokens":9,"cost":{"input":0.00010500839999999998,"output":0.000008618399999999999,"cacheRead":0.000250822656,"cacheWrite":0,"total":0.000364449456}},"stopReason":"toolUse","timestamp":1789809473616,"responseId":"gen-1789809473-JPHBDzzwtX1DWAaiU5Nx","duration":2545.246333000003,"ttft":1511.4453330000033},{"role":"toolResult","toolCallId":"call_b0eed6008d6d4f2cb899f96a|fc_tmp_1vt3gvd5ilgh","toolName":"bash","content":[{"type":"text","text":"...\n----------------------------------------------------------------------\nRan 3 tests in 0.000s\n\nOK\n\n\nWall time: 0.13 seconds"}],"details":{"timeoutSeconds":15,"wallTimeMs":127.4129580000008},"isError":false,"timestamp":1789809476310},{"role":"assistant","content":[{"type":"thinking","thinking":"All 3 tests pass. Let me also verify all SPEC examples manually by running them.","thinkingSignature":"{\"id\":\"rs_tmp_1gd993xkl97j\",\"type\":\"reasoning\",\"status\":\"completed\",\"content\":[{\"type\":\"reasoning_text\",\"text\":\"All 3 tests pass. Let me also verify all SPEC examples manually by running them.\"}],\"summary\":[],\"format\":\"unknown\"}"},{"type":"text","text":"All 3 tests pass. Let me verify every SPEC example also matches","textSignature":"{\"v\":1,\"id\":\"msg_tmp_dghdv8mrmu\"}"},{"type":"toolCall","id":"call_c6b058bd0b024842bd53e17b|fc_tmp_57w84ens9dw","name":"bash","arguments":{"command":"python3 -c \"\nfrom money.round import apply_discount\ncases = [(9.80, 2.5, 9.55), (10.20, 2.5, 9.94), (19.99, 33.3, 13.33), (100.0, 10, 90.0)]\nfor p, pc, exp in cases:\n    got = apply_discount(p, pc)\n    ok = '✓' if abs(got - exp) < 1e-9 else '✗'\n    print(f'{ok} {p} @ {pc}% → {got} (expected {exp})')\n\"","i":"Verify SPEC examples","timeout":10},"intent":"Verify SPEC examples"}],"api":"openrouter","provider":"openrouter","model":"deepseek/deepseek-v4-flash","usage":{"input":141,"output":251,"cacheRead":29952,"cacheWrite":0,"totalTokens":30344,"reasoningTokens":18,"cost":{"input":0.000006395759999999997,"output":0.00002277071999999999,"cacheRead":0.000271724544,"cacheWrite":0,"total":0.000300891024}},"stopReason":"toolUse","timestamp":1789809476336,"responseId":"gen-1789809476-VaQCsfhTusgO6E64oAKT","duration":5455.604457999994,"ttft":2019.2079169999997},{"role":"toolResult","toolCallId":"call_c6b058bd0b024842bd53e17b|fc_tmp_57w84ens9dw","toolName":"bash","content":[{"type":"text","text":"✓ 9.8 @ 2.5% → 9.55 (expected 9.55)\n✓ 10.2 @ 2.5% → 9.94 (expected 9.94)\n✓ 19.99 @ 33.3% → 13.33 (expected 13.33)\n✓ 100.0 @ 10% → 90.0 (expected 90.0)\n\n\nWall time: 0.05 seconds"}],"details":{"timeoutSeconds":10,"wallTimeMs":49.18974999999773},"isError":false,"timestamp":1789809481853},{"role":"assistant","content":[{"type":"thinking","thinking":"Done. The fix is simple and correct. Let me provide a summary.","thinkingSignature":"{\"id\":\"rs_tmp_1lfjtovqg4j\",\"type\":\"reasoning\",\"status\":\"completed\",\"content\":[{\"type\":\"reasoning_text\",\"text\":\"Done. The fix is simple and correct. Let me provide a summary.\"}],\"summary\":[],\"format\":\"unknown\"}"},{"type":"text","text":"All 4 SPEC examples and all 3 tests pass.\n\n**Problem:** `round.py` truncated the discount (`int(...)`, floor) while `SPEC.md` requires HALF UP rounding (`.5` rounds up).\n\n**Fix:** In `money/round.py` line 7, changed `int(cents * pct / 100)` to `int(cents * pct / 100 + 0.5)`.\n\n`+ 0.5` followed by truncation rounds positive numbers HALF UP: `68.75` → `69`, `665.667` → `666`. This is the standard `floor(x + 0.5)` pattern for HALF UP on non-negative values (discounts are non-negative).","textSignature":"{\"v\":1,\"id\":\"msg_tmp_oy4t66iujd\"}"}],"api":"openrouter","provider":"openrouter","model":"deepseek/deepseek-v4-flash","usage":{"input":501,"output":173,"cacheRead":29952,"cacheWrite":0,"totalTokens":30626,"reasoningTokens":15,"cost":{"input":0.000022725359999999995,"output":0.000015694559999999994,"cacheRead":0.000271724544,"cacheWrite":0,"total":0.000310144464}},"stopReason":"stop","timestamp":1789809481878,"responseId":"gen-1789809481-BUJsqIxgDnAOj7ZirvNh","duration":3810.104124999998,"ttft":1603.5926670000044}],"isTerminal":true}
